#
# There is insufficient memory for the Java Runtime Environment to continue.
# Native memory allocation (malloc) failed to allocate 5635160 bytes. Error detail: Chunk::new
# Possible reasons:
#   The system is out of physical RAM or swap space
#   This process is running with CompressedOops enabled, and the Java Heap may be blocking the growth of the native heap
# Possible solutions:
#   Reduce memory load on the system
#   Increase physical memory or swap space
#   Check if swap backing store is full
#   Decrease Java heap size (-Xmx/-Xms)
#   Decrease number of Java threads
#   Decrease Java thread stack sizes (-Xss)
#   Set larger code cache with -XX:ReservedCodeCacheSize=
#   JVM is running with Zero Based Compressed Oops mode in which the Java heap is
#     placed in the first 32GB address space. The Java Heap base address is the
#     maximum limit for the native heap growth. Please use -XX:HeapBaseMinAddress
#     to set the Java Heap base and to place the Java Heap above 32GB virtual address.
# This output file may be truncated or incomplete.
#
#  Out of Memory Error (arena.cpp:186), pid=29980, tid=22708
#
# JRE version: Java(TM) SE Runtime Environment (25.0.2+10) (build 25.0.2+10-LTS-69)
# Java VM: Java HotSpot(TM) 64-Bit Server VM (25.0.2+10-LTS-69, mixed mode, sharing, tiered, compressed oops, compressed class ptrs, g1 gc, windows-amd64)
# No core dump will be written. Minidumps are not enabled by default on client versions of Windows
#

---------------  S U M M A R Y ------------

Command Line: -Xms1G -Xmx16G -Dorg.bukkit.plugin.java.LibraryLoader.centralURL=https://maven.aliyun.com/repository/central D:\Minecraft\∑˛ŒÒ∆˜\26.2\paper-26.2-121.jar

Host: Intel(R) Core(TM) i7-14650HX, 24 cores, 63G,  Windows 11 , 64 bit Build 26100 (10.0.26100.9168)
Time: Thu Sep 10 20:14:13 2026 elapsed time: 4577.635047 seconds (0d 1h 16m 17s)

---------------  T H R E A D  ---------------

Current thread (0x000002245c820ad0):  JavaThread "C2 CompilerThread0" daemon [_thread_in_native, id=22708, stack(0x000000435e700000,0x000000435e800000) (1024K)]


Current CompileTask:
C2:4577635 84616       4       java.awt.geom.Area::pathToCurves (292 bytes)

Stack: [0x000000435e700000,0x000000435e800000]
Native frames: (J=compiled Java code, j=interpreted, Vv=VM code, C=native code)
V  [jvm.dll+0x7a70f9]  (no source info available)
V  [jvm.dll+0x772d6d]  (no source info available)
V  [jvm.dll+0x965d53]  (no source info available)
V  [jvm.dll+0x968351]  (no source info available)
V  [jvm.dll+0x968a63]  (no source info available)
V  [jvm.dll+0x2fc846]  (no source info available)
V  [jvm.dll+0x111b16]  (no source info available)
V  [jvm.dll+0x111e3e]  (no source info available)
V  [jvm.dll+0x1a0872]  (no source info available)
V  [jvm.dll+0x3b54c2]  (no source info available)
V  [jvm.dll+0x7aca8f]  (no source info available)
V  [jvm.dll+0x2c0b97]  (no source info available)
V  [jvm.dll+0x2bfb5f]  (no source info available)
V  [jvm.dll+0x2379a0]  (no source info available)
V  [jvm.dll+0x2cfc86]  (no source info available)
V  [jvm.dll+0x2cdf05]  (no source info available)
V  [jvm.dll+0x48e9d1]  (no source info available)
V  [jvm.dll+0x906fcd]  (no source info available)
V  [jvm.dll+0x7a56d5]  (no source info available)
C  [ucrtbase.dll+0x2cd30]  (no source info available)
C  [KERNEL32.DLL+0x2ccb7]  (no source info available)
C  [ntdll.dll+0xaad6c]  (no source info available)

Lock stack of current Java thread (top to bottom):


---------------  P R O C E S S  ---------------

Threads class SMR info:
_java_thread_list=0x000002240e3b7970, length=329, elements={
0x000002245c810af0, 0x000002245c811400, 0x000002245c8147c0, 0x000002245c819010,
0x000002245c81d010, 0x000002245c81dbd0, 0x000002245c820ad0, 0x000002245c847bf0,
0x000002245c84d7a0, 0x000002245fcbf1c0, 0x000002242da61e90, 0x0000022464ea1c60,
0x00000224675a9030, 0x000002246456f8c0, 0x0000022468de0f80, 0x0000022468cd8a60,
0x0000022468cdd880, 0x0000022468cde820, 0x0000022464571030, 0x0000022464571800,
0x000002246456f0f0, 0x0000022468de1750, 0x0000022464f62520, 0x000002246a47c720,
0x000002246a47de90, 0x000002246a481d10, 0x000002245c82a560, 0x000002246a47b780,
0x00000224651a0c10, 0x00000224651a2380, 0x00000224651a3af0, 0x00000224651a0440,
0x000002246f935f50, 0x000002246f938e30, 0x000002246f939600, 0x000002246f936ef0,
0x000002246f939dd0, 0x000002246f936720, 0x000002246f93c4e0, 0x000002246f93ebf0,
0x000002246f9422a0, 0x000002246f943240, 0x000002246f941300, 0x00000224704bad80,
0x0000022470d6c500, 0x0000022470d6ccd0, 0x0000022470d70380, 0x0000022470d70b50,
0x0000022470d71320, 0x0000022470d6f3e0, 0x0000022470d6ec10, 0x0000022470d749d0,
0x0000022470d76140, 0x0000022470d75970, 0x0000022470d73260, 0x0000022470d6b560,
0x0000022470d78850, 0x0000022470d83430, 0x0000022470d82490, 0x0000022470d85370,
0x00000224651a69d0, 0x0000022470317c90, 0x0000022470318460, 0x0000022470316520,
0x000002247031ab70, 0x000002247031e220, 0x000002247031f990, 0x000002247031cab0,
0x0000022470321100, 0x0000022470323fe0, 0x00000224703266f0, 0x000002247031a3a0,
0x00000224703247b0, 0x0000022470329da0, 0x0000022470327e60, 0x0000022470328630,
0x00000224703341b0, 0x0000022470334980, 0x00000224704bbd20, 0x000002246f93ccb0,
0x0000022468cd8290, 0x000002240834d3c0, 0x000002240834eb30, 0x0000022408351a10,
0x000002240834f300, 0x0000022408353180, 0x000002240834c420, 0x0000022408351240,
0x00000224083550c0, 0x0000022408357fa0, 0x000002240835a6b0, 0x0000022408353950,
0x000002240835be20, 0x000002240835d590, 0x000002240835f4d0, 0x0000022408361be0,
0x00000224083623b0, 0x0000022408364ac0, 0x0000022408366230, 0x00000224083642f0,
0x0000022408361410, 0x00000224704c3250, 0x00000224704c0370, 0x00000224704c49c0,
0x000002247032e3f0, 0x000002247032c4b0, 0x000002247031b340, 0x0000022470333210,
0x0000022470331aa0, 0x0000022468ddf040, 0x0000022468de26f0, 0x0000022468de07b0,
0x0000022468de3690, 0x0000022468de3e60, 0x0000022468de4630, 0x0000022468de4e00,
0x0000022468de5da0, 0x0000022468de55d0, 0x000002246a479840, 0x000002246a47bf50,
0x000002246a47a010, 0x000002246a480d70, 0x00000224083671d0, 0x000002246456e920,
0x000002246f9441e0, 0x000002240ed5ca80, 0x000002240ed64780, 0x000002240ed67e30,
0x000002240ed695a0, 0x000002240ed67660, 0x000002240ed6c480, 0x000002240ed70300,
0x000002240ed74180, 0x000002240ed72a10, 0x000002240ed739b0, 0x000002240ed71a70,
0x000002240ed758f0, 0x000002240ed70ad0, 0x000002240ed76890, 0x000002240ed77060,
0x000002240ed65720, 0x000002240ed78000, 0x0000022408354120, 0x0000022408359ee0,
0x00000224703218d0, 0x0000022470332270, 0x0000022464f5d700, 0x000002240ed79770,
0x000002245ff29df0, 0x000002240834bc50, 0x0000022407f618c0, 0x0000022407f610f0,
0x0000022407f67680, 0x0000022407f67e50, 0x0000022407f647a0, 0x0000022407f68620,
0x0000022407f68df0, 0x0000022407f65740, 0x0000022407f69d90, 0x0000022407f6c4a0,
0x0000022407f695c0, 0x0000022407f6cc70, 0x0000022407f6a560, 0x0000022407f70af0,
0x0000022407f72260, 0x0000022407f71a90, 0x0000022407f787f0, 0x0000022407f77080,
0x0000022407f77850, 0x0000022407f760e0, 0x0000022407f79f60, 0x0000022407f7af00,
0x0000022407f7b6d0, 0x0000022407f7bea0, 0x0000022407f7ce40, 0x0000022407f7e5b0,
0x000002240ed618a0, 0x000002240ed6d420, 0x0000022470318c30, 0x00000224703312d0,
0x00000224083698e0, 0x0000022468cd9230, 0x000002246f93d480, 0x000002245ff29620,
0x000002240f501400, 0x000002240f500460, 0x000002240f507990, 0x000002240f5069f0,
0x000002240f5042e0, 0x000002240f509100, 0x000002240f50a0a0, 0x000002240f503340,
0x000002240f50b810, 0x000002240f50cf80, 0x000002240f50bfe0, 0x000002240f510630,
0x000002240f510e00, 0x000002240f50eec0, 0x000002240f513ce0, 0x000002240f511da0,
0x000002240f515450, 0x000002240f51c980, 0x000002240f51b9e0, 0x000002240ed60130,
0x000002240ed712a0, 0x000002240f503b10, 0x000002240f50e6f0, 0x000002240f516bc0,
0x000002240f51e0f0, 0x000002240ed60900, 0x000002240834e360, 0x000002240d32da70,
0x000002240d335770, 0x000002240d338650, 0x000002240d338e20, 0x000002240d3395f0,
0x000002240d339dc0, 0x000002240d33ebe0, 0x000002240d33f3b0, 0x000002240d340350,
0x000002240d343230, 0x000002240d348050, 0x000002240d3470b0, 0x000002240d32bb30,
0x000002240d33c4d0, 0x000002240d312cc0, 0x000002240d313c60, 0x000002240d3124f0,
0x000002240d31c130, 0x000002240d31a1f0, 0x000002240d3226c0, 0x000002240d321720,
0x00000224704c22b0, 0x0000022407f60150, 0x0000022407f6fb50, 0x000002240f4ffc90,
0x000002240f51f090, 0x000002245ff2a5c0, 0x0000022464f5e6a0, 0x00000224151c6bf0,
0x00000224151c7b90, 0x00000224151ca2a0, 0x00000224151d0060, 0x00000224151d1000,
0x00000224151ce8f0, 0x00000224151d17d0, 0x00000224151ce120, 0x00000224151d5650,
0x00000224151d3ee0, 0x00000224151d2770, 0x00000224151d9ca0, 0x00000224151d8d00,
0x00000224151df290, 0x00000224151de2f0, 0x00000224151deac0, 0x00000224151e2940,
0x00000224151e19a0, 0x00000224151a7fc0, 0x00000224151a9730, 0x00000224151a9f00,
0x00000224151ad5b0, 0x00000224151acde0, 0x000002240d30fde0, 0x00000224704bd490,
0x000002240ed63010, 0x00000224151c9ad0, 0x00000224151a6850, 0x00000224704c5960,
0x00000224083577d0, 0x0000022464f605e0, 0x0000022470330330, 0x000002241e07fa90,
0x000002241e0821a0, 0x000002241e0a4c50, 0x000002241e0a0dd0, 0x000002241e0aa240,
0x000002241e0a7360, 0x000002241e0ab1e0, 0x000002241e0a7b30, 0x000002241e0ae0c0,
0x000002241e0af830, 0x000002241e0b2710, 0x000002241e0b2ee0, 0x000002241e0b3e80,
0x000002241e0b07d0, 0x000002241e0b55f0, 0x000002241e0b5dc0, 0x000002241e0b4650,
0x000002241e0b8ca0, 0x000002241e0ba410, 0x000002246955c010, 0x000002246f3dd210,
0x000002241628b0c0, 0x000002241628c060, 0x000002241628c830, 0x000002240de80ec0,
0x000002240de81690, 0x0000022415f1b050, 0x00000224080533a0, 0x000002240fda27d0,
0x00000224079de360, 0x000002240e27cb60, 0x000002246470c540, 0x000002241bca5080,
0x0000022469fe0370, 0x00000224143d8390, 0x00000224690187d0, 0x0000022464709660,
0x000002247950ea40, 0x0000022464b85fa0, 0x00000224143d8b60, 0x000002240fc60ed0,
0x000002245fe1b550, 0x000002245fe1d490, 0x000002240807c490, 0x0000022464b86f40,
0x0000022469fdec00, 0x0000022464542000, 0x0000022424aa0970, 0x000002240fc60700,
0x000002246a5d5f10, 0x000002246a5d66e0, 0x000002241dc211e0, 0x000002246a5d5740,
0x000002240fc5f760, 0x000002240fc5ef90, 0x0000022469016890, 0x000002240eae9060,
0x0000022469017060
}

Java Threads: ( => current thread )
  0x000002245c810af0 JavaThread "Reference Handler"          daemon [_thread_blocked, id=29540, stack(0x000000435e100000,0x000000435e200000) (1024K)]
  0x000002245c811400 JavaThread "Finalizer"                  daemon [_thread_blocked, id=30140, stack(0x000000435e200000,0x000000435e300000) (1024K)]
  0x000002245c8147c0 JavaThread "Signal Dispatcher"          daemon [_thread_blocked, id=28736, stack(0x000000435e300000,0x000000435e400000) (1024K)]
  0x000002245c819010 JavaThread "Attach Listener"            daemon [_thread_blocked, id=30088, stack(0x000000435e400000,0x000000435e500000) (1024K)]
  0x000002245c81d010 JavaThread "Service Thread"             daemon [_thread_blocked, id=30192, stack(0x000000435e500000,0x000000435e600000) (1024K)]
  0x000002245c81dbd0 JavaThread "Monitor Deflation Thread"   daemon [_thread_blocked, id=30080, stack(0x000000435e600000,0x000000435e700000) (1024K)]
=>0x000002245c820ad0 JavaThread "C2 CompilerThread0"         daemon [_thread_in_native, id=22708, stack(0x000000435e700000,0x000000435e800000) (1024K)]
  0x000002245c847bf0 JavaThread "C1 CompilerThread0"         daemon [_thread_blocked, id=30120, stack(0x000000435e800000,0x000000435e900000) (1024K)]
  0x000002245c84d7a0 JavaThread "Notification Thread"        daemon [_thread_blocked, id=30504, stack(0x000000435e900000,0x000000435ea00000) (1024K)]
  0x000002245fcbf1c0 JavaThread "Common-Cleaner"             daemon [_thread_blocked, id=29776, stack(0x000000435eb00000,0x000000435ec00000) (1024K)]
  0x000002242da61e90 JavaThread "DestroyJavaVM"                     [_thread_blocked, id=30276, stack(0x000000435d900000,0x000000435da00000) (1024K)]
  0x0000022464ea1c60 JavaThread "Log4j2-AsyncAppenderEventDispatcher-1-Async" daemon [_thread_blocked, id=2836, stack(0x0000004360300000,0x0000004360400000) (1024K)]
  0x00000224675a9030 JavaThread "JNA Cleaner"                daemon [_thread_blocked, id=31356, stack(0x0000004360400000,0x0000004360500000) (1024K)]
  0x000002246456f8c0 JavaThread "Timer hack thread"          daemon [_thread_blocked, id=22468, stack(0x0000004362800000,0x0000004362900000) (1024K)]
  0x0000022468de0f80 JavaThread "Yggdrasil Key Fetcher"      daemon [_thread_blocked, id=12048, stack(0x0000004362900000,0x0000004362a00000) (1024K)]
  0x0000022468cd8a60 JavaThread "PaperFilledProfileCache-cleanup-0" daemon [_thread_blocked, id=15276, stack(0x0000004362a00000,0x0000004362b00000) (1024K)]
  0x0000022468cdd880 JavaThread "Worker-Main-1"              daemon [_thread_blocked, id=30516, stack(0x0000004362500000,0x0000004362600000) (1024K)]
  0x0000022468cde820 JavaThread "Worker-Main-2"              daemon [_thread_blocked, id=31396, stack(0x0000004362700000,0x0000004362800000) (1024K)]
  0x0000022464571030 JavaThread "Worker-Main-3"              daemon [_thread_blocked, id=31312, stack(0x0000004362b00000,0x0000004362c00000) (1024K)]
  0x0000022464571800 JavaThread "Worker-Main-4"              daemon [_thread_blocked, id=31400, stack(0x0000004362c00000,0x0000004362d00000) (1024K)]
  0x000002246456f0f0 JavaThread "Worker-Main-5"              daemon [_thread_blocked, id=31332, stack(0x0000004362d00000,0x0000004362e00000) (1024K)]
  0x0000022468de1750 JavaThread "Worker-Main-6"              daemon [_thread_blocked, id=31304, stack(0x0000004362e00000,0x0000004362f00000) (1024K)]
  0x0000022464f62520 JavaThread "Worker-Main-7"              daemon [_thread_blocked, id=14552, stack(0x0000004362f00000,0x0000004363000000) (1024K)]
  0x000002246a47c720 JavaThread "Worker-Main-8"              daemon [_thread_blocked, id=14532, stack(0x0000004363000000,0x0000004363100000) (1024K)]
  0x000002246a47de90 JavaThread "Java2D Disposer"            daemon [_thread_blocked, id=26028, stack(0x0000004360200000,0x0000004360300000) (1024K)]
  0x000002246a481d10 JavaThread "AWT-Windows"                daemon [_thread_in_native, id=19876, stack(0x0000004360d00000,0x0000004360e00000) (1024K)]
  0x000002245c82a560 JavaThread "AWT-Shutdown"                      [_thread_blocked, id=30164, stack(0x0000004360c00000,0x0000004360d00000) (1024K)]
  0x000002246a47b780 JavaThread "AWT-EventQueue-0"                  [_thread_blocked, id=31732, stack(0x0000004363200000,0x0000004363300000) (1024K)]
  0x00000224651a0c10 JavaThread "TimerQueue"                 daemon [_thread_blocked, id=3372, stack(0x0000004363300000,0x0000004363400000) (1024K)]
  0x00000224651a2380 JavaThread "D3D Screen Updater"         daemon [_thread_blocked, id=21760, stack(0x0000004363400000,0x0000004363500000) (1024K)]
  0x00000224651a3af0 JavaThread "Server log monitor"         daemon [_thread_blocked, id=19744, stack(0x0000004363500000,0x0000004363600000) (1024K)]
  0x00000224651a0440 JavaThread "Server thread"                     [_thread_in_native, id=25792, stack(0x0000004363600000,0x0000004363700000) (1024K)]
  0x000002246f935f50 JavaThread "Paper Common Worker #0"     daemon [_thread_blocked, id=24712, stack(0x0000004363d00000,0x0000004363e00000) (1024K)]
  0x000002246f938e30 JavaThread "Paper Common Worker #1"     daemon [_thread_blocked, id=18052, stack(0x0000004363e00000,0x0000004363f00000) (1024K)]
  0x000002246f939600 JavaThread "Paper Common Worker #2"     daemon [_thread_blocked, id=30480, stack(0x0000004363f00000,0x0000004364000000) (1024K)]
  0x000002246f936ef0 JavaThread "Paper Common Worker #3"     daemon [_thread_blocked, id=4084, stack(0x0000004364000000,0x0000004364100000) (1024K)]
  0x000002246f939dd0 JavaThread "Paper Common Worker #4"     daemon [_thread_blocked, id=24696, stack(0x0000004364100000,0x0000004364200000) (1024K)]
  0x000002246f936720 JavaThread "Paper Common Worker #5"     daemon [_thread_blocked, id=30864, stack(0x0000004364200000,0x0000004364300000) (1024K)]
  0x000002246f93c4e0 JavaThread "Paper I/O Worker #0"        daemon [_thread_blocked, id=18760, stack(0x0000004364300000,0x0000004364400000) (1024K)]
  0x000002246f93ebf0 JavaThread "Paper Watchdog Thread"             [_thread_blocked, id=25848, stack(0x0000004364400000,0x0000004364500000) (1024K)]
  0x000002246f9422a0 JavaThread "pool-8-thread-1"                   [_thread_blocked, id=20924, stack(0x0000004364500000,0x0000004364600000) (1024K)]
  0x000002246f943240 JavaThread "Netty NIO IO #0"            daemon [_thread_in_native, id=7472, stack(0x0000004364900000,0x0000004364a00000) (1024K)]
  0x000002246f941300 JavaThread "HttpClient-1-SelectorManager" daemon [_thread_in_native, id=9812, stack(0x0000004364800000,0x0000004364900000) (1024K)]
  0x00000224704bad80 JavaThread "HttpClient-2-SelectorManager" daemon [_thread_in_native, id=17200, stack(0x0000004364a00000,0x0000004364b00000) (1024K)]
  0x0000022470d6c500 JavaThread "luckperms-worker-0"         daemon [_thread_blocked, id=19904, stack(0x0000004365100000,0x0000004365200000) (1024K)]
  0x0000022470d6ccd0 JavaThread "luckperms-worker-1"         daemon [_thread_blocked, id=19900, stack(0x0000004365200000,0x0000004365300000) (1024K)]
  0x0000022470d70380 JavaThread "luckperms-worker-2"         daemon [_thread_blocked, id=19896, stack(0x0000004365300000,0x0000004365400000) (1024K)]
  0x0000022470d70b50 JavaThread "luckperms-worker-3"         daemon [_thread_blocked, id=7812, stack(0x0000004365500000,0x0000004365600000) (1024K)]
  0x0000022470d71320 JavaThread "luckperms-worker-4"         daemon [_thread_blocked, id=8292, stack(0x0000004365600000,0x0000004365700000) (1024K)]
  0x0000022470d6f3e0 JavaThread "luckperms-worker-5"         daemon [_thread_blocked, id=8276, stack(0x0000004365700000,0x0000004365800000) (1024K)]
  0x0000022470d6ec10 JavaThread "luckperms-worker-6"         daemon [_thread_blocked, id=8620, stack(0x0000004365800000,0x0000004365900000) (1024K)]
  0x0000022470d749d0 JavaThread "luckperms-worker-7"         daemon [_thread_blocked, id=9356, stack(0x0000004365900000,0x0000004365a00000) (1024K)]
  0x0000022470d76140 JavaThread "luckperms-worker-8"         daemon [_thread_blocked, id=9876, stack(0x0000004365a00000,0x0000004365b00000) (1024K)]
  0x0000022470d75970 JavaThread "luckperms-worker-9"         daemon [_thread_blocked, id=18520, stack(0x0000004365b00000,0x0000004365c00000) (1024K)]
  0x0000022470d73260 JavaThread "luckperms-worker-10"        daemon [_thread_blocked, id=15700, stack(0x0000004365c00000,0x0000004365d00000) (1024K)]
  0x0000022470d6b560 JavaThread "luckperms-scheduler"               [_thread_blocked, id=33308, stack(0x0000004360000000,0x0000004360100000) (1024K)]
  0x0000022470d78850 JavaThread "WorldEdit Session Manager"         [_thread_blocked, id=33656, stack(0x0000004364c00000,0x0000004364d00000) (1024K)]
  0x0000022470d83430 JavaThread "pool-16-thread-1"                  [_thread_blocked, id=33644, stack(0x0000004364700000,0x0000004364800000) (1024K)]
  0x0000022470d82490 JavaThread "bStats-Metrics"                    [_thread_blocked, id=16464, stack(0x0000004364e00000,0x0000004364f00000) (1024K)]
  0x0000022470d85370 JavaThread "bStats-Metrics"             daemon [_thread_blocked, id=21584, stack(0x0000004365f00000,0x0000004366000000) (1024K)]
  0x00000224651a69d0 JavaThread "FileSystemWatchService"     daemon [_thread_in_native, id=30668, stack(0x0000004360100000,0x0000004360200000) (1024K)]
  0x0000022470317c90 JavaThread "MVStore background writer D:/Minecraft/ÊúçÂä°Âô®/26.2/plugins/LuckPerms/luckperms-h2-v2.mv.db" daemon [_thread_blocked, id=33424, stack(0x0000004366000000,0x0000004366100000) (1024K)]
  0x0000022470318460 JavaThread "H2-serialization"           daemon [_thread_blocked, id=16444, stack(0x0000004366100000,0x0000004366200000) (1024K)]
  0x0000022470316520 JavaThread "H2-save"                    daemon [_thread_blocked, id=33352, stack(0x0000004366200000,0x0000004366300000) (1024K)]
  0x000002247031ab70 JavaThread "Timer-0"                    daemon [_thread_blocked, id=27052, stack(0x0000004366300000,0x0000004366400000) (1024K)]
  0x000002247031e220 JavaThread "HttpClient-3-SelectorManager" daemon [_thread_in_native, id=11488, stack(0x0000004366400000,0x0000004366500000) (1024K)]
  0x000002247031f990 JavaThread "bStats-Metrics"             daemon [_thread_blocked, id=35968, stack(0x0000004366700000,0x0000004366800000) (1024K)]
  0x000002247031cab0 JavaThread "HttpClient-4-SelectorManager" daemon [_thread_in_native, id=36012, stack(0x0000004366900000,0x0000004366a00000) (1024K)]
  0x0000022470321100 JavaThread "ForkJoinPool.commonPool-delayScheduler" daemon [_thread_blocked, id=36076, stack(0x0000004366b00000,0x0000004366c00000) (1024K)]
  0x0000022470323fe0 JavaThread "bStats-Metrics"                    [_thread_blocked, id=36416, stack(0x0000004366c00000,0x0000004366d00000) (1024K)]
  0x00000224703266f0 JavaThread "Cleaner-0"                  daemon [_thread_blocked, id=37292, stack(0x0000004366e00000,0x0000004366f00000) (1024K)]
  0x000002247031a3a0 JavaThread "mysql-cj-abandoned-connection-cleanup" daemon [_thread_blocked, id=31048, stack(0x0000004363800000,0x0000004363900000) (1024K)]
  0x00000224703247b0 JavaThread "bStats-Metrics"             daemon [_thread_blocked, id=37528, stack(0x0000004366f00000,0x0000004367000000) (1024K)]
  0x0000022470329da0 JavaThread "bStats-Metrics"                    [_thread_blocked, id=36708, stack(0x0000004367000000,0x0000004367100000) (1024K)]
  0x0000022470327e60 JavaThread "DefaultDispatcher-worker-1" daemon [_thread_blocked, id=17572, stack(0x0000004363900000,0x0000004363a00000) (1024K)]
  0x0000022470328630 JavaThread "DefaultDispatcher-worker-2" daemon [_thread_blocked, id=19520, stack(0x0000004366800000,0x0000004366900000) (1024K)]
  0x00000224703341b0 JavaThread "bStats-Metrics"                    [_thread_blocked, id=37384, stack(0x000000435d600000,0x000000435d700000) (1024K)]
  0x0000022470334980 JavaThread "bStats-Metrics"             daemon [_thread_blocked, id=36656, stack(0x0000004367200000,0x0000004367300000) (1024K)]
  0x00000224704bbd20 JavaThread "Folia Async Scheduler Thread #0"        [_thread_blocked, id=37600, stack(0x000000435d700000,0x000000435d800000) (1024K)]
  0x000002246f93ccb0 JavaThread "SlimefunHikariPool housekeeper" daemon [_thread_blocked, id=29840, stack(0x000000435d800000,0x000000435d900000) (1024K)]
  0x0000022468cd8290 JavaThread "SlimefunHikariPool housekeeper" daemon [_thread_blocked, id=27388, stack(0x0000004367500000,0x0000004367600000) (1024K)]
  0x000002240834d3c0 JavaThread "HttpClient-5-SelectorManager" daemon [_thread_in_native, id=32188, stack(0x0000004367700000,0x0000004367800000) (1024K)]
  0x000002240834eb30 JavaThread "bStats-Metrics"                    [_thread_blocked, id=26576, stack(0x0000004367800000,0x0000004367900000) (1024K)]
  0x0000022408351a10 JavaThread "HttpClient-6-SelectorManager" daemon [_thread_in_native, id=14692, stack(0x0000004367e00000,0x0000004367f00000) (1024K)]
  0x000002240834f300 JavaThread "bStats-Metrics"             daemon [_thread_blocked, id=25400, stack(0x0000004367f00000,0x0000004368000000) (1024K)]
  0x0000022408353180 JavaThread "HttpClient-7-SelectorManager" daemon [_thread_in_native, id=22172, stack(0x0000004368000000,0x0000004368100000) (1024K)]
  0x000002240834c420 JavaThread "WorldGuard Region I/O"             [_thread_blocked, id=38372, stack(0x0000004367400000,0x0000004367500000) (1024K)]
  0x0000022408351240 JavaThread "bStats-Metrics"             daemon [_thread_blocked, id=38424, stack(0x0000004367900000,0x0000004367a00000) (1024K)]
  0x00000224083550c0 JavaThread "bStats-Metrics"                    [_thread_blocked, id=38428, stack(0x0000004367c00000,0x0000004367d00000) (1024K)]
  0x0000022408357fa0 JavaThread "bStats-Metrics"                    [_thread_blocked, id=38444, stack(0x0000004363700000,0x0000004363800000) (1024K)]
  0x000002240835a6b0 JavaThread "bStats-Metrics"                    [_thread_blocked, id=38280, stack(0x0000004368100000,0x0000004368200000) (1024K)]
  0x0000022408353950 JavaThread "pool-45-thread-1"                  [_thread_blocked, id=38224, stack(0x000000435ec00000,0x000000435ed00000) (1024K)]
  0x000002240835be20 JavaThread "pool-46-thread-1"                  [_thread_blocked, id=36612, stack(0x0000004365e00000,0x0000004365f00000) (1024K)]
  0x000002240835d590 JavaThread "pool-45-thread-2"                  [_thread_blocked, id=21188, stack(0x0000004367100000,0x0000004367200000) (1024K)]
  0x000002240835f4d0 JavaThread "bStats-Metrics"                    [_thread_blocked, id=18072, stack(0x0000004366d00000,0x0000004366e00000) (1024K)]
  0x0000022408361be0 JavaThread "Dimension-Data-IO-Worker-1"        [_thread_blocked, id=17992, stack(0x0000004368300000,0x0000004368400000) (1024K)]
  0x00000224083623b0 JavaThread "Dimension-Data-IO-Worker-2"        [_thread_blocked, id=17976, stack(0x0000004368400000,0x0000004368500000) (1024K)]
  0x0000022408364ac0 JavaThread "Dimension-Data-IO-Worker-3"        [_thread_blocked, id=18864, stack(0x0000004368500000,0x0000004368600000) (1024K)]
  0x0000022408366230 JavaThread "Dimension-Data-IO-Worker-4"        [_thread_blocked, id=18556, stack(0x0000004368600000,0x0000004368700000) (1024K)]
  0x00000224083642f0 JavaThread "bStats-Metrics"                    [_thread_blocked, id=18548, stack(0x0000004368a00000,0x0000004368b00000) (1024K)]
  0x0000022408361410 JavaThread "bStats-Metrics"                    [_thread_blocked, id=15580, stack(0x0000004366600000,0x0000004366700000) (1024K)]
  0x00000224704c3250 JavaThread "bStats-Metrics"             daemon [_thread_blocked, id=24528, stack(0x0000004368200000,0x0000004368300000) (1024K)]
  0x00000224704c0370 JavaThread "bStats-Metrics"                    [_thread_blocked, id=24512, stack(0x0000004368b00000,0x0000004368c00000) (1024K)]
  0x00000224704c49c0 JavaThread "bStats-Metrics"                    [_thread_blocked, id=23648, stack(0x0000004369300000,0x0000004369400000) (1024K)]
  0x000002247032e3f0 JavaThread "BlueMap-Scheduler-0"        daemon [_thread_blocked, id=29144, stack(0x0000004361200000,0x0000004361300000) (1024K)]
  0x000002247032c4b0 JavaThread "BlueMap-Webserver"                 [_thread_in_native, id=37728, stack(0x0000004360f00000,0x0000004361000000) (1024K)]
  0x000002247031b340 JavaThread "BlueMap-Plugin-Timer"       daemon [_thread_blocked, id=16476, stack(0x0000004360900000,0x0000004360a00000) (1024K)]
  0x0000022470333210 JavaThread "BlueMap-MapUpdateService-Timer" daemon [_thread_blocked, id=2620, stack(0x0000004361100000,0x0000004361200000) (1024K)]
  0x0000022470331aa0 JavaThread "BlueMap-WebbAppImpl-Timer"  daemon [_thread_blocked, id=10332, stack(0x0000004361300000,0x0000004361400000) (1024K)]
  0x0000022468ddf040 JavaThread "BlueMap-ProgressTracker-Timer-0" daemon [_thread_blocked, id=29072, stack(0x0000004361400000,0x0000004361500000) (1024K)]
  0x0000022468de26f0 JavaThread "BlueMap-RenderThread-0-0"          [_thread_blocked, id=35188, stack(0x0000004361500000,0x0000004361600000) (1024K)]
  0x0000022468de07b0 JavaThread "BlueMap-RenderThread-0-1"          [_thread_blocked, id=33320, stack(0x0000004361600000,0x0000004361700000) (1024K)]
  0x0000022468de3690 JavaThread "BlueMap-RenderThread-0-2"          [_thread_blocked, id=16580, stack(0x0000004361700000,0x0000004361800000) (1024K)]
  0x0000022468de3e60 JavaThread "BlueMap-RenderThread-0-3"          [_thread_blocked, id=9644, stack(0x0000004361800000,0x0000004361900000) (1024K)]
  0x0000022468de4630 JavaThread "BlueMap-RenderThread-0-4"          [_thread_blocked, id=17764, stack(0x0000004361900000,0x0000004361a00000) (1024K)]
  0x0000022468de4e00 JavaThread "BlueMap-RenderThread-0-5"          [_thread_blocked, id=35476, stack(0x0000004361a00000,0x0000004361b00000) (1024K)]
  0x0000022468de5da0 JavaThread "BlueMap-RenderThread-0-6"          [_thread_blocked, id=34040, stack(0x0000004361b00000,0x0000004361c00000) (1024K)]
  0x0000022468de55d0 JavaThread "BlueMap-RenderThread-0-7"          [_thread_blocked, id=34036, stack(0x0000004361c00000,0x0000004361d00000) (1024K)]
  0x000002246a479840 JavaThread "BlueMap-RenderThread-0-8"          [_thread_blocked, id=37824, stack(0x0000004361d00000,0x0000004361e00000) (1024K)]
  0x000002246a47bf50 JavaThread "BlueMap-RenderThread-0-9"          [_thread_blocked, id=37840, stack(0x0000004361e00000,0x0000004361f00000) (1024K)]
  0x000002246a47a010 JavaThread "BlueMap-RenderThread-0-10"         [_thread_blocked, id=3608, stack(0x0000004361f00000,0x0000004362000000) (1024K)]
  0x000002246a480d70 JavaThread "BlueMap-RenderThread-0-11"         [_thread_blocked, id=33684, stack(0x0000004362000000,0x0000004362100000) (1024K)]
  0x00000224083671d0 JavaThread "DecentHolograms-Display-Updates" daemon [_thread_blocked, id=3572, stack(0x0000004362300000,0x0000004362400000) (1024K)]
  0x000002246456e920 JavaThread "bStats-Metrics"             daemon [_thread_blocked, id=3556, stack(0x0000004362400000,0x0000004362500000) (1024K)]
  0x000002246f9441e0 JavaThread "bStats-Metrics"             daemon [_thread_blocked, id=3576, stack(0x0000004362200000,0x0000004362300000) (1024K)]
  0x000002240ed5ca80 JavaThread "bStats-Metrics"                    [_thread_blocked, id=5776, stack(0x0000004368d00000,0x0000004368e00000) (1024K)]
  0x000002240ed64780 JavaThread "TrainCarts schematic loader thread" daemon [_thread_blocked, id=6392, stack(0x0000004367d00000,0x0000004367e00000) (1024K)]
  0x000002240ed67e30 JavaThread "TrainCarts:SignMetadataWriterThread" daemon [_thread_blocked, id=37128, stack(0x0000004368700000,0x0000004368800000) (1024K)]
  0x000002240ed695a0 JavaThread "ForkJoinPool.commonPool-worker-24" daemon [_thread_blocked, id=23604, stack(0x0000004369500000,0x0000004369600000) (1024K)]
  0x000002240ed67660 JavaThread "EvtSystemTime-Tasks"               [_thread_blocked, id=25500, stack(0x0000004367300000,0x0000004367400000) (1024K)]
  0x000002240ed6c480 JavaThread "ForkJoinPool.commonPool-worker-25" daemon [_thread_blocked, id=23812, stack(0x0000004367b00000,0x0000004367c00000) (1024K)]
  0x000002240ed70300 JavaThread "bStats-Metrics"                    [_thread_blocked, id=26696, stack(0x0000004369d00000,0x0000004369e00000) (1024K)]
  0x000002240ed74180 JavaThread "bStats-Metrics"                    [_thread_blocked, id=25544, stack(0x0000004369e00000,0x0000004369f00000) (1024K)]
  0x000002240ed72a10 JavaThread "bStats-Metrics"                    [_thread_blocked, id=25460, stack(0x0000004369f00000,0x000000436a000000) (1024K)]
  0x000002240ed739b0 JavaThread "bStats-Metrics"                    [_thread_blocked, id=25456, stack(0x000000436a000000,0x000000436a100000) (1024K)]
  0x000002240ed71a70 JavaThread "bStats-Metrics"                    [_thread_blocked, id=25564, stack(0x000000436a100000,0x000000436a200000) (1024K)]
  0x000002240ed758f0 JavaThread "bStats-Metrics"                    [_thread_blocked, id=26180, stack(0x000000436a200000,0x000000436a300000) (1024K)]
  0x000002240ed70ad0 JavaThread "bStats-Metrics"                    [_thread_blocked, id=25548, stack(0x0000004369c00000,0x0000004369d00000) (1024K)]
  0x000002240ed76890 JavaThread "bStats-Metrics"                    [_thread_blocked, id=4880, stack(0x0000004369900000,0x0000004369a00000) (1024K)]
  0x000002240ed77060 JavaThread "bStats-Metrics"                    [_thread_blocked, id=11184, stack(0x0000004369a00000,0x0000004369b00000) (1024K)]
  0x000002240ed65720 JavaThread "bStats-Metrics"                    [_thread_blocked, id=13876, stack(0x0000004366a00000,0x0000004366b00000) (1024K)]
  0x000002240ed78000 JavaThread "bStats-Metrics"                    [_thread_blocked, id=24596, stack(0x0000004369400000,0x0000004369500000) (1024K)]
  0x0000022408354120 JavaThread "bStats-Metrics"                    [_thread_blocked, id=38300, stack(0x0000004369b00000,0x0000004369c00000) (1024K)]
  0x0000022408359ee0 JavaThread "bStats-Metrics"                    [_thread_blocked, id=38292, stack(0x000000436a300000,0x000000436a400000) (1024K)]
  0x00000224703218d0 JavaThread "bStats-Metrics"                    [_thread_blocked, id=32264, stack(0x000000436a500000,0x000000436a600000) (1024K)]
  0x0000022470332270 JavaThread "bStats-Metrics"                    [_thread_blocked, id=4088, stack(0x000000436a600000,0x000000436a700000) (1024K)]
  0x0000022464f5d700 JavaThread "bStats-Metrics"                    [_thread_blocked, id=38320, stack(0x0000004369600000,0x0000004369700000) (1024K)]
  0x000002240ed79770 JavaThread "bStats-Metrics"             daemon [_thread_blocked, id=12864, stack(0x0000004369700000,0x0000004369800000) (1024K)]
  0x000002245ff29df0 JavaThread "bStats-Metrics"             daemon [_thread_blocked, id=37944, stack(0x000000436a400000,0x000000436a500000) (1024K)]
  0x000002240834bc50 JavaThread "bStats-Metrics"                    [_thread_blocked, id=9688, stack(0x000000436a700000,0x000000436a800000) (1024K)]
  0x0000022407f618c0 JavaThread "bStats-Metrics"                    [_thread_blocked, id=12868, stack(0x000000436a800000,0x000000436a900000) (1024K)]
  0x0000022407f610f0 JavaThread "bStats-Metrics"                    [_thread_blocked, id=24624, stack(0x0000004369800000,0x0000004369900000) (1024K)]
  0x0000022407f67680 JavaThread "bStats-Metrics"                    [_thread_blocked, id=30876, stack(0x000000436aa00000,0x000000436ab00000) (1024K)]
  0x0000022407f67e50 JavaThread "bStats-Metrics"                    [_thread_blocked, id=38332, stack(0x000000436ab00000,0x000000436ac00000) (1024K)]
  0x0000022407f647a0 JavaThread "bStats-Metrics"                    [_thread_blocked, id=5620, stack(0x000000436ac00000,0x000000436ad00000) (1024K)]
  0x0000022407f68620 JavaThread "ForkJoinPool.commonPool-worker-27" daemon [_thread_blocked, id=33568, stack(0x0000004363c00000,0x0000004363d00000) (1024K)]
  0x0000022407f68df0 JavaThread "ForkJoinPool.commonPool-worker-26" daemon [_thread_blocked, id=5592, stack(0x000000436ad00000,0x000000436ae00000) (1024K)]
  0x0000022407f65740 JavaThread "ForkJoinPool.commonPool-worker-30" daemon [_thread_blocked, id=35320, stack(0x000000436ae00000,0x000000436af00000) (1024K)]
  0x0000022407f69d90 JavaThread "ForkJoinPool.commonPool-worker-29" daemon [_thread_blocked, id=20312, stack(0x000000436af00000,0x000000436b000000) (1024K)]
  0x0000022407f6c4a0 JavaThread "ForkJoinPool.commonPool-worker-28" daemon [_thread_blocked, id=10956, stack(0x000000436b000000,0x000000436b100000) (1024K)]
  0x0000022407f695c0 JavaThread "ForkJoinPool.commonPool-worker-31" daemon [_thread_blocked, id=18476, stack(0x000000436b100000,0x000000436b200000) (1024K)]
  0x0000022407f6cc70 JavaThread "ForkJoinPool.commonPool-worker-32" daemon [_thread_blocked, id=30492, stack(0x000000436b200000,0x000000436b300000) (1024K)]
  0x0000022407f6a560 JavaThread "ForkJoinPool.commonPool-worker-33" daemon [_thread_blocked, id=36028, stack(0x000000436b300000,0x000000436b400000) (1024K)]
  0x0000022407f70af0 JavaThread "bStats-Metrics"             daemon [_thread_blocked, id=36036, stack(0x000000436b500000,0x000000436b600000) (1024K)]
  0x0000022407f72260 JavaThread "UltimateShop-DB"                   [_thread_blocked, id=32720, stack(0x0000004367600000,0x0000004367700000) (1024K)]
  0x0000022407f71a90 JavaThread "bStats-Metrics"             daemon [_thread_blocked, id=18524, stack(0x000000436b800000,0x000000436b900000) (1024K)]
  0x0000022407f787f0 JavaThread "bStats-Metrics"                    [_thread_blocked, id=18144, stack(0x000000436b900000,0x000000436ba00000) (1024K)]
  0x0000022407f77080 JavaThread "bStats-Metrics"                    [_thread_blocked, id=19124, stack(0x000000436ba00000,0x000000436bb00000) (1024K)]
  0x0000022407f77850 JavaThread "ForkJoinPool.commonPool-worker-34" daemon [_thread_blocked, id=27780, stack(0x000000436bb00000,0x000000436bc00000) (1024K)]
  0x0000022407f760e0 JavaThread "ForkJoinPool.commonPool-worker-43" daemon [_thread_blocked, id=16604, stack(0x000000436be00000,0x000000436bf00000) (1024K)]
  0x0000022407f79f60 JavaThread "ForkJoinPool.commonPool-worker-37" daemon [_thread_blocked, id=38440, stack(0x000000436bf00000,0x000000436c000000) (1024K)]
  0x0000022407f7af00 JavaThread "ForkJoinPool.commonPool-worker-46" daemon [_thread_blocked, id=20488, stack(0x000000436c000000,0x000000436c100000) (1024K)]
  0x0000022407f7b6d0 JavaThread "ForkJoinPool.commonPool-worker-39" daemon [_thread_blocked, id=15824, stack(0x000000436c200000,0x000000436c300000) (1024K)]
  0x0000022407f7bea0 JavaThread "ForkJoinPool.commonPool-worker-38" daemon [_thread_blocked, id=2580, stack(0x000000436c300000,0x000000436c400000) (1024K)]
  0x0000022407f7ce40 JavaThread "ForkJoinPool.commonPool-worker-41" daemon [_thread_blocked, id=16672, stack(0x000000436c400000,0x000000436c500000) (1024K)]
  0x0000022407f7e5b0 JavaThread "ForkJoinPool.commonPool-worker-42" daemon [_thread_blocked, id=37928, stack(0x000000436c500000,0x000000436c600000) (1024K)]
  0x000002240ed618a0 JavaThread "ForkJoinPool.commonPool-worker-40" daemon [_thread_blocked, id=35176, stack(0x000000436c600000,0x000000436c700000) (1024K)]
  0x000002240ed6d420 JavaThread "ForkJoinPool.commonPool-worker-35" daemon [_thread_blocked, id=29160, stack(0x000000436c700000,0x000000436c800000) (1024K)]
  0x0000022470318c30 JavaThread "ForkJoinPool.commonPool-worker-44" daemon [_thread_blocked, id=4480, stack(0x000000436c800000,0x000000436c900000) (1024K)]
  0x00000224703312d0 JavaThread "ForkJoinPool.commonPool-worker-45" daemon [_thread_blocked, id=9280, stack(0x000000436c900000,0x000000436ca00000) (1024K)]
  0x00000224083698e0 JavaThread "ForkJoinPool.commonPool-worker-36" daemon [_thread_blocked, id=9820, stack(0x000000436ca00000,0x000000436cb00000) (1024K)]
  0x0000022468cd9230 JavaThread "Thread-36"                         [_thread_blocked, id=4508, stack(0x000000436cc00000,0x000000436cd00000) (1024K)]
  0x000002246f93d480 JavaThread "HttpClient-8-SelectorManager" daemon [_thread_in_native, id=2276, stack(0x000000436b600000,0x000000436b700000) (1024K)]
  0x000002245ff29620 JavaThread "Folia Async Scheduler Thread Timer"        [_thread_blocked, id=5796, stack(0x000000436cb00000,0x000000436cc00000) (1024K)]
  0x000002240f501400 JavaThread "bStats-Metrics"                    [_thread_blocked, id=5736, stack(0x000000436cd00000,0x000000436ce00000) (1024K)]
  0x000002240f500460 JavaThread "PluginPortal-External"      daemon [_thread_blocked, id=32312, stack(0x0000004367a00000,0x0000004367b00000) (1024K)]
  0x000002240f507990 JavaThread "bStats-Metrics"             daemon [_thread_blocked, id=12284, stack(0x000000436ce00000,0x000000436cf00000) (1024K)]
  0x000002240f5069f0 JavaThread "bStats-Metrics"             daemon [_thread_blocked, id=12172, stack(0x000000436cf00000,0x000000436d000000) (1024K)]
  0x000002240f5042e0 JavaThread "Folia Async Scheduler Thread #1"        [_thread_blocked, id=11660, stack(0x000000436d000000,0x000000436d100000) (1024K)]
  0x000002240f509100 JavaThread "bStats-Metrics"                    [_thread_blocked, id=11632, stack(0x000000436d100000,0x000000436d200000) (1024K)]
  0x000002240f50a0a0 JavaThread "bStats-Metrics"                    [_thread_blocked, id=11732, stack(0x000000436d200000,0x000000436d300000) (1024K)]
  0x000002240f503340 JavaThread "Folia Async Scheduler Thread #2"        [_thread_blocked, id=25788, stack(0x000000436b400000,0x000000436b500000) (1024K)]
  0x000002240f50b810 JavaThread "Folia Async Scheduler Thread #3"        [_thread_blocked, id=25924, stack(0x000000436d300000,0x000000436d400000) (1024K)]
  0x000002240f50cf80 JavaThread "Folia Async Scheduler Thread #4"        [_thread_blocked, id=26560, stack(0x000000436d400000,0x000000436d500000) (1024K)]
  0x000002240f50bfe0 JavaThread "Folia Async Scheduler Thread #5"        [_thread_blocked, id=37956, stack(0x000000436d900000,0x000000436da00000) (1024K)]
  0x000002240f510630 JavaThread "Folia Async Scheduler Thread #6"        [_thread_blocked, id=29688, stack(0x000000436d500000,0x000000436d600000) (1024K)]
  0x000002240f510e00 JavaThread "Folia Async Scheduler Thread #7"        [_thread_blocked, id=5840, stack(0x000000436d600000,0x000000436d700000) (1024K)]
  0x000002240f50eec0 JavaThread "Folia Async Scheduler Thread #8"        [_thread_blocked, id=23356, stack(0x000000436d700000,0x000000436d800000) (1024K)]
  0x000002240f513ce0 JavaThread "Folia Async Scheduler Thread #9"        [_thread_blocked, id=38064, stack(0x000000436da00000,0x000000436db00000) (1024K)]
  0x000002240f511da0 JavaThread "Folia Async Scheduler Thread #10"        [_thread_blocked, id=22512, stack(0x000000436db00000,0x000000436dc00000) (1024K)]
  0x000002240f515450 JavaThread "Folia Async Scheduler Thread #11"        [_thread_blocked, id=9124, stack(0x000000436dc00000,0x000000436dd00000) (1024K)]
  0x000002240f51c980 JavaThread "bStats-Metrics"                    [_thread_blocked, id=12280, stack(0x000000436e300000,0x000000436e400000) (1024K)]
  0x000002240f51b9e0 JavaThread "bStats-Metrics"                    [_thread_blocked, id=4816, stack(0x000000436e400000,0x000000436e500000) (1024K)]
  0x000002240ed60130 JavaThread "bStats-Metrics"                    [_thread_blocked, id=23320, stack(0x000000436e800000,0x000000436e900000) (1024K)]
  0x000002240ed712a0 JavaThread "bStats-Metrics"                    [_thread_blocked, id=11012, stack(0x0000004368900000,0x0000004368a00000) (1024K)]
  0x000002240f503b10 JavaThread "Download-0"                 daemon [_thread_blocked, id=30844, stack(0x0000004362100000,0x0000004362200000) (1024K)]
  0x000002240f50e6f0 JavaThread "Download-1"                 daemon [_thread_blocked, id=21012, stack(0x000000436b700000,0x000000436b800000) (1024K)]
  0x000002240f516bc0 JavaThread "Download-2"                 daemon [_thread_blocked, id=11940, stack(0x000000436dd00000,0x000000436de00000) (1024K)]
  0x000002240f51e0f0 JavaThread "Download-3"                 daemon [_thread_blocked, id=3004, stack(0x000000436de00000,0x000000436df00000) (1024K)]
  0x000002240ed60900 JavaThread "PluginUpdater Update Thread"        [_thread_blocked, id=11968, stack(0x000000436d800000,0x000000436d900000) (1024K)]
  0x000002240834e360 JavaThread "bStats-Metrics"                    [_thread_blocked, id=14944, stack(0x000000436ea00000,0x000000436eb00000) (1024K)]
  0x000002240d32da70 JavaThread "WorldGuard Region Chunk Table - world"        [_thread_blocked, id=33092, stack(0x000000436ee00000,0x000000436ef00000) (1024K)]
  0x000002240d335770 JavaThread "idle-timeout-task"          daemon [_thread_blocked, id=32992, stack(0x000000436ef00000,0x000000436f000000) (1024K)]
  0x000002240d338650 JavaThread "HTTP-Dispatcher"                   [_thread_in_native, id=5656, stack(0x000000436f200000,0x000000436f300000) (1024K)]
  0x000002240d338e20 JavaThread "LiteSignIn-TaskThread"             [_thread_blocked, id=5760, stack(0x000000436f400000,0x000000436f500000) (1024K)]
  0x000002240d3395f0 JavaThread "bStats-Metrics"                    [_thread_blocked, id=5828, stack(0x000000436f500000,0x000000436f600000) (1024K)]
  0x000002240d339dc0 JavaThread "bStats-Metrics"                    [_thread_blocked, id=38048, stack(0x000000436f600000,0x000000436f700000) (1024K)]
  0x000002240d33ebe0 JavaThread "bStats-Metrics"             daemon [_thread_blocked, id=5056, stack(0x000000436fa00000,0x000000436fb00000) (1024K)]
  0x000002240d33f3b0 JavaThread "bStats-Metrics"                    [_thread_blocked, id=35664, stack(0x000000436fb00000,0x000000436fc00000) (1024K)]
  0x000002240d340350 JavaThread "bStats-Metrics"             daemon [_thread_blocked, id=17040, stack(0x000000436fc00000,0x000000436fd00000) (1024K)]
  0x000002240d343230 JavaThread "bStats-Metrics"                    [_thread_blocked, id=30196, stack(0x000000436ff00000,0x0000004370000000) (1024K)]
  0x000002240d348050 JavaThread "HttpClient-15-SelectorManager" daemon [_thread_in_native, id=38416, stack(0x0000004370100000,0x0000004370200000) (1024K)]
  0x000002240d3470b0 JavaThread "metrics-submitter"          daemon [_thread_blocked, id=13800, stack(0x0000004370200000,0x0000004370300000) (1024K)]
  0x000002240d32bb30 JavaThread "bStats-Metrics"             daemon [_thread_blocked, id=23868, stack(0x000000436c100000,0x000000436c200000) (1024K)]
  0x000002240d33c4d0 JavaThread "bStats-Metrics"                    [_thread_blocked, id=17980, stack(0x000000436f000000,0x000000436f100000) (1024K)]
  0x000002240d312cc0 JavaThread "bStats-Metrics"                    [_thread_blocked, id=32240, stack(0x0000004370300000,0x0000004370400000) (1024K)]
  0x000002240d313c60 JavaThread "Timer-1"                    daemon [_thread_blocked, id=21336, stack(0x0000004370a00000,0x0000004370b00000) (1024K)]
  0x000002240d3124f0 JavaThread "bStats-Metrics"             daemon [_thread_blocked, id=33688, stack(0x0000004370e00000,0x0000004370f00000) (1024K)]
  0x000002240d31c130 JavaThread "SentryExecutorServiceThreadFactory-0" daemon [_thread_blocked, id=29088, stack(0x0000004371100000,0x0000004371200000) (1024K)]
  0x000002240d31a1f0 JavaThread "bStats-Metrics"                    [_thread_blocked, id=32320, stack(0x0000004371400000,0x0000004371500000) (1024K)]
  0x000002240d3226c0 JavaThread "pool-71-thread-1"                  [_thread_blocked, id=6628, stack(0x0000004371700000,0x0000004371800000) (1024K)]
  0x000002240d321720 JavaThread "bStats-Metrics"                    [_thread_blocked, id=3696, stack(0x0000004371800000,0x0000004371900000) (1024K)]
  0x00000224704c22b0 JavaThread "bStats-Metrics"             daemon [_thread_blocked, id=23324, stack(0x0000004372100000,0x0000004372200000) (1024K)]
  0x0000022407f60150 JavaThread "MVStore background writer D:/Minecraft/ÊúçÂä°Âô®/26.2/plugins/ajLeaderboards/cache.mv.db" daemon [_thread_blocked, id=23392, stack(0x0000004372500000,0x0000004372600000) (1024K)]
  0x0000022407f6fb50 JavaThread "H2-serialization"           daemon [_thread_blocked, id=26608, stack(0x0000004372600000,0x0000004372700000) (1024K)]
  0x000002240f4ffc90 JavaThread "H2-save"                    daemon [_thread_blocked, id=3456, stack(0x0000004372700000,0x0000004372800000) (1024K)]
  0x000002240f51f090 JavaThread "AJLBSCHED-2-1"                     [_thread_blocked, id=5104, stack(0x0000004372800000,0x0000004372900000) (1024K)]
  0x000002245ff2a5c0 JavaThread "bStats-Metrics"                    [_thread_blocked, id=7716, stack(0x0000004372900000,0x0000004372a00000) (1024K)]
  0x0000022464f5e6a0 JavaThread "pool-76-thread-1"                  [_thread_blocked, id=26844, stack(0x0000004372a00000,0x0000004372b00000) (1024K)]
  0x00000224151c6bf0 JavaThread "spark-monitoring-1-thread-1" daemon [_thread_blocked, id=7816, stack(0x0000004373100000,0x0000004373200000) (1024K)]
  0x00000224151c7b90 JavaThread "spark-monitoring-1-thread-2" daemon [_thread_blocked, id=26564, stack(0x0000004373200000,0x0000004373300000) (1024K)]
  0x00000224151ca2a0 JavaThread "spark-monitoring-1-thread-3" daemon [_thread_blocked, id=37500, stack(0x0000004373a00000,0x0000004373b00000) (1024K)]
  0x00000224151d0060 JavaThread "spark-monitoring-1-thread-4" daemon [_thread_blocked, id=27140, stack(0x0000004373b00000,0x0000004373c00000) (1024K)]
  0x00000224151d1000 JavaThread "Paper Async Task Handler Thread - 0"        [_thread_blocked, id=11864, stack(0x0000004373c00000,0x0000004373d00000) (1024K)]
  0x00000224151ce8f0 JavaThread "spark-java-sampler-2-thread-1"        [_thread_blocked, id=32132, stack(0x0000004373900000,0x0000004373a00000) (1024K)]
  0x00000224151d17d0 JavaThread "spark-java-sampler-2-thread-2"        [_thread_blocked, id=19064, stack(0x0000004373d00000,0x0000004373e00000) (1024K)]
  0x00000224151ce120 JavaThread "spark-java-sampler-2-thread-3"        [_thread_blocked, id=22772, stack(0x0000004373e00000,0x0000004373f00000) (1024K)]
  0x00000224151d5650 JavaThread "spark-java-sampler-2-thread-4"        [_thread_blocked, id=15912, stack(0x0000004373f00000,0x0000004374000000) (1024K)]
  0x00000224151d3ee0 JavaThread "spark-java-sampler-2-thread-5"        [_thread_blocked, id=30284, stack(0x0000004374000000,0x0000004374100000) (1024K)]
  0x00000224151d2770 JavaThread "spark-java-sampler-2-thread-6"        [_thread_blocked, id=36528, stack(0x0000004374100000,0x0000004374200000) (1024K)]
  0x00000224151d9ca0 JavaThread "Geyser Scheduled Thread-3-1"        [_thread_blocked, id=9264, stack(0x000000436f300000,0x000000436f400000) (1024K)]
  0x00000224151d8d00 JavaThread "Thread-61"                         [_thread_blocked, id=4412, stack(0x000000436f900000,0x000000436fa00000) (1024K)]
  0x00000224151df290 JavaThread "pool-77-thread-1"                  [_thread_blocked, id=4392, stack(0x000000436fe00000,0x000000436ff00000) (1024K)]
  0x00000224151de2f0 JavaThread "GeyserServer-4-1"           daemon [_thread_in_native, id=18512, stack(0x0000004370000000,0x0000004370100000) (1024K)]
  0x00000224151deac0 JavaThread "WebSocketConnectReadThread-544"        [_thread_in_native, id=11124, stack(0x0000004370400000,0x0000004370500000) (1024K)]
  0x00000224151e2940 JavaThread "bStats-Metrics"             daemon [_thread_blocked, id=6164, stack(0x0000004370500000,0x0000004370600000) (1024K)]
  0x00000224151e19a0 JavaThread "Geyser Spigot connection thread-7-1"        [_thread_blocked, id=18460, stack(0x0000004370600000,0x0000004370700000) (1024K)]
  0x00000224151a7fc0 JavaThread "Jndi-Dns-address-change-listener" daemon [_thread_in_native, id=2524, stack(0x0000004370d00000,0x0000004370e00000) (1024K)]
  0x00000224151a9730 JavaThread "localSession-8-1"           daemon [_thread_blocked, id=15400, stack(0x0000004370f00000,0x0000004371000000) (1024K)]
  0x00000224151a9f00 JavaThread "Geyser Spigot connection thread-7-2"        [_thread_blocked, id=12432, stack(0x0000004371000000,0x0000004371100000) (1024K)]
  0x00000224151ad5b0 JavaThread "WebSocketWriteThread-554"          [_thread_blocked, id=26000, stack(0x0000004371a00000,0x0000004371b00000) (1024K)]
  0x00000224151acde0 JavaThread "Craft Async Scheduler Management Thread"        [_thread_blocked, id=5472, stack(0x0000004371b00000,0x0000004371c00000) (1024K)]
  0x000002240d30fde0 JavaThread "Timer-2"                           [_thread_blocked, id=17700, stack(0x0000004376700000,0x0000004376800000) (1024K)]
  0x00000224704bd490 JavaThread "VirtualThread-unblocker"    daemon [_thread_blocked, id=17692, stack(0x0000004376900000,0x0000004376a00000) (1024K)]
  0x000002240ed63010 JavaThread "ForkJoinPool-10-delayScheduler" daemon [_thread_blocked, id=2196, stack(0x0000004376d00000,0x0000004376e00000) (1024K)]
  0x00000224151c9ad0 JavaThread "connectionLostChecker-1"           [_thread_blocked, id=17824, stack(0x000000436e900000,0x000000436ea00000) (1024K)]
  0x00000224151a6850 JavaThread "MCWWS-BuildBridge-HTTP"     daemon [_thread_blocked, id=19000, stack(0x0000004370900000,0x0000004370a00000) (1024K)]
  0x00000224704c5960 JavaThread "TrainCarts.EffectLoopPlayer1" daemon [_thread_blocked, id=16824, stack(0x0000004376a00000,0x0000004376b00000) (1024K)]
  0x00000224083577d0 JavaThread "Skript variable save thread for database 'CSV'"        [_thread_blocked, id=6200, stack(0x0000004376e00000,0x0000004376f00000) (1024K)]
  0x0000022464f605e0 JavaThread "Skript variable save thread"        [_thread_blocked, id=24544, stack(0x0000004376f00000,0x0000004377000000) (1024K)]
  0x0000022470330330 JavaThread "bStats-Metrics"             daemon [_thread_blocked, id=18352, stack(0x0000004376b00000,0x0000004376c00000) (1024K)]
  0x000002241e07fa90 JavaThread "BlueMap-InstancePool-RecycleTimer" daemon [_thread_blocked, id=38248, stack(0x0000004377300000,0x0000004377400000) (1024K)]
  0x000002241e0821a0 JavaThread "MCWWS-BuildBridge-HTTP"     daemon [_thread_blocked, id=36716, stack(0x0000004377600000,0x0000004377700000) (1024K)]
  0x000002241e0a4c50 JavaThread "Timer-3"                           [_thread_blocked, id=39460, stack(0x000000436ed00000,0x000000436ee00000) (1024K)]
  0x000002241e0a0dd0 JavaThread "SF-BLOCK_STORAGE-Read-Thread #0"        [_thread_blocked, id=39528, stack(0x000000436e200000,0x000000436e300000) (1024K)]
  0x000002241e0aa240 JavaThread "SF-BLOCK_STORAGE-Read-Thread #1"        [_thread_blocked, id=39532, stack(0x000000436e600000,0x000000436e700000) (1024K)]
  0x000002241e0a7360 JavaThread "SF-BLOCK_STORAGE-Read-Thread #2"        [_thread_blocked, id=39536, stack(0x000000436ec00000,0x000000436ed00000) (1024K)]
  0x000002241e0ab1e0 JavaThread "SF-BLOCK_STORAGE-Read-Thread #3"        [_thread_blocked, id=39540, stack(0x0000004370700000,0x0000004370800000) (1024K)]
  0x000002241e0a7b30 JavaThread "SF-BLOCK_STORAGE-Read-Thread #4"        [_thread_blocked, id=39544, stack(0x0000004370b00000,0x0000004370c00000) (1024K)]
  0x000002241e0ae0c0 JavaThread "SF-BLOCK_STORAGE-Read-Thread #5"        [_thread_blocked, id=39548, stack(0x0000004370c00000,0x0000004370d00000) (1024K)]
  0x000002241e0af830 JavaThread "SF-BLOCK_STORAGE-Read-Thread #6"        [_thread_blocked, id=39552, stack(0x0000004371300000,0x0000004371400000) (1024K)]
  0x000002241e0b2710 JavaThread "SF-BLOCK_STORAGE-Read-Thread #7"        [_thread_blocked, id=39596, stack(0x0000004377200000,0x0000004377300000) (1024K)]
  0x000002241e0b2ee0 JavaThread "SF-BLOCK_STORAGE-Read-Thread #8"        [_thread_blocked, id=39600, stack(0x0000004378500000,0x0000004378600000) (1024K)]
  0x000002241e0b3e80 JavaThread "SF-BLOCK_STORAGE-Read-Thread #9"        [_thread_blocked, id=39604, stack(0x0000004378600000,0x0000004378700000) (1024K)]
  0x000002241e0b07d0 JavaThread "SF-BLOCK_STORAGE-Read-Thread #10"        [_thread_blocked, id=39608, stack(0x0000004378700000,0x0000004378800000) (1024K)]
  0x000002241e0b55f0 JavaThread "SF-BLOCK_STORAGE-Read-Thread #11"        [_thread_blocked, id=39616, stack(0x0000004378800000,0x0000004378900000) (1024K)]
  0x000002241e0b5dc0 JavaThread "SF-BLOCK_STORAGE-Read-Thread #12"        [_thread_blocked, id=39620, stack(0x0000004378900000,0x0000004378a00000) (1024K)]
  0x000002241e0b4650 JavaThread "SF-BLOCK_STORAGE-Read-Thread #13"        [_thread_blocked, id=39624, stack(0x0000004378a00000,0x0000004378b00000) (1024K)]
  0x000002241e0b8ca0 JavaThread "SF-BLOCK_STORAGE-Read-Thread #14"        [_thread_blocked, id=39628, stack(0x0000004378b00000,0x0000004378c00000) (1024K)]
  0x000002241e0ba410 JavaThread "bStats-Metrics"                    [_thread_blocked, id=39636, stack(0x0000004378c00000,0x0000004378d00000) (1024K)]
  0x000002246955c010 JavaThread "Paper Async Task Handler Thread - 1"        [_thread_blocked, id=39992, stack(0x0000004371e00000,0x0000004371f00000) (1024K)]
  0x000002246f3dd210 JavaThread "luckperms-command-executor" daemon [_thread_blocked, id=4232, stack(0x0000004373300000,0x0000004373400000) (1024K)]
  0x000002241628b0c0 JavaThread "MCWWS-Web-stdout"           daemon [_thread_in_native, id=17588, stack(0x0000004364b00000,0x0000004364c00000) (1024K)]
  0x000002241628c060 JavaThread "MCWWS-Web-stderr"           daemon [_thread_in_native, id=40932, stack(0x0000004364d00000,0x0000004364e00000) (1024K)]
  0x000002241628c830 JavaThread "MCWWS-Web-exit-watcher"     daemon [_thread_in_native, id=38408, stack(0x000000436e100000,0x000000436e200000) (1024K)]
  0x000002240de80ec0 JavaThread "Slimefun Profiler"                 [_thread_blocked, id=40072, stack(0x0000004373600000,0x0000004373700000) (1024K)]
  0x000002240de81690 JavaThread "Slimefun Profiler"                 [_thread_blocked, id=26408, stack(0x0000004373700000,0x0000004373800000) (1024K)]
  0x0000022415f1b050 JavaThread "UltimateShop-DB"                   [_thread_blocked, id=28124, stack(0x0000004371500000,0x0000004371600000) (1024K)]
  0x00000224080533a0 JavaThread "HttpClient-49-SelectorManager" daemon [_thread_in_native, id=37408, stack(0x0000004374800000,0x0000004374900000) (1024K)]
  0x000002240fda27d0 JavaThread "UltimateShop-DB"                   [_thread_blocked, id=12996, stack(0x000000436df00000,0x000000436e000000) (1024K)]
  0x00000224079de360 JavaThread "UltimateShop-DB"                   [_thread_blocked, id=16440, stack(0x0000004369200000,0x0000004369300000) (1024K)]
  0x000002240e27cb60 JavaThread "UltimateShop-DB"                   [_thread_blocked, id=40216, stack(0x0000004371200000,0x0000004371300000) (1024K)]
  0x000002246470c540 JavaThread "UltimateShop-DB"                   [_thread_blocked, id=39000, stack(0x000000436a900000,0x000000436aa00000) (1024K)]
  0x000002241bca5080 JavaThread "UltimateShop-DB"                   [_thread_blocked, id=10460, stack(0x0000004366500000,0x0000004366600000) (1024K)]
  0x0000022469fe0370 JavaThread "UltimateShop-DB"                   [_thread_blocked, id=28328, stack(0x0000004369100000,0x0000004369200000) (1024K)]
  0x00000224143d8390 JavaThread "UltimateShop-DB"                   [_thread_blocked, id=32716, stack(0x000000436e700000,0x000000436e800000) (1024K)]
  0x00000224690187d0 JavaThread "UltimateShop-DB"                   [_thread_blocked, id=32652, stack(0x000000436eb00000,0x000000436ec00000) (1024K)]
  0x0000022464709660 JavaThread "UltimateShop-DB"                   [_thread_blocked, id=19716, stack(0x0000004372300000,0x0000004372400000) (1024K)]
  0x000002247950ea40 JavaThread "Craft Scheduler Thread - 188"        [_thread_blocked, id=41552, stack(0x0000004368800000,0x0000004368900000) (1024K)]
  0x0000022464b85fa0 JavaThread "Craft Scheduler Thread - 193"        [_thread_blocked, id=18900, stack(0x000000436f800000,0x000000436f900000) (1024K)]
  0x00000224143d8b60 JavaThread "UltimateShop-DB"                   [_thread_blocked, id=19548, stack(0x0000004371f00000,0x0000004372000000) (1024K)]
  0x000002240fc60ed0 JavaThread "Craft Scheduler Thread - 198"        [_thread_blocked, id=15252, stack(0x0000004368e00000,0x0000004368f00000) (1024K)]
  0x000002245fe1b550 JavaThread "FileSystemWatchService"     daemon [_thread_in_native, id=29168, stack(0x0000004360e00000,0x0000004360f00000) (1024K)]
  0x000002245fe1d490 JavaThread "BlueMap-MapUpdateService-1" daemon [_thread_blocked, id=32220, stack(0x0000004365d00000,0x0000004365e00000) (1024K)]
  0x000002240807c490 JavaThread "Craft Scheduler Thread - 218"        [_thread_blocked, id=38464, stack(0x0000004372400000,0x0000004372500000) (1024K)]
  0x0000022464b86f40 JavaThread "Craft Scheduler Thread - 219"        [_thread_blocked, id=11884, stack(0x0000004360a00000,0x0000004360b00000) (1024K)]
  0x0000022469fdec00 JavaThread "Craft Scheduler Thread - 223"        [_thread_blocked, id=31324, stack(0x0000004365400000,0x0000004365500000) (1024K)]
  0x0000022464542000 JavaThread "Craft Scheduler Thread - 224"        [_thread_blocked, id=3020, stack(0x0000004363a00000,0x0000004363b00000) (1024K)]
  0x0000022424aa0970 JavaThread "Craft Scheduler Thread - 229"        [_thread_blocked, id=41028, stack(0x000000435ed00000,0x000000435ee00000) (1024K)]
  0x000002240fc60700 JavaThread "Craft Scheduler Thread - 231"        [_thread_blocked, id=9668, stack(0x0000004361000000,0x0000004361100000) (1024K)]
  0x000002246a5d5f10 JavaThread "Craft Scheduler Thread - 233"        [_thread_blocked, id=35524, stack(0x0000004360b00000,0x0000004360c00000) (1024K)]
  0x000002246a5d66e0 JavaThread "Craft Scheduler Thread - 234"        [_thread_blocked, id=36960, stack(0x0000004368c00000,0x0000004368d00000) (1024K)]
  0x000002241dc211e0 JavaThread "Craft Scheduler Thread - 236"        [_thread_blocked, id=28132, stack(0x0000004370800000,0x0000004370900000) (1024K)]
  0x000002246a5d5740 JavaThread "Craft Scheduler Thread - 238"        [_thread_blocked, id=2736, stack(0x000000436e000000,0x000000436e100000) (1024K)]
  0x000002240fc5f760 JavaThread "Craft Scheduler Thread - 239"        [_thread_blocked, id=13972, stack(0x000000436e500000,0x000000436e600000) (1024K)]
  0x000002240fc5ef90 JavaThread "Craft Scheduler Thread - 240"        [_thread_blocked, id=36704, stack(0x000000436f700000,0x000000436f800000) (1024K)]
  0x0000022469016890 JavaThread "Craft Scheduler Thread - 241"        [_thread_blocked, id=28688, stack(0x0000004371600000,0x0000004371700000) (1024K)]
  0x000002240eae9060 JavaThread "Craft Scheduler Thread - 242"        [_thread_blocked, id=26280, stack(0x000000435ea00000,0x000000435eb00000) (1024K)]
  0x0000022469017060 JavaThread "Craft Scheduler Thread - 243"        [_thread_blocked, id=39252, stack(0x0000004368f00000,0x0000004369000000) (1024K)]
Total: 329

Other Threads:
  0x000002245c7feea0 VMThread "VM Thread"                           [id=30124, stack(0x000000435e000000,0x000000435e100000) (1024K)]
  0x000002245fc109d0 WatcherThread "VM Periodic Task Thread"        [id=29748, stack(0x000000435df00000,0x000000435e000000) (1024K)]
  0x000002245c6910a0 WorkerThread "GC Thread#0"                     [id=24732, stack(0x000000435da00000,0x000000435db00000) (1024K)]
  0x0000022464099300 WorkerThread "GC Thread#1"                     [id=4464, stack(0x000000435ee00000,0x000000435ef00000) (1024K)]
  0x0000022464099b40 WorkerThread "GC Thread#2"                     [id=4460, stack(0x000000435ef00000,0x000000435f000000) (1024K)]
  0x000002246409a380 WorkerThread "GC Thread#3"                     [id=6612, stack(0x000000435f000000,0x000000435f100000) (1024K)]
  0x000002245ff16000 WorkerThread "GC Thread#4"                     [id=19984, stack(0x000000435f100000,0x000000435f200000) (1024K)]
  0x000002245ff193c0 WorkerThread "GC Thread#5"                     [id=1940, stack(0x000000435f200000,0x000000435f300000) (1024K)]
  0x000002245ff16450 WorkerThread "GC Thread#6"                     [id=30628, stack(0x000000435f300000,0x000000435f400000) (1024K)]
  0x000002245ff19810 WorkerThread "GC Thread#7"                     [id=2120, stack(0x000000435f400000,0x000000435f500000) (1024K)]
  0x000002245ff168a0 WorkerThread "GC Thread#8"                     [id=24344, stack(0x000000435f500000,0x000000435f600000) (1024K)]
  0x000002245ff17140 WorkerThread "GC Thread#9"                     [id=29152, stack(0x000000435f600000,0x000000435f700000) (1024K)]
  0x000002245ff16cf0 WorkerThread "GC Thread#10"                    [id=30460, stack(0x000000435f700000,0x000000435f800000) (1024K)]
  0x000002245ff17590 WorkerThread "GC Thread#11"                    [id=2980, stack(0x000000435f800000,0x000000435f900000) (1024K)]
  0x000002245ff179e0 WorkerThread "GC Thread#12"                    [id=3480, stack(0x000000435f900000,0x000000435fa00000) (1024K)]
  0x000002245ff17e30 WorkerThread "GC Thread#13"                    [id=4752, stack(0x000000435fa00000,0x000000435fb00000) (1024K)]
  0x000002245ff18280 WorkerThread "GC Thread#14"                    [id=4756, stack(0x000000435fb00000,0x000000435fc00000) (1024K)]
  0x000002245ff18b20 WorkerThread "GC Thread#15"                    [id=4740, stack(0x000000435fc00000,0x000000435fd00000) (1024K)]
  0x000002245ff186d0 WorkerThread "GC Thread#16"                    [id=22852, stack(0x000000435fd00000,0x000000435fe00000) (1024K)]
  0x000002245ff18f70 WorkerThread "GC Thread#17"                    [id=1984, stack(0x000000435fe00000,0x000000435ff00000) (1024K)]
  0x000002242ff7e470 ConcurrentGCThread "G1 Main Marker"            [id=29100, stack(0x000000435db00000,0x000000435dc00000) (1024K)]
  0x000002245c69e140 WorkerThread "G1 Conc#0"                       [id=28588, stack(0x000000435dc00000,0x000000435dd00000) (1024K)]
  0x000002245fd2c6e0 WorkerThread "G1 Conc#1"                       [id=14592, stack(0x0000004360500000,0x0000004360600000) (1024K)]
  0x000002245fd2cf80 WorkerThread "G1 Conc#2"                       [id=11696, stack(0x0000004360600000,0x0000004360700000) (1024K)]
  0x000002245fd2d820 WorkerThread "G1 Conc#3"                       [id=28196, stack(0x0000004360700000,0x0000004360800000) (1024K)]
  0x000002245fd2b9f0 WorkerThread "G1 Conc#4"                       [id=28056, stack(0x0000004360800000,0x0000004360900000) (1024K)]
  0x000002245c7312e0 ConcurrentGCThread "G1 Refine#0"               [id=29404, stack(0x000000435dd00000,0x000000435de00000) (1024K)]
  0x000002245c733e00 ConcurrentGCThread "G1 Service"                [id=24588, stack(0x000000435de00000,0x000000435df00000) (1024K)]
Total: 28

Threads with active compile tasks:
C2 CompilerThread0  4577788 84616       4       java.awt.geom.Area::pathToCurves (292 bytes)
Total: 1

VM state: not at safepoint (normal execution)

VM Mutex/Monitor currently owned by a thread: None

Heap address: 0x0000000400000000, size: 16384 MB, Compressed Oops mode: Zero based, Oop shift amount: 3

CDS archive(s) mapped at: [0x0000000033000000-0x0000000033dd0000-0x0000000033dd0000), size 14483456, SharedBaseAddress: 0x0000000033000000, ArchiveRelocationMode: 1.
Compressed class space mapped at: 0x0000000034000000-0x0000000074000000, reserved size: 1073741824
UseCompressedClassPointers 1, UseCompactObjectHeaders 0
Narrow klass pointer bits 32, Max shift 3
Narrow klass base: 0x0000000033000000, Narrow klass shift: 0
Encoding Range: [0x0000000033000000 - 0x0000000133000000), (4294967296 bytes)
Klass Range:    [0x0000000033010000 - 0x0000000074000000), (1090453504 bytes)
Klass ID Range:  [65536 - 1090519033) (1090453497)
Protection zone: [0x0000000033000000 - 0x0000000033010000), (65536 bytes)

GC Precious Log:
 CardTable entry size: 512
 Card Set container configuration: InlinePtr #cards 4 size 8 Array Of Cards #cards 64 size 144 Howl #buckets 8 coarsen threshold 14745 Howl Bitmap #cards 2048 size 272 coarsen threshold 1843 Card regions per heap region 1 cards per card region 16384
 CPUs: 24 total, 24 available
 Memory: 65239M
 Large Page Support: Disabled
 NUMA Support: Disabled
 Compressed Oops: Enabled (Zero based)
 Heap Region Size: 8M
 Heap Min Capacity: 1G
 Heap Initial Capacity: 1G
 Heap Max Capacity: 16G
 Pre-touch: Disabled
 Parallel Workers: 18
 Concurrent Workers: 5
 Concurrent Refinement Workers: 18
 Periodic GC: Disabled

Heap:
 garbage-first heap   total reserved 16777216K, committed 5087232K, used 4478273K [0x0000000400000000, 0x0000000800000000)
  region size 8192K, 320 young (2621440K), 5 survivors (40960K)

Heap Regions: E=young(eden), S=young(survivor), O=old, HS=humongous(starts), HC=humongous(continues), CS=collection set, F=free, TAMS=top-at-mark-start, PB=parsable bottom
|   0|0x0000000400000000, 0x0000000400800000, 0x0000000400800000|100%| O|  |TAMS 0x0000000400000000| PB 0x0000000400000000| Untracked |  0
|   1|0x0000000400800000, 0x0000000400fffff8, 0x0000000401000000| 99%| O|  |TAMS 0x0000000400800000| PB 0x0000000400800000| Untracked |  0
|   2|0x0000000401000000, 0x0000000401000000, 0x0000000401800000|  0%| F|  |TAMS 0x0000000401000000| PB 0x0000000401000000| Untracked |  0
|   3|0x0000000401800000, 0x0000000402000000, 0x0000000402000000|100%| O|  |TAMS 0x0000000401800000| PB 0x0000000401800000| Untracked |  0
|   4|0x0000000402000000, 0x0000000402800000, 0x0000000402800000|100%| O|  |TAMS 0x0000000402000000| PB 0x0000000402000000| Untracked |  0
|   5|0x0000000402800000, 0x0000000403000000, 0x0000000403000000|100%| O|  |TAMS 0x0000000402800000| PB 0x0000000402800000| Untracked |  0
|   6|0x0000000403000000, 0x0000000403800000, 0x0000000403800000|100%| O|  |TAMS 0x0000000403000000| PB 0x0000000403000000| Untracked |  0
|   7|0x0000000403800000, 0x0000000404000000, 0x0000000404000000|100%| O|  |TAMS 0x0000000403800000| PB 0x0000000403800000| Untracked |  0
|   8|0x0000000404000000, 0x0000000404800000, 0x0000000404800000|100%| O|  |TAMS 0x0000000404000000| PB 0x0000000404000000| Untracked |  0
|   9|0x0000000404800000, 0x0000000405000000, 0x0000000405000000|100%| O|  |TAMS 0x0000000404800000| PB 0x0000000404800000| Untracked |  0
|  10|0x0000000405000000, 0x0000000405800000, 0x0000000405800000|100%| O|  |TAMS 0x0000000405000000| PB 0x0000000405000000| Untracked |  0
|  11|0x0000000405800000, 0x0000000406000000, 0x0000000406000000|100%| O|  |TAMS 0x0000000405800000| PB 0x0000000405800000| Untracked |  0
|  12|0x0000000406000000, 0x00000004067af868, 0x0000000406800000| 96%| O|  |TAMS 0x0000000406000000| PB 0x0000000406000000| Untracked |  0
|  13|0x0000000406800000, 0x0000000406fffff8, 0x0000000407000000| 99%| O|  |TAMS 0x0000000406800000| PB 0x0000000406800000| Untracked |  0
|  14|0x0000000407000000, 0x0000000407800000, 0x0000000407800000|100%| O|  |TAMS 0x0000000407000000| PB 0x0000000407000000| Untracked |  0
|  15|0x0000000407800000, 0x0000000408000000, 0x0000000408000000|100%| O|  |TAMS 0x0000000407800000| PB 0x0000000407800000| Untracked |  0
|  16|0x0000000408000000, 0x0000000408800000, 0x0000000408800000|100%| O|  |TAMS 0x0000000408000000| PB 0x0000000408000000| Untracked |  0
|  17|0x0000000408800000, 0x0000000409000000, 0x0000000409000000|100%| O|  |TAMS 0x0000000408800000| PB 0x0000000408800000| Untracked |  0
|  18|0x0000000409000000, 0x0000000409800000, 0x0000000409800000|100%| O|  |TAMS 0x0000000409000000| PB 0x0000000409000000| Untracked |  0
|  19|0x0000000409800000, 0x000000040a000000, 0x000000040a000000|100%| O|  |TAMS 0x0000000409800000| PB 0x0000000409800000| Untracked |  0
|  20|0x000000040a000000, 0x000000040a7fffd0, 0x000000040a800000| 99%| O|  |TAMS 0x000000040a000000| PB 0x000000040a000000| Untracked |  0
|  21|0x000000040a800000, 0x000000040afffff8, 0x000000040b000000| 99%| O|  |TAMS 0x000000040a800000| PB 0x000000040a800000| Untracked |  0
|  22|0x000000040b000000, 0x000000040b7ffff0, 0x000000040b800000| 99%| O|  |TAMS 0x000000040b000000| PB 0x000000040b000000| Untracked |  0
|  23|0x000000040b800000, 0x000000040bfffff0, 0x000000040c000000| 99%| O|  |TAMS 0x000000040b800000| PB 0x000000040b800000| Untracked |  0
|  24|0x000000040c000000, 0x000000040c800000, 0x000000040c800000|100%| O|  |TAMS 0x000000040c000000| PB 0x000000040c000000| Untracked |  0
|  25|0x000000040c800000, 0x000000040d000000, 0x000000040d000000|100%| O|  |TAMS 0x000000040c800000| PB 0x000000040c800000| Untracked |  0
|  26|0x000000040d000000, 0x000000040d800000, 0x000000040d800000|100%| O|  |TAMS 0x000000040d000000| PB 0x000000040d000000| Untracked |  0
|  27|0x000000040d800000, 0x000000040dfffff0, 0x000000040e000000| 99%| O|  |TAMS 0x000000040d800000| PB 0x000000040d800000| Untracked |  0
|  28|0x000000040e000000, 0x000000040e7ffff8, 0x000000040e800000| 99%| O|  |TAMS 0x000000040e000000| PB 0x000000040e000000| Untracked |  0
|  29|0x000000040e800000, 0x000000040efffff0, 0x000000040f000000| 99%| O|  |TAMS 0x000000040e800000| PB 0x000000040e800000| Untracked |  0
|  30|0x000000040f000000, 0x000000040f7fffe0, 0x000000040f800000| 99%| O|  |TAMS 0x000000040f000000| PB 0x000000040f000000| Untracked |  0
|  31|0x000000040f800000, 0x000000040ffffff0, 0x0000000410000000| 99%| O|  |TAMS 0x000000040f800000| PB 0x000000040f800000| Untracked |  0
|  32|0x0000000410000000, 0x00000004107ffff8, 0x0000000410800000| 99%| O|  |TAMS 0x0000000410000000| PB 0x0000000410000000| Untracked |  0
|  33|0x0000000410800000, 0x0000000410ffff38, 0x0000000411000000| 99%| O|  |TAMS 0x0000000410800000| PB 0x0000000410800000| Untracked |  0
|  34|0x0000000411000000, 0x00000004117ffff8, 0x0000000411800000| 99%| O|  |TAMS 0x0000000411000000| PB 0x0000000411000000| Untracked |  0
|  35|0x0000000411800000, 0x0000000411ffffe0, 0x0000000412000000| 99%| O|  |TAMS 0x0000000411800000| PB 0x0000000411800000| Untracked |  0
|  36|0x0000000412000000, 0x00000004127fffe8, 0x0000000412800000| 99%| O|  |TAMS 0x0000000412000000| PB 0x0000000412000000| Untracked |  0
|  37|0x0000000412800000, 0x0000000412fffff0, 0x0000000413000000| 99%| O|  |TAMS 0x0000000412800000| PB 0x0000000412800000| Untracked |  0
|  38|0x0000000413000000, 0x0000000413800000, 0x0000000413800000|100%| O|  |TAMS 0x0000000413000000| PB 0x0000000413000000| Untracked |  0
|  39|0x0000000413800000, 0x0000000414000000, 0x0000000414000000|100%| O|  |TAMS 0x0000000413800000| PB 0x0000000413800000| Untracked |  0
|  40|0x0000000414000000, 0x00000004147fe528, 0x0000000414800000| 99%| O|  |TAMS 0x0000000414000000| PB 0x0000000414000000| Untracked |  0
|  41|0x0000000414800000, 0x0000000414fffff0, 0x0000000415000000| 99%| O|  |TAMS 0x0000000414800000| PB 0x0000000414800000| Untracked |  0
|  42|0x0000000415000000, 0x00000004157ffff0, 0x0000000415800000| 99%| O|  |TAMS 0x0000000415000000| PB 0x0000000415000000| Untracked |  0
|  43|0x0000000415800000, 0x0000000415fbec58, 0x0000000416000000| 96%| O|  |TAMS 0x0000000415800000| PB 0x0000000415800000| Untracked |  0
|  44|0x0000000416000000, 0x00000004167ffff8, 0x0000000416800000| 99%| O|  |TAMS 0x0000000416000000| PB 0x0000000416000000| Untracked |  0
|  45|0x0000000416800000, 0x0000000417000000, 0x0000000417000000|100%| O|  |TAMS 0x0000000416800000| PB 0x0000000416800000| Untracked |  0
|  46|0x0000000417000000, 0x0000000417800000, 0x0000000417800000|100%| O|  |TAMS 0x0000000417000000| PB 0x0000000417000000| Untracked |  0
|  47|0x0000000417800000, 0x0000000418000000, 0x0000000418000000|100%| O|  |TAMS 0x0000000417800000| PB 0x0000000417800000| Untracked |  0
|  48|0x0000000418000000, 0x000000041860f260, 0x0000000418800000| 75%| O|  |TAMS 0x0000000418000000| PB 0x0000000418000000| Untracked |  0
|  49|0x0000000418800000, 0x0000000419000000, 0x0000000419000000|100%| O|  |TAMS 0x0000000418800000| PB 0x0000000418800000| Untracked |  0
|  50|0x0000000419000000, 0x00000004197ffff8, 0x0000000419800000| 99%| O|  |TAMS 0x0000000419000000| PB 0x0000000419000000| Untracked |  0
|  51|0x0000000419800000, 0x0000000419fffff8, 0x000000041a000000| 99%| O|  |TAMS 0x0000000419800000| PB 0x0000000419800000| Untracked |  0
|  52|0x000000041a000000, 0x000000041a7fffe8, 0x000000041a800000| 99%| O|  |TAMS 0x000000041a000000| PB 0x000000041a000000| Untracked |  0
|  53|0x000000041a800000, 0x000000041afffff0, 0x000000041b000000| 99%| O|  |TAMS 0x000000041a800000| PB 0x000000041a800000| Untracked |  0
|  54|0x000000041b000000, 0x000000041b7ffff8, 0x000000041b800000| 99%| O|  |TAMS 0x000000041b000000| PB 0x000000041b000000| Untracked |  0
|  55|0x000000041b800000, 0x000000041bdaeea8, 0x000000041c000000| 71%| O|  |TAMS 0x000000041b800000| PB 0x000000041b800000| Untracked |  0
|  56|0x000000041c000000, 0x000000041c800000, 0x000000041c800000|100%| O|  |TAMS 0x000000041c000000| PB 0x000000041c000000| Untracked |  0
|  57|0x000000041c800000, 0x000000041d000000, 0x000000041d000000|100%| O|  |TAMS 0x000000041c800000| PB 0x000000041c800000| Untracked |  0
|  58|0x000000041d000000, 0x000000041d7fff30, 0x000000041d800000| 99%| O|  |TAMS 0x000000041d000000| PB 0x000000041d000000| Untracked |  0
|  59|0x000000041d800000, 0x000000041dfb5038, 0x000000041e000000| 96%| O|  |TAMS 0x000000041d800000| PB 0x000000041d800000| Untracked |  0
|  60|0x000000041e000000, 0x000000041e7ffff8, 0x000000041e800000| 99%| O|  |TAMS 0x000000041e000000| PB 0x000000041e000000| Untracked |  0
|  61|0x000000041e800000, 0x000000041efbb178, 0x000000041f000000| 96%| O|  |TAMS 0x000000041e800000| PB 0x000000041e800000| Untracked |  0
|  62|0x000000041f000000, 0x000000041f800000, 0x000000041f800000|100%| O|  |TAMS 0x000000041f000000| PB 0x000000041f000000| Untracked |  0
|  63|0x000000041f800000, 0x000000041fffffd0, 0x0000000420000000| 99%| O|  |TAMS 0x000000041f800000| PB 0x000000041f800000| Untracked |  0
|  64|0x0000000420000000, 0x0000000420800000, 0x0000000420800000|100%| O|  |TAMS 0x0000000420000000| PB 0x0000000420000000| Untracked |  0
|  65|0x0000000420800000, 0x0000000421000000, 0x0000000421000000|100%| O|  |TAMS 0x0000000420800000| PB 0x0000000420800000| Untracked |  0
|  66|0x0000000421000000, 0x0000000421800000, 0x0000000421800000|100%| O|  |TAMS 0x0000000421000000| PB 0x0000000421000000| Untracked |  0
|  67|0x0000000421800000, 0x0000000422000000, 0x0000000422000000|100%| O|  |TAMS 0x0000000421800000| PB 0x0000000421800000| Untracked |  0
|  68|0x0000000422000000, 0x0000000422800000, 0x0000000422800000|100%| O|  |TAMS 0x0000000422000000| PB 0x0000000422000000| Untracked |  0
|  69|0x0000000422800000, 0x0000000423000000, 0x0000000423000000|100%| O|  |TAMS 0x0000000422800000| PB 0x0000000422800000| Untracked |  0
|  70|0x0000000423000000, 0x0000000423800000, 0x0000000423800000|100%| O|  |TAMS 0x0000000423000000| PB 0x0000000423000000| Untracked |  0
|  71|0x0000000423800000, 0x0000000424000000, 0x0000000424000000|100%| O|  |TAMS 0x0000000423800000| PB 0x0000000423800000| Untracked |  0
|  72|0x0000000424000000, 0x0000000424800000, 0x0000000424800000|100%| O|  |TAMS 0x0000000424000000| PB 0x0000000424000000| Untracked |  0
|  73|0x0000000424800000, 0x0000000425000000, 0x0000000425000000|100%| O|  |TAMS 0x0000000424800000| PB 0x0000000424800000| Untracked |  0
|  74|0x0000000425000000, 0x0000000425800000, 0x0000000425800000|100%| O|  |TAMS 0x0000000425000000| PB 0x0000000425000000| Untracked |  0
|  75|0x0000000425800000, 0x0000000426000000, 0x0000000426000000|100%| O|  |TAMS 0x0000000425800000| PB 0x0000000425800000| Untracked |  0
|  76|0x0000000426000000, 0x0000000426800000, 0x0000000426800000|100%| O|  |TAMS 0x0000000426000000| PB 0x0000000426000000| Untracked |  0
|  77|0x0000000426800000, 0x0000000427000000, 0x0000000427000000|100%| O|  |TAMS 0x0000000426800000| PB 0x0000000426800000| Untracked |  0
|  78|0x0000000427000000, 0x0000000427800000, 0x0000000427800000|100%| O|  |TAMS 0x0000000427000000| PB 0x0000000427000000| Untracked |  0
|  79|0x0000000427800000, 0x0000000428000000, 0x0000000428000000|100%| O|  |TAMS 0x0000000427800000| PB 0x0000000427800000| Untracked |  0
|  80|0x0000000428000000, 0x0000000428800000, 0x0000000428800000|100%| O|  |TAMS 0x0000000428000000| PB 0x0000000428000000| Untracked |  0
|  81|0x0000000428800000, 0x0000000429000000, 0x0000000429000000|100%| O|  |TAMS 0x0000000428800000| PB 0x0000000428800000| Untracked |  0
|  82|0x0000000429000000, 0x0000000429800000, 0x0000000429800000|100%| O|  |TAMS 0x0000000429000000| PB 0x0000000429000000| Untracked |  0
|  83|0x0000000429800000, 0x000000042a000000, 0x000000042a000000|100%|HS|  |TAMS 0x0000000429800000| PB 0x0000000429800000| Complete |  0
|  84|0x000000042a000000, 0x000000042a800000, 0x000000042a800000|100%|HC|  |TAMS 0x000000042a000000| PB 0x000000042a000000| Complete |  0
|  85|0x000000042a800000, 0x000000042b000000, 0x000000042b000000|100%|HC|  |TAMS 0x000000042a800000| PB 0x000000042a800000| Complete |  0
|  86|0x000000042b000000, 0x000000042b800000, 0x000000042b800000|100%| O|  |TAMS 0x000000042b000000| PB 0x000000042b000000| Untracked |  0
|  87|0x000000042b800000, 0x000000042c000000, 0x000000042c000000|100%| O|  |TAMS 0x000000042b800000| PB 0x000000042b800000| Untracked |  0
|  88|0x000000042c000000, 0x000000042c7fffc8, 0x000000042c800000| 99%| O|  |TAMS 0x000000042c000000| PB 0x000000042c000000| Untracked |  0
|  89|0x000000042c800000, 0x000000042ce685b8, 0x000000042d000000| 80%| O|  |TAMS 0x000000042c800000| PB 0x000000042c800000| Untracked |  0
|  90|0x000000042d000000, 0x000000042d7ffff8, 0x000000042d800000| 99%| O|  |TAMS 0x000000042d000000| PB 0x000000042d000000| Untracked |  0
|  91|0x000000042d800000, 0x000000042dd65080, 0x000000042e000000| 67%| O|  |TAMS 0x000000042d800000| PB 0x000000042d800000| Untracked |  0
|  92|0x000000042e000000, 0x000000042e439a40, 0x000000042e800000| 52%| O|  |TAMS 0x000000042e000000| PB 0x000000042e000000| Untracked |  0
|  93|0x000000042e800000, 0x000000042f000000, 0x000000042f000000|100%| O|  |TAMS 0x000000042e800000| PB 0x000000042e800000| Untracked |  0
|  94|0x000000042f000000, 0x000000042f800000, 0x000000042f800000|100%| O|  |TAMS 0x000000042f000000| PB 0x000000042f000000| Untracked |  0
|  95|0x000000042f800000, 0x0000000430000000, 0x0000000430000000|100%| O|  |TAMS 0x000000042f800000| PB 0x000000042f800000| Untracked |  0
|  96|0x0000000430000000, 0x0000000430800000, 0x0000000430800000|100%| O|  |TAMS 0x0000000430000000| PB 0x0000000430000000| Untracked |  0
|  97|0x0000000430800000, 0x0000000431000000, 0x0000000431000000|100%| O|  |TAMS 0x0000000430800000| PB 0x0000000430800000| Untracked |  0
|  98|0x0000000431000000, 0x0000000431800000, 0x0000000431800000|100%| O|  |TAMS 0x0000000431000000| PB 0x0000000431000000| Untracked |  0
|  99|0x0000000431800000, 0x0000000432000000, 0x0000000432000000|100%| O|  |TAMS 0x0000000431800000| PB 0x0000000431800000| Untracked |  0
| 100|0x0000000432000000, 0x0000000432800000, 0x0000000432800000|100%| O|  |TAMS 0x0000000432000000| PB 0x0000000432000000| Untracked |  0
| 101|0x0000000432800000, 0x0000000433000000, 0x0000000433000000|100%| O|  |TAMS 0x0000000432800000| PB 0x0000000432800000| Untracked |  0
| 102|0x0000000433000000, 0x0000000433800000, 0x0000000433800000|100%| O|  |TAMS 0x0000000433000000| PB 0x0000000433000000| Untracked |  0
| 103|0x0000000433800000, 0x0000000434000000, 0x0000000434000000|100%| O|  |TAMS 0x0000000433800000| PB 0x0000000433800000| Untracked |  0
| 104|0x0000000434000000, 0x0000000434800000, 0x0000000434800000|100%| O|  |TAMS 0x0000000434000000| PB 0x0000000434000000| Untracked |  0
| 105|0x0000000434800000, 0x0000000435000000, 0x0000000435000000|100%| O|  |TAMS 0x0000000434800000| PB 0x0000000434800000| Untracked |  0
| 106|0x0000000435000000, 0x0000000435800000, 0x0000000435800000|100%| O|  |TAMS 0x0000000435000000| PB 0x0000000435000000| Untracked |  0
| 107|0x0000000435800000, 0x0000000436000000, 0x0000000436000000|100%| O|  |TAMS 0x0000000435800000| PB 0x0000000435800000| Untracked |  0
| 108|0x0000000436000000, 0x0000000436800000, 0x0000000436800000|100%| O|  |TAMS 0x0000000436000000| PB 0x0000000436000000| Untracked |  0
| 109|0x0000000436800000, 0x0000000437000000, 0x0000000437000000|100%| O|  |TAMS 0x0000000436800000| PB 0x0000000436800000| Untracked |  0
| 110|0x0000000437000000, 0x0000000437800000, 0x0000000437800000|100%| O|  |TAMS 0x0000000437000000| PB 0x0000000437000000| Untracked |  0
| 111|0x0000000437800000, 0x0000000438000000, 0x0000000438000000|100%| O|  |TAMS 0x0000000437800000| PB 0x0000000437800000| Untracked |  0
| 112|0x0000000438000000, 0x0000000438800000, 0x0000000438800000|100%| O|  |TAMS 0x0000000438000000| PB 0x0000000438000000| Untracked |  0
| 113|0x0000000438800000, 0x0000000439000000, 0x0000000439000000|100%| O|  |TAMS 0x0000000438800000| PB 0x0000000438800000| Untracked |  0
| 114|0x0000000439000000, 0x0000000439800000, 0x0000000439800000|100%| O|  |TAMS 0x0000000439000000| PB 0x0000000439000000| Untracked |  0
| 115|0x0000000439800000, 0x000000043a000000, 0x000000043a000000|100%| O|  |TAMS 0x0000000439800000| PB 0x0000000439800000| Untracked |  0
| 116|0x000000043a000000, 0x000000043a800000, 0x000000043a800000|100%| O|  |TAMS 0x000000043a000000| PB 0x000000043a000000| Untracked |  0
| 117|0x000000043a800000, 0x000000043b000000, 0x000000043b000000|100%| O|  |TAMS 0x000000043a800000| PB 0x000000043a800000| Untracked |  0
| 118|0x000000043b000000, 0x000000043b800000, 0x000000043b800000|100%| O|  |TAMS 0x000000043b000000| PB 0x000000043b000000| Untracked |  0
| 119|0x000000043b800000, 0x000000043c000000, 0x000000043c000000|100%|HS|  |TAMS 0x000000043b800000| PB 0x000000043b800000| Complete |  0
| 120|0x000000043c000000, 0x000000043c800000, 0x000000043c800000|100%|HC|  |TAMS 0x000000043c000000| PB 0x000000043c000000| Complete |  0
| 121|0x000000043c800000, 0x000000043d000000, 0x000000043d000000|100%|HC|  |TAMS 0x000000043c800000| PB 0x000000043c800000| Complete |  0
| 122|0x000000043d000000, 0x000000043d800000, 0x000000043d800000|100%| O|  |TAMS 0x000000043d000000| PB 0x000000043d000000| Untracked |  0
| 123|0x000000043d800000, 0x000000043e000000, 0x000000043e000000|100%| O|  |TAMS 0x000000043d800000| PB 0x000000043d800000| Untracked |  0
| 124|0x000000043e000000, 0x000000043e800000, 0x000000043e800000|100%| O|  |TAMS 0x000000043e000000| PB 0x000000043e000000| Untracked |  0
| 125|0x000000043e800000, 0x000000043f000000, 0x000000043f000000|100%| O|  |TAMS 0x000000043e800000| PB 0x000000043e800000| Untracked |  0
| 126|0x000000043f000000, 0x000000043f800000, 0x000000043f800000|100%| O|  |TAMS 0x000000043f000000| PB 0x000000043f000000| Untracked |  0
| 127|0x000000043f800000, 0x0000000440000000, 0x0000000440000000|100%| O|  |TAMS 0x000000043f800000| PB 0x000000043f800000| Untracked |  0
| 128|0x0000000440000000, 0x0000000440800000, 0x0000000440800000|100%| O|  |TAMS 0x0000000440000000| PB 0x0000000440000000| Untracked |  0
| 129|0x0000000440800000, 0x0000000441000000, 0x0000000441000000|100%| O|  |TAMS 0x0000000440800000| PB 0x0000000440800000| Untracked |  0
| 130|0x0000000441000000, 0x0000000441800000, 0x0000000441800000|100%| O|  |TAMS 0x0000000441000000| PB 0x0000000441000000| Untracked |  0
| 131|0x0000000441800000, 0x0000000442000000, 0x0000000442000000|100%| O|  |TAMS 0x0000000441800000| PB 0x0000000441800000| Untracked |  0
| 132|0x0000000442000000, 0x0000000442800000, 0x0000000442800000|100%| O|  |TAMS 0x0000000442000000| PB 0x0000000442000000| Untracked |  0
| 133|0x0000000442800000, 0x0000000443000000, 0x0000000443000000|100%| O|  |TAMS 0x0000000442800000| PB 0x0000000442800000| Untracked |  0
| 134|0x0000000443000000, 0x0000000443800000, 0x0000000443800000|100%| O|  |TAMS 0x0000000443000000| PB 0x0000000443000000| Untracked |  0
| 135|0x0000000443800000, 0x0000000444000000, 0x0000000444000000|100%| O|  |TAMS 0x0000000443800000| PB 0x0000000443800000| Untracked |  0
| 136|0x0000000444000000, 0x0000000444800000, 0x0000000444800000|100%| O|  |TAMS 0x0000000444000000| PB 0x0000000444000000| Untracked |  0
| 137|0x0000000444800000, 0x0000000445000000, 0x0000000445000000|100%| O|  |TAMS 0x0000000444800000| PB 0x0000000444800000| Untracked |  0
| 138|0x0000000445000000, 0x0000000445800000, 0x0000000445800000|100%| O|  |TAMS 0x0000000445000000| PB 0x0000000445000000| Untracked |  0
| 139|0x0000000445800000, 0x0000000446000000, 0x0000000446000000|100%| O|  |TAMS 0x0000000445800000| PB 0x0000000445800000| Untracked |  0
| 140|0x0000000446000000, 0x0000000446800000, 0x0000000446800000|100%| O|  |TAMS 0x0000000446000000| PB 0x0000000446000000| Untracked |  0
| 141|0x0000000446800000, 0x0000000447000000, 0x0000000447000000|100%| O|  |TAMS 0x0000000446800000| PB 0x0000000446800000| Untracked |  0
| 142|0x0000000447000000, 0x0000000447800000, 0x0000000447800000|100%| O|  |TAMS 0x0000000447000000| PB 0x0000000447000000| Untracked |  0
| 143|0x0000000447800000, 0x0000000448000000, 0x0000000448000000|100%| O|  |TAMS 0x0000000447800000| PB 0x0000000447800000| Untracked |  0
| 144|0x0000000448000000, 0x0000000448800000, 0x0000000448800000|100%| O|  |TAMS 0x0000000448000000| PB 0x0000000448000000| Untracked |  0
| 145|0x0000000448800000, 0x0000000449000000, 0x0000000449000000|100%| O|  |TAMS 0x0000000448800000| PB 0x0000000448800000| Untracked |  0
| 146|0x0000000449000000, 0x0000000449800000, 0x0000000449800000|100%| O|  |TAMS 0x0000000449000000| PB 0x0000000449000000| Untracked |  0
| 147|0x0000000449800000, 0x000000044a000000, 0x000000044a000000|100%| O|  |TAMS 0x0000000449800000| PB 0x0000000449800000| Untracked |  0
| 148|0x000000044a000000, 0x000000044a800000, 0x000000044a800000|100%| O|  |TAMS 0x000000044a000000| PB 0x000000044a000000| Untracked |  0
| 149|0x000000044a800000, 0x000000044b000000, 0x000000044b000000|100%| O|  |TAMS 0x000000044a800000| PB 0x000000044a800000| Untracked |  0
| 150|0x000000044b000000, 0x000000044b800000, 0x000000044b800000|100%| O|  |TAMS 0x000000044b000000| PB 0x000000044b000000| Untracked |  0
| 151|0x000000044b800000, 0x000000044c000000, 0x000000044c000000|100%| O|  |TAMS 0x000000044b800000| PB 0x000000044b800000| Untracked |  0
| 152|0x000000044c000000, 0x000000044c800000, 0x000000044c800000|100%| O|  |TAMS 0x000000044c000000| PB 0x000000044c000000| Untracked |  0
| 153|0x000000044c800000, 0x000000044d000000, 0x000000044d000000|100%|HS|  |TAMS 0x000000044c800000| PB 0x000000044c800000| Complete |  0
| 154|0x000000044d000000, 0x000000044d800000, 0x000000044d800000|100%|HC|  |TAMS 0x000000044d000000| PB 0x000000044d000000| Complete |  0
| 155|0x000000044d800000, 0x000000044e000000, 0x000000044e000000|100%|HC|  |TAMS 0x000000044d800000| PB 0x000000044d800000| Complete |  0
| 156|0x000000044e000000, 0x000000044e800000, 0x000000044e800000|100%| O|  |TAMS 0x000000044e000000| PB 0x000000044e000000| Untracked |  0
| 157|0x000000044e800000, 0x000000044f000000, 0x000000044f000000|100%| O|  |TAMS 0x000000044e800000| PB 0x000000044e800000| Untracked |  0
| 158|0x000000044f000000, 0x000000044f800000, 0x000000044f800000|100%| O|  |TAMS 0x000000044f000000| PB 0x000000044f000000| Untracked |  0
| 159|0x000000044f800000, 0x0000000450000000, 0x0000000450000000|100%| O|  |TAMS 0x000000044f800000| PB 0x000000044f800000| Untracked |  0
| 160|0x0000000450000000, 0x0000000450800000, 0x0000000450800000|100%| O|  |TAMS 0x0000000450000000| PB 0x0000000450000000| Untracked |  0
| 161|0x0000000450800000, 0x0000000451000000, 0x0000000451000000|100%| O|  |TAMS 0x0000000450800000| PB 0x0000000450800000| Untracked |  0
| 162|0x0000000451000000, 0x0000000451800000, 0x0000000451800000|100%| O|  |TAMS 0x0000000451000000| PB 0x0000000451000000| Untracked |  0
| 163|0x0000000451800000, 0x0000000452000000, 0x0000000452000000|100%| O|  |TAMS 0x0000000451800000| PB 0x0000000451800000| Untracked |  0
| 164|0x0000000452000000, 0x0000000452800000, 0x0000000452800000|100%| O|  |TAMS 0x0000000452000000| PB 0x0000000452000000| Untracked |  0
| 165|0x0000000452800000, 0x0000000453000000, 0x0000000453000000|100%| O|  |TAMS 0x0000000452800000| PB 0x0000000452800000| Untracked |  0
| 166|0x0000000453000000, 0x0000000453800000, 0x0000000453800000|100%| O|  |TAMS 0x0000000453000000| PB 0x0000000453000000| Untracked |  0
| 167|0x0000000453800000, 0x0000000454000000, 0x0000000454000000|100%| O|  |TAMS 0x0000000453800000| PB 0x0000000453800000| Untracked |  0
| 168|0x0000000454000000, 0x0000000454800000, 0x0000000454800000|100%| O|  |TAMS 0x0000000454000000| PB 0x0000000454000000| Untracked |  0
| 169|0x0000000454800000, 0x0000000455000000, 0x0000000455000000|100%| O|  |TAMS 0x0000000454800000| PB 0x0000000454800000| Untracked |  0
| 170|0x0000000455000000, 0x0000000455800000, 0x0000000455800000|100%| O|  |TAMS 0x0000000455000000| PB 0x0000000455000000| Untracked |  0
| 171|0x0000000455800000, 0x0000000456000000, 0x0000000456000000|100%| O|  |TAMS 0x0000000455800000| PB 0x0000000455800000| Untracked |  0
| 172|0x0000000456000000, 0x0000000456800000, 0x0000000456800000|100%| O|  |TAMS 0x0000000456000000| PB 0x0000000456000000| Untracked |  0
| 173|0x0000000456800000, 0x0000000457000000, 0x0000000457000000|100%| O|  |TAMS 0x0000000456800000| PB 0x0000000456800000| Untracked |  0
| 174|0x0000000457000000, 0x0000000457800000, 0x0000000457800000|100%| O|  |TAMS 0x0000000457000000| PB 0x0000000457000000| Untracked |  0
| 175|0x0000000457800000, 0x0000000458000000, 0x0000000458000000|100%| O|  |TAMS 0x0000000457800000| PB 0x0000000457800000| Untracked |  0
| 176|0x0000000458000000, 0x0000000458800000, 0x0000000458800000|100%| O|  |TAMS 0x0000000458000000| PB 0x0000000458000000| Untracked |  0
| 177|0x0000000458800000, 0x0000000459000000, 0x0000000459000000|100%| O|  |TAMS 0x0000000458800000| PB 0x0000000458800000| Untracked |  0
| 178|0x0000000459000000, 0x0000000459800000, 0x0000000459800000|100%| O|  |TAMS 0x0000000459000000| PB 0x0000000459000000| Untracked |  0
| 179|0x0000000459800000, 0x000000045a000000, 0x000000045a000000|100%| O|  |TAMS 0x0000000459800000| PB 0x0000000459800000| Untracked |  0
| 180|0x000000045a000000, 0x000000045a800000, 0x000000045a800000|100%| O|  |TAMS 0x000000045a000000| PB 0x000000045a000000| Untracked |  0
| 181|0x000000045a800000, 0x000000045b000000, 0x000000045b000000|100%| O|  |TAMS 0x000000045a800000| PB 0x000000045a800000| Untracked |  0
| 182|0x000000045b000000, 0x000000045b800000, 0x000000045b800000|100%| O|  |TAMS 0x000000045b000000| PB 0x000000045b000000| Untracked |  0
| 183|0x000000045b800000, 0x000000045c000000, 0x000000045c000000|100%| O|  |TAMS 0x000000045b800000| PB 0x000000045b800000| Untracked |  0
| 184|0x000000045c000000, 0x000000045c800000, 0x000000045c800000|100%| O|  |TAMS 0x000000045c000000| PB 0x000000045c000000| Untracked |  0
| 185|0x000000045c800000, 0x000000045c800000, 0x000000045d000000|  0%| F|  |TAMS 0x000000045c800000| PB 0x000000045c800000| Untracked |  0
| 186|0x000000045d000000, 0x000000045d800000, 0x000000045d800000|100%| O|  |TAMS 0x000000045d000000| PB 0x000000045d000000| Untracked |  0
| 187|0x000000045d800000, 0x000000045e000000, 0x000000045e000000|100%| O|  |TAMS 0x000000045d800000| PB 0x000000045d800000| Untracked |  0
| 188|0x000000045e000000, 0x000000045e800000, 0x000000045e800000|100%| O|  |TAMS 0x000000045e000000| PB 0x000000045e000000| Untracked |  0
| 189|0x000000045e800000, 0x000000045f000000, 0x000000045f000000|100%| O|  |TAMS 0x000000045e800000| PB 0x000000045e800000| Untracked |  0
| 190|0x000000045f000000, 0x000000045f800000, 0x000000045f800000|100%| O|  |TAMS 0x000000045f000000| PB 0x000000045f000000| Untracked |  0
| 191|0x000000045f800000, 0x000000045f800000, 0x0000000460000000|  0%| F|  |TAMS 0x000000045f800000| PB 0x000000045f800000| Untracked |  0
| 192|0x0000000460000000, 0x0000000460800000, 0x0000000460800000|100%| O|  |TAMS 0x0000000460000000| PB 0x0000000460000000| Untracked |  0
| 193|0x0000000460800000, 0x0000000460800000, 0x0000000461000000|  0%| F|  |TAMS 0x0000000460800000| PB 0x0000000460800000| Untracked |  0
| 194|0x0000000461000000, 0x0000000461800000, 0x0000000461800000|100%| O|  |TAMS 0x0000000461000000| PB 0x0000000461000000| Untracked |  0
| 195|0x0000000461800000, 0x0000000462000000, 0x0000000462000000|100%| O|  |TAMS 0x0000000461800000| PB 0x0000000461800000| Untracked |  0
| 196|0x0000000462000000, 0x0000000462800000, 0x0000000462800000|100%| O|  |TAMS 0x0000000462000000| PB 0x0000000462000000| Untracked |  0
| 197|0x0000000462800000, 0x0000000463000000, 0x0000000463000000|100%| O|  |TAMS 0x0000000462800000| PB 0x0000000462800000| Untracked |  0
| 198|0x0000000463000000, 0x0000000463800000, 0x0000000463800000|100%| O|  |TAMS 0x0000000463000000| PB 0x0000000463000000| Untracked |  0
| 199|0x0000000463800000, 0x0000000463d3c3a8, 0x0000000464000000| 65%| O|  |TAMS 0x0000000463800000| PB 0x0000000463800000| Untracked |  0
| 200|0x0000000464000000, 0x0000000464000000, 0x0000000464800000|  0%| F|  |TAMS 0x0000000464000000| PB 0x0000000464000000| Untracked |  0
| 201|0x0000000464800000, 0x0000000464800000, 0x0000000465000000|  0%| F|  |TAMS 0x0000000464800000| PB 0x0000000464800000| Untracked |  0
| 202|0x0000000465000000, 0x0000000465000000, 0x0000000465800000|  0%| F|  |TAMS 0x0000000465000000| PB 0x0000000465000000| Untracked |  0
| 203|0x0000000465800000, 0x0000000466000000, 0x0000000466000000|100%| O|  |TAMS 0x0000000465800000| PB 0x0000000465800000| Untracked |  0
| 204|0x0000000466000000, 0x0000000466800000, 0x0000000466800000|100%| O|  |TAMS 0x0000000466000000| PB 0x0000000466000000| Untracked |  0
| 205|0x0000000466800000, 0x0000000466800000, 0x0000000467000000|  0%| F|  |TAMS 0x0000000466800000| PB 0x0000000466800000| Untracked |  0
| 206|0x0000000467000000, 0x0000000467000000, 0x0000000467800000|  0%| F|  |TAMS 0x0000000467000000| PB 0x0000000467000000| Untracked |  0
| 207|0x0000000467800000, 0x0000000467800000, 0x0000000468000000|  0%| F|  |TAMS 0x0000000467800000| PB 0x0000000467800000| Untracked |  0
| 208|0x0000000468000000, 0x0000000468000000, 0x0000000468800000|  0%| F|  |TAMS 0x0000000468000000| PB 0x0000000468000000| Untracked |  0
| 209|0x0000000468800000, 0x0000000468800000, 0x0000000469000000|  0%| F|  |TAMS 0x0000000468800000| PB 0x0000000468800000| Untracked |  0
| 210|0x0000000469000000, 0x0000000469000000, 0x0000000469800000|  0%| F|  |TAMS 0x0000000469000000| PB 0x0000000469000000| Untracked |  0
| 211|0x0000000469800000, 0x0000000469800000, 0x000000046a000000|  0%| F|  |TAMS 0x0000000469800000| PB 0x0000000469800000| Untracked |  0
| 212|0x000000046a000000, 0x000000046a000000, 0x000000046a800000|  0%| F|  |TAMS 0x000000046a000000| PB 0x000000046a000000| Untracked |  0
| 213|0x000000046a800000, 0x000000046a800000, 0x000000046b000000|  0%| F|  |TAMS 0x000000046a800000| PB 0x000000046a800000| Untracked |  0
| 214|0x000000046b000000, 0x000000046b000000, 0x000000046b800000|  0%| F|  |TAMS 0x000000046b000000| PB 0x000000046b000000| Untracked |  0
| 215|0x000000046b800000, 0x000000046b800000, 0x000000046c000000|  0%| F|  |TAMS 0x000000046b800000| PB 0x000000046b800000| Untracked |  0
| 216|0x000000046c000000, 0x000000046c000000, 0x000000046c800000|  0%| F|  |TAMS 0x000000046c000000| PB 0x000000046c000000| Untracked |  0
| 217|0x000000046c800000, 0x000000046c800000, 0x000000046d000000|  0%| F|  |TAMS 0x000000046c800000| PB 0x000000046c800000| Untracked |  0
| 218|0x000000046d000000, 0x000000046d000000, 0x000000046d800000|  0%| F|  |TAMS 0x000000046d000000| PB 0x000000046d000000| Untracked |  0
| 219|0x000000046d800000, 0x000000046d800000, 0x000000046e000000|  0%| F|  |TAMS 0x000000046d800000| PB 0x000000046d800000| Untracked |  0
| 220|0x000000046e000000, 0x000000046e000000, 0x000000046e800000|  0%| F|  |TAMS 0x000000046e000000| PB 0x000000046e000000| Untracked |  0
| 221|0x000000046e800000, 0x000000046e800000, 0x000000046f000000|  0%| F|  |TAMS 0x000000046e800000| PB 0x000000046e800000| Untracked |  0
| 222|0x000000046f000000, 0x000000046f000000, 0x000000046f800000|  0%| F|  |TAMS 0x000000046f000000| PB 0x000000046f000000| Untracked |  0
| 223|0x000000046f800000, 0x000000046f800000, 0x0000000470000000|  0%| F|  |TAMS 0x000000046f800000| PB 0x000000046f800000| Untracked |  0
| 224|0x0000000470000000, 0x0000000470000000, 0x0000000470800000|  0%| F|  |TAMS 0x0000000470000000| PB 0x0000000470000000| Untracked |  0
| 225|0x0000000470800000, 0x0000000470800000, 0x0000000471000000|  0%| F|  |TAMS 0x0000000470800000| PB 0x0000000470800000| Untracked |  0
| 226|0x0000000471000000, 0x0000000471000000, 0x0000000471800000|  0%| F|  |TAMS 0x0000000471000000| PB 0x0000000471000000| Untracked |  0
| 227|0x0000000471800000, 0x0000000471800000, 0x0000000472000000|  0%| F|  |TAMS 0x0000000471800000| PB 0x0000000471800000| Untracked |  0
| 228|0x0000000472000000, 0x0000000472000000, 0x0000000472800000|  0%| F|  |TAMS 0x0000000472000000| PB 0x0000000472000000| Untracked |  0
| 229|0x0000000472800000, 0x0000000472800000, 0x0000000473000000|  0%| F|  |TAMS 0x0000000472800000| PB 0x0000000472800000| Untracked |  0
| 230|0x0000000473000000, 0x0000000473572730, 0x0000000473800000| 68%| S|CS|TAMS 0x0000000473000000| PB 0x0000000473000000| Complete |  0
| 231|0x0000000473800000, 0x0000000474000000, 0x0000000474000000|100%| S|CS|TAMS 0x0000000473800000| PB 0x0000000473800000| Complete |  0
| 232|0x0000000474000000, 0x0000000474800000, 0x0000000474800000|100%| S|CS|TAMS 0x0000000474000000| PB 0x0000000474000000| Complete |  0
| 233|0x0000000474800000, 0x0000000475000000, 0x0000000475000000|100%| S|CS|TAMS 0x0000000474800000| PB 0x0000000474800000| Complete |  0
| 234|0x0000000475000000, 0x0000000475000000, 0x0000000475800000|  0%| F|  |TAMS 0x0000000475000000| PB 0x0000000475000000| Untracked |  0
| 235|0x0000000475800000, 0x0000000476000000, 0x0000000476000000|100%| S|CS|TAMS 0x0000000475800000| PB 0x0000000475800000| Complete |  0
| 236|0x0000000476000000, 0x0000000476000000, 0x0000000476800000|  0%| F|  |TAMS 0x0000000476000000| PB 0x0000000476000000| Untracked |  0
| 237|0x0000000476800000, 0x0000000476800000, 0x0000000477000000|  0%| F|  |TAMS 0x0000000476800000| PB 0x0000000476800000| Untracked |  0
| 238|0x0000000477000000, 0x0000000477000000, 0x0000000477800000|  0%| F|  |TAMS 0x0000000477000000| PB 0x0000000477000000| Untracked |  0
| 239|0x0000000477800000, 0x0000000477800000, 0x0000000478000000|  0%| F|  |TAMS 0x0000000477800000| PB 0x0000000477800000| Untracked |  0
| 240|0x0000000478000000, 0x0000000478000000, 0x0000000478800000|  0%| F|  |TAMS 0x0000000478000000| PB 0x0000000478000000| Untracked |  0
| 241|0x0000000478800000, 0x0000000478800000, 0x0000000479000000|  0%| F|  |TAMS 0x0000000478800000| PB 0x0000000478800000| Untracked |  0
| 242|0x0000000479000000, 0x0000000479000000, 0x0000000479800000|  0%| F|  |TAMS 0x0000000479000000| PB 0x0000000479000000| Untracked |  0
| 243|0x0000000479800000, 0x0000000479800000, 0x000000047a000000|  0%| F|  |TAMS 0x0000000479800000| PB 0x0000000479800000| Untracked |  0
| 244|0x000000047a000000, 0x000000047a000000, 0x000000047a800000|  0%| F|  |TAMS 0x000000047a000000| PB 0x000000047a000000| Untracked |  0
| 245|0x000000047a800000, 0x000000047a800000, 0x000000047b000000|  0%| F|  |TAMS 0x000000047a800000| PB 0x000000047a800000| Untracked |  0
| 246|0x000000047b000000, 0x000000047b000000, 0x000000047b800000|  0%| F|  |TAMS 0x000000047b000000| PB 0x000000047b000000| Untracked |  0
| 247|0x000000047b800000, 0x000000047b800000, 0x000000047c000000|  0%| F|  |TAMS 0x000000047b800000| PB 0x000000047b800000| Untracked |  0
| 248|0x000000047c000000, 0x000000047c000000, 0x000000047c800000|  0%| F|  |TAMS 0x000000047c000000| PB 0x000000047c000000| Untracked |  0
| 249|0x000000047c800000, 0x000000047c800000, 0x000000047d000000|  0%| F|  |TAMS 0x000000047c800000| PB 0x000000047c800000| Untracked |  0
| 250|0x000000047d000000, 0x000000047d000000, 0x000000047d800000|  0%| F|  |TAMS 0x000000047d000000| PB 0x000000047d000000| Untracked |  0
| 251|0x000000047d800000, 0x000000047d800000, 0x000000047e000000|  0%| F|  |TAMS 0x000000047d800000| PB 0x000000047d800000| Untracked |  0
| 252|0x000000047e000000, 0x000000047e000000, 0x000000047e800000|  0%| F|  |TAMS 0x000000047e000000| PB 0x000000047e000000| Untracked |  0
| 253|0x000000047e800000, 0x000000047e800000, 0x000000047f000000|  0%| F|  |TAMS 0x000000047e800000| PB 0x000000047e800000| Untracked |  0
| 254|0x000000047f000000, 0x000000047f000000, 0x000000047f800000|  0%| F|  |TAMS 0x000000047f000000| PB 0x000000047f000000| Untracked |  0
| 255|0x000000047f800000, 0x000000047f800000, 0x0000000480000000|  0%| F|  |TAMS 0x000000047f800000| PB 0x000000047f800000| Untracked |  0
| 256|0x0000000480000000, 0x0000000480000000, 0x0000000480800000|  0%| F|  |TAMS 0x0000000480000000| PB 0x0000000480000000| Untracked |  0
| 257|0x0000000480800000, 0x0000000480800000, 0x0000000481000000|  0%| F|  |TAMS 0x0000000480800000| PB 0x0000000480800000| Untracked |  0
| 258|0x0000000481000000, 0x0000000481000000, 0x0000000481800000|  0%| F|  |TAMS 0x0000000481000000| PB 0x0000000481000000| Untracked |  0
| 259|0x0000000481800000, 0x0000000481800000, 0x0000000482000000|  0%| F|  |TAMS 0x0000000481800000| PB 0x0000000481800000| Untracked |  0
| 260|0x0000000482000000, 0x0000000482000000, 0x0000000482800000|  0%| F|  |TAMS 0x0000000482000000| PB 0x0000000482000000| Untracked |  0
| 261|0x0000000482800000, 0x0000000482800000, 0x0000000483000000|  0%| F|  |TAMS 0x0000000482800000| PB 0x0000000482800000| Untracked |  0
| 262|0x0000000483000000, 0x0000000483000000, 0x0000000483800000|  0%| F|  |TAMS 0x0000000483000000| PB 0x0000000483000000| Untracked |  0
| 263|0x0000000483800000, 0x0000000483800000, 0x0000000484000000|  0%| F|  |TAMS 0x0000000483800000| PB 0x0000000483800000| Untracked |  0
| 264|0x0000000484000000, 0x0000000484000000, 0x0000000484800000|  0%| F|  |TAMS 0x0000000484000000| PB 0x0000000484000000| Untracked |  0
| 265|0x0000000484800000, 0x0000000484800000, 0x0000000485000000|  0%| F|  |TAMS 0x0000000484800000| PB 0x0000000484800000| Untracked |  0
| 266|0x0000000485000000, 0x0000000485000000, 0x0000000485800000|  0%| F|  |TAMS 0x0000000485000000| PB 0x0000000485000000| Untracked |  0
| 267|0x0000000485800000, 0x0000000485800000, 0x0000000486000000|  0%| F|  |TAMS 0x0000000485800000| PB 0x0000000485800000| Untracked |  0
| 268|0x0000000486000000, 0x0000000486800000, 0x0000000486800000|100%| O|  |TAMS 0x0000000486000000| PB 0x0000000486000000| Untracked |  0
| 269|0x0000000486800000, 0x0000000487000000, 0x0000000487000000|100%| O|  |TAMS 0x0000000486800000| PB 0x0000000486800000| Untracked |  0
| 270|0x0000000487000000, 0x0000000487800000, 0x0000000487800000|100%| O|  |TAMS 0x0000000487000000| PB 0x0000000487000000| Untracked |  0
| 271|0x0000000487800000, 0x0000000488000000, 0x0000000488000000|100%| O|  |TAMS 0x0000000487800000| PB 0x0000000487800000| Untracked |  0
| 272|0x0000000488000000, 0x0000000488800000, 0x0000000488800000|100%| O|  |TAMS 0x0000000488000000| PB 0x0000000488000000| Untracked |  0
| 273|0x0000000488800000, 0x0000000489000000, 0x0000000489000000|100%| O|  |TAMS 0x0000000488800000| PB 0x0000000488800000| Untracked |  0
| 274|0x0000000489000000, 0x0000000489800000, 0x0000000489800000|100%| O|  |TAMS 0x0000000489000000| PB 0x0000000489000000| Untracked |  0
| 275|0x0000000489800000, 0x000000048a000000, 0x000000048a000000|100%| O|  |TAMS 0x0000000489800000| PB 0x0000000489800000| Untracked |  0
| 276|0x000000048a000000, 0x000000048a800000, 0x000000048a800000|100%| O|  |TAMS 0x000000048a000000| PB 0x000000048a000000| Untracked |  0
| 277|0x000000048a800000, 0x000000048b000000, 0x000000048b000000|100%| O|  |TAMS 0x000000048a800000| PB 0x000000048a800000| Untracked |  0
| 278|0x000000048b000000, 0x000000048b000000, 0x000000048b800000|  0%| F|  |TAMS 0x000000048b000000| PB 0x000000048b000000| Untracked |  0
| 279|0x000000048b800000, 0x000000048b800000, 0x000000048c000000|  0%| F|  |TAMS 0x000000048b800000| PB 0x000000048b800000| Untracked |  0
| 280|0x000000048c000000, 0x000000048c000000, 0x000000048c800000|  0%| F|  |TAMS 0x000000048c000000| PB 0x000000048c000000| Untracked |  0
| 281|0x000000048c800000, 0x000000048c800000, 0x000000048d000000|  0%| F|  |TAMS 0x000000048c800000| PB 0x000000048c800000| Untracked |  0
| 282|0x000000048d000000, 0x000000048d000000, 0x000000048d800000|  0%| F|  |TAMS 0x000000048d000000| PB 0x000000048d000000| Untracked |  0
| 283|0x000000048d800000, 0x000000048dccda18, 0x000000048e000000| 60%| E|  |TAMS 0x000000048d800000| PB 0x000000048d800000| Complete |  0
| 284|0x000000048e000000, 0x000000048e800000, 0x000000048e800000|100%| E|CS|TAMS 0x000000048e000000| PB 0x000000048e000000| Complete |  0
| 285|0x000000048e800000, 0x000000048f000000, 0x000000048f000000|100%| E|CS|TAMS 0x000000048e800000| PB 0x000000048e800000| Complete |  0
| 286|0x000000048f000000, 0x000000048f800000, 0x000000048f800000|100%| E|CS|TAMS 0x000000048f000000| PB 0x000000048f000000| Complete |  0
| 287|0x000000048f800000, 0x0000000490000000, 0x0000000490000000|100%| E|CS|TAMS 0x000000048f800000| PB 0x000000048f800000| Complete |  0
| 288|0x0000000490000000, 0x0000000490800000, 0x0000000490800000|100%| E|CS|TAMS 0x0000000490000000| PB 0x0000000490000000| Complete |  0
| 289|0x0000000490800000, 0x0000000491000000, 0x0000000491000000|100%| E|CS|TAMS 0x0000000490800000| PB 0x0000000490800000| Complete |  0
| 290|0x0000000491000000, 0x0000000491800000, 0x0000000491800000|100%| E|CS|TAMS 0x0000000491000000| PB 0x0000000491000000| Complete |  0
| 291|0x0000000491800000, 0x0000000492000000, 0x0000000492000000|100%| E|CS|TAMS 0x0000000491800000| PB 0x0000000491800000| Complete |  0
| 292|0x0000000492000000, 0x0000000492800000, 0x0000000492800000|100%| E|CS|TAMS 0x0000000492000000| PB 0x0000000492000000| Complete |  0
| 293|0x0000000492800000, 0x0000000493000000, 0x0000000493000000|100%| E|CS|TAMS 0x0000000492800000| PB 0x0000000492800000| Complete |  0
| 294|0x0000000493000000, 0x0000000493800000, 0x0000000493800000|100%| E|CS|TAMS 0x0000000493000000| PB 0x0000000493000000| Complete |  0
| 295|0x0000000493800000, 0x0000000494000000, 0x0000000494000000|100%| E|CS|TAMS 0x0000000493800000| PB 0x0000000493800000| Complete |  0
| 296|0x0000000494000000, 0x0000000494800000, 0x0000000494800000|100%| E|CS|TAMS 0x0000000494000000| PB 0x0000000494000000| Complete |  0
| 297|0x0000000494800000, 0x0000000495000000, 0x0000000495000000|100%| E|CS|TAMS 0x0000000494800000| PB 0x0000000494800000| Complete |  0
| 298|0x0000000495000000, 0x0000000495800000, 0x0000000495800000|100%| E|CS|TAMS 0x0000000495000000| PB 0x0000000495000000| Complete |  0
| 299|0x0000000495800000, 0x0000000496000000, 0x0000000496000000|100%| E|CS|TAMS 0x0000000495800000| PB 0x0000000495800000| Complete |  0
| 300|0x0000000496000000, 0x0000000496800000, 0x0000000496800000|100%| E|CS|TAMS 0x0000000496000000| PB 0x0000000496000000| Complete |  0
| 301|0x0000000496800000, 0x0000000497000000, 0x0000000497000000|100%| E|CS|TAMS 0x0000000496800000| PB 0x0000000496800000| Complete |  0
| 302|0x0000000497000000, 0x0000000497800000, 0x0000000497800000|100%| E|CS|TAMS 0x0000000497000000| PB 0x0000000497000000| Complete |  0
| 303|0x0000000497800000, 0x0000000498000000, 0x0000000498000000|100%| E|  |TAMS 0x0000000497800000| PB 0x0000000497800000| Complete |  0
| 304|0x0000000498000000, 0x0000000498800000, 0x0000000498800000|100%| E|CS|TAMS 0x0000000498000000| PB 0x0000000498000000| Complete |  0
| 305|0x0000000498800000, 0x0000000499000000, 0x0000000499000000|100%| E|CS|TAMS 0x0000000498800000| PB 0x0000000498800000| Complete |  0
| 306|0x0000000499000000, 0x0000000499800000, 0x0000000499800000|100%| E|CS|TAMS 0x0000000499000000| PB 0x0000000499000000| Complete |  0
| 307|0x0000000499800000, 0x000000049a000000, 0x000000049a000000|100%| E|CS|TAMS 0x0000000499800000| PB 0x0000000499800000| Complete |  0
| 308|0x000000049a000000, 0x000000049a800000, 0x000000049a800000|100%| E|CS|TAMS 0x000000049a000000| PB 0x000000049a000000| Complete |  0
| 309|0x000000049a800000, 0x000000049b000000, 0x000000049b000000|100%| E|CS|TAMS 0x000000049a800000| PB 0x000000049a800000| Complete |  0
| 310|0x000000049b000000, 0x000000049b800000, 0x000000049b800000|100%| E|CS|TAMS 0x000000049b000000| PB 0x000000049b000000| Complete |  0
| 311|0x000000049b800000, 0x000000049c000000, 0x000000049c000000|100%| E|CS|TAMS 0x000000049b800000| PB 0x000000049b800000| Complete |  0
| 312|0x000000049c000000, 0x000000049c800000, 0x000000049c800000|100%| E|CS|TAMS 0x000000049c000000| PB 0x000000049c000000| Complete |  0
| 313|0x000000049c800000, 0x000000049d000000, 0x000000049d000000|100%| E|CS|TAMS 0x000000049c800000| PB 0x000000049c800000| Complete |  0
| 314|0x000000049d000000, 0x000000049d800000, 0x000000049d800000|100%| E|CS|TAMS 0x000000049d000000| PB 0x000000049d000000| Complete |  0
| 315|0x000000049d800000, 0x000000049e000000, 0x000000049e000000|100%| O|  |TAMS 0x000000049d800000| PB 0x000000049d800000| Untracked |  0
| 316|0x000000049e000000, 0x000000049e800000, 0x000000049e800000|100%| E|CS|TAMS 0x000000049e000000| PB 0x000000049e000000| Complete |  0
| 317|0x000000049e800000, 0x000000049f000000, 0x000000049f000000|100%| E|CS|TAMS 0x000000049e800000| PB 0x000000049e800000| Complete |  0
| 318|0x000000049f000000, 0x000000049f800000, 0x000000049f800000|100%| E|CS|TAMS 0x000000049f000000| PB 0x000000049f000000| Complete |  0
| 319|0x000000049f800000, 0x00000004a0000000, 0x00000004a0000000|100%| E|CS|TAMS 0x000000049f800000| PB 0x000000049f800000| Complete |  0
| 320|0x00000004a0000000, 0x00000004a0800000, 0x00000004a0800000|100%| E|CS|TAMS 0x00000004a0000000| PB 0x00000004a0000000| Complete |  0
| 321|0x00000004a0800000, 0x00000004a1000000, 0x00000004a1000000|100%| E|CS|TAMS 0x00000004a0800000| PB 0x00000004a0800000| Complete |  0
| 322|0x00000004a1000000, 0x00000004a1800000, 0x00000004a1800000|100%| E|CS|TAMS 0x00000004a1000000| PB 0x00000004a1000000| Complete |  0
| 323|0x00000004a1800000, 0x00000004a2000000, 0x00000004a2000000|100%| E|CS|TAMS 0x00000004a1800000| PB 0x00000004a1800000| Complete |  0
| 324|0x00000004a2000000, 0x00000004a2800000, 0x00000004a2800000|100%| E|CS|TAMS 0x00000004a2000000| PB 0x00000004a2000000| Complete |  0
| 325|0x00000004a2800000, 0x00000004a3000000, 0x00000004a3000000|100%| E|CS|TAMS 0x00000004a2800000| PB 0x00000004a2800000| Complete |  0
| 326|0x00000004a3000000, 0x00000004a3800000, 0x00000004a3800000|100%| E|CS|TAMS 0x00000004a3000000| PB 0x00000004a3000000| Complete |  0
| 327|0x00000004a3800000, 0x00000004a4000000, 0x00000004a4000000|100%| E|CS|TAMS 0x00000004a3800000| PB 0x00000004a3800000| Complete |  0
| 328|0x00000004a4000000, 0x00000004a4800000, 0x00000004a4800000|100%| E|CS|TAMS 0x00000004a4000000| PB 0x00000004a4000000| Complete |  0
| 329|0x00000004a4800000, 0x00000004a5000000, 0x00000004a5000000|100%| E|CS|TAMS 0x00000004a4800000| PB 0x00000004a4800000| Complete |  0
| 330|0x00000004a5000000, 0x00000004a5800000, 0x00000004a5800000|100%| E|CS|TAMS 0x00000004a5000000| PB 0x00000004a5000000| Complete |  0
| 331|0x00000004a5800000, 0x00000004a6000000, 0x00000004a6000000|100%| E|CS|TAMS 0x00000004a5800000| PB 0x00000004a5800000| Complete |  0
| 332|0x00000004a6000000, 0x00000004a6800000, 0x00000004a6800000|100%| E|CS|TAMS 0x00000004a6000000| PB 0x00000004a6000000| Complete |  0
| 333|0x00000004a6800000, 0x00000004a7000000, 0x00000004a7000000|100%| E|CS|TAMS 0x00000004a6800000| PB 0x00000004a6800000| Complete |  0
| 334|0x00000004a7000000, 0x00000004a7800000, 0x00000004a7800000|100%| E|CS|TAMS 0x00000004a7000000| PB 0x00000004a7000000| Complete |  0
| 335|0x00000004a7800000, 0x00000004a8000000, 0x00000004a8000000|100%| E|CS|TAMS 0x00000004a7800000| PB 0x00000004a7800000| Complete |  0
| 336|0x00000004a8000000, 0x00000004a8800000, 0x00000004a8800000|100%| E|CS|TAMS 0x00000004a8000000| PB 0x00000004a8000000| Complete |  0
| 337|0x00000004a8800000, 0x00000004a9000000, 0x00000004a9000000|100%| E|CS|TAMS 0x00000004a8800000| PB 0x00000004a8800000| Complete |  0
| 338|0x00000004a9000000, 0x00000004a9800000, 0x00000004a9800000|100%| E|CS|TAMS 0x00000004a9000000| PB 0x00000004a9000000| Complete |  0
| 339|0x00000004a9800000, 0x00000004aa000000, 0x00000004aa000000|100%| E|CS|TAMS 0x00000004a9800000| PB 0x00000004a9800000| Complete |  0
| 340|0x00000004aa000000, 0x00000004aa800000, 0x00000004aa800000|100%| E|CS|TAMS 0x00000004aa000000| PB 0x00000004aa000000| Complete |  0
| 341|0x00000004aa800000, 0x00000004ab000000, 0x00000004ab000000|100%| E|CS|TAMS 0x00000004aa800000| PB 0x00000004aa800000| Complete |  0
| 342|0x00000004ab000000, 0x00000004ab800000, 0x00000004ab800000|100%| E|CS|TAMS 0x00000004ab000000| PB 0x00000004ab000000| Complete |  0
| 343|0x00000004ab800000, 0x00000004ac000000, 0x00000004ac000000|100%| E|CS|TAMS 0x00000004ab800000| PB 0x00000004ab800000| Complete |  0
| 344|0x00000004ac000000, 0x00000004ac800000, 0x00000004ac800000|100%| E|CS|TAMS 0x00000004ac000000| PB 0x00000004ac000000| Complete |  0
| 345|0x00000004ac800000, 0x00000004ad000000, 0x00000004ad000000|100%| E|CS|TAMS 0x00000004ac800000| PB 0x00000004ac800000| Complete |  0
| 346|0x00000004ad000000, 0x00000004ad800000, 0x00000004ad800000|100%| E|CS|TAMS 0x00000004ad000000| PB 0x00000004ad000000| Complete |  0
| 347|0x00000004ad800000, 0x00000004ae000000, 0x00000004ae000000|100%| E|CS|TAMS 0x00000004ad800000| PB 0x00000004ad800000| Complete |  0
| 348|0x00000004ae000000, 0x00000004ae800000, 0x00000004ae800000|100%| E|CS|TAMS 0x00000004ae000000| PB 0x00000004ae000000| Complete |  0
| 349|0x00000004ae800000, 0x00000004af000000, 0x00000004af000000|100%| E|CS|TAMS 0x00000004ae800000| PB 0x00000004ae800000| Complete |  0
| 350|0x00000004af000000, 0x00000004af800000, 0x00000004af800000|100%| E|CS|TAMS 0x00000004af000000| PB 0x00000004af000000| Complete |  0
| 351|0x00000004af800000, 0x00000004b0000000, 0x00000004b0000000|100%| E|CS|TAMS 0x00000004af800000| PB 0x00000004af800000| Complete |  0
| 352|0x00000004b0000000, 0x00000004b0800000, 0x00000004b0800000|100%| E|CS|TAMS 0x00000004b0000000| PB 0x00000004b0000000| Complete |  0
| 353|0x00000004b0800000, 0x00000004b1000000, 0x00000004b1000000|100%| E|CS|TAMS 0x00000004b0800000| PB 0x00000004b0800000| Complete |  0
| 354|0x00000004b1000000, 0x00000004b1800000, 0x00000004b1800000|100%| E|CS|TAMS 0x00000004b1000000| PB 0x00000004b1000000| Complete |  0
| 355|0x00000004b1800000, 0x00000004b2000000, 0x00000004b2000000|100%| E|CS|TAMS 0x00000004b1800000| PB 0x00000004b1800000| Complete |  0
| 356|0x00000004b2000000, 0x00000004b2800000, 0x00000004b2800000|100%| E|CS|TAMS 0x00000004b2000000| PB 0x00000004b2000000| Complete |  0
| 357|0x00000004b2800000, 0x00000004b3000000, 0x00000004b3000000|100%| E|CS|TAMS 0x00000004b2800000| PB 0x00000004b2800000| Complete |  0
| 358|0x00000004b3000000, 0x00000004b3800000, 0x00000004b3800000|100%| E|CS|TAMS 0x00000004b3000000| PB 0x00000004b3000000| Complete |  0
| 359|0x00000004b3800000, 0x00000004b4000000, 0x00000004b4000000|100%| E|CS|TAMS 0x00000004b3800000| PB 0x00000004b3800000| Complete |  0
| 360|0x00000004b4000000, 0x00000004b4800000, 0x00000004b4800000|100%| E|CS|TAMS 0x00000004b4000000| PB 0x00000004b4000000| Complete |  0
| 361|0x00000004b4800000, 0x00000004b5000000, 0x00000004b5000000|100%| E|CS|TAMS 0x00000004b4800000| PB 0x00000004b4800000| Complete |  0
| 362|0x00000004b5000000, 0x00000004b5800000, 0x00000004b5800000|100%| E|CS|TAMS 0x00000004b5000000| PB 0x00000004b5000000| Complete |  0
| 363|0x00000004b5800000, 0x00000004b6000000, 0x00000004b6000000|100%| E|CS|TAMS 0x00000004b5800000| PB 0x00000004b5800000| Complete |  0
| 364|0x00000004b6000000, 0x00000004b6800000, 0x00000004b6800000|100%| E|CS|TAMS 0x00000004b6000000| PB 0x00000004b6000000| Complete |  0
| 365|0x00000004b6800000, 0x00000004b7000000, 0x00000004b7000000|100%| E|CS|TAMS 0x00000004b6800000| PB 0x00000004b6800000| Complete |  0
| 366|0x00000004b7000000, 0x00000004b7800000, 0x00000004b7800000|100%| E|CS|TAMS 0x00000004b7000000| PB 0x00000004b7000000| Complete |  0
| 367|0x00000004b7800000, 0x00000004b8000000, 0x00000004b8000000|100%| E|CS|TAMS 0x00000004b7800000| PB 0x00000004b7800000| Complete |  0
| 368|0x00000004b8000000, 0x00000004b8800000, 0x00000004b8800000|100%| E|CS|TAMS 0x00000004b8000000| PB 0x00000004b8000000| Complete |  0
| 369|0x00000004b8800000, 0x00000004b9000000, 0x00000004b9000000|100%| E|CS|TAMS 0x00000004b8800000| PB 0x00000004b8800000| Complete |  0
| 370|0x00000004b9000000, 0x00000004b9800000, 0x00000004b9800000|100%| E|CS|TAMS 0x00000004b9000000| PB 0x00000004b9000000| Complete |  0
| 371|0x00000004b9800000, 0x00000004ba000000, 0x00000004ba000000|100%| E|CS|TAMS 0x00000004b9800000| PB 0x00000004b9800000| Complete |  0
| 372|0x00000004ba000000, 0x00000004ba800000, 0x00000004ba800000|100%| E|CS|TAMS 0x00000004ba000000| PB 0x00000004ba000000| Complete |  0
| 373|0x00000004ba800000, 0x00000004bb000000, 0x00000004bb000000|100%| E|CS|TAMS 0x00000004ba800000| PB 0x00000004ba800000| Complete |  0
| 374|0x00000004bb000000, 0x00000004bb800000, 0x00000004bb800000|100%| E|CS|TAMS 0x00000004bb000000| PB 0x00000004bb000000| Complete |  0
| 375|0x00000004bb800000, 0x00000004bc000000, 0x00000004bc000000|100%| E|CS|TAMS 0x00000004bb800000| PB 0x00000004bb800000| Complete |  0
| 376|0x00000004bc000000, 0x00000004bc800000, 0x00000004bc800000|100%| E|CS|TAMS 0x00000004bc000000| PB 0x00000004bc000000| Complete |  0
| 377|0x00000004bc800000, 0x00000004bd000000, 0x00000004bd000000|100%| E|CS|TAMS 0x00000004bc800000| PB 0x00000004bc800000| Complete |  0
| 378|0x00000004bd000000, 0x00000004bd800000, 0x00000004bd800000|100%| E|CS|TAMS 0x00000004bd000000| PB 0x00000004bd000000| Complete |  0
| 379|0x00000004bd800000, 0x00000004be000000, 0x00000004be000000|100%| E|CS|TAMS 0x00000004bd800000| PB 0x00000004bd800000| Complete |  0
| 380|0x00000004be000000, 0x00000004be800000, 0x00000004be800000|100%| E|CS|TAMS 0x00000004be000000| PB 0x00000004be000000| Complete |  0
| 381|0x00000004be800000, 0x00000004bf000000, 0x00000004bf000000|100%| E|CS|TAMS 0x00000004be800000| PB 0x00000004be800000| Complete |  0
| 382|0x00000004bf000000, 0x00000004bf800000, 0x00000004bf800000|100%| E|CS|TAMS 0x00000004bf000000| PB 0x00000004bf000000| Complete |  0
| 383|0x00000004bf800000, 0x00000004c0000000, 0x00000004c0000000|100%| E|CS|TAMS 0x00000004bf800000| PB 0x00000004bf800000| Complete |  0
| 384|0x00000004c0000000, 0x00000004c0800000, 0x00000004c0800000|100%| E|CS|TAMS 0x00000004c0000000| PB 0x00000004c0000000| Complete |  0
| 385|0x00000004c0800000, 0x00000004c1000000, 0x00000004c1000000|100%| E|CS|TAMS 0x00000004c0800000| PB 0x00000004c0800000| Complete |  0
| 386|0x00000004c1000000, 0x00000004c1800000, 0x00000004c1800000|100%| E|CS|TAMS 0x00000004c1000000| PB 0x00000004c1000000| Complete |  0
| 387|0x00000004c1800000, 0x00000004c2000000, 0x00000004c2000000|100%| E|CS|TAMS 0x00000004c1800000| PB 0x00000004c1800000| Complete |  0
| 388|0x00000004c2000000, 0x00000004c2800000, 0x00000004c2800000|100%| E|CS|TAMS 0x00000004c2000000| PB 0x00000004c2000000| Complete |  0
| 389|0x00000004c2800000, 0x00000004c3000000, 0x00000004c3000000|100%| E|CS|TAMS 0x00000004c2800000| PB 0x00000004c2800000| Complete |  0
| 390|0x00000004c3000000, 0x00000004c3800000, 0x00000004c3800000|100%| E|CS|TAMS 0x00000004c3000000| PB 0x00000004c3000000| Complete |  0
| 391|0x00000004c3800000, 0x00000004c4000000, 0x00000004c4000000|100%| E|CS|TAMS 0x00000004c3800000| PB 0x00000004c3800000| Complete |  0
| 392|0x00000004c4000000, 0x00000004c4800000, 0x00000004c4800000|100%| E|CS|TAMS 0x00000004c4000000| PB 0x00000004c4000000| Complete |  0
| 393|0x00000004c4800000, 0x00000004c5000000, 0x00000004c5000000|100%| E|CS|TAMS 0x00000004c4800000| PB 0x00000004c4800000| Complete |  0
| 394|0x00000004c5000000, 0x00000004c5800000, 0x00000004c5800000|100%| E|CS|TAMS 0x00000004c5000000| PB 0x00000004c5000000| Complete |  0
| 395|0x00000004c5800000, 0x00000004c6000000, 0x00000004c6000000|100%| E|CS|TAMS 0x00000004c5800000| PB 0x00000004c5800000| Complete |  0
| 396|0x00000004c6000000, 0x00000004c6800000, 0x00000004c6800000|100%| E|CS|TAMS 0x00000004c6000000| PB 0x00000004c6000000| Complete |  0
| 397|0x00000004c6800000, 0x00000004c7000000, 0x00000004c7000000|100%| E|CS|TAMS 0x00000004c6800000| PB 0x00000004c6800000| Complete |  0
| 398|0x00000004c7000000, 0x00000004c7800000, 0x00000004c7800000|100%| E|CS|TAMS 0x00000004c7000000| PB 0x00000004c7000000| Complete |  0
| 399|0x00000004c7800000, 0x00000004c8000000, 0x00000004c8000000|100%| E|CS|TAMS 0x00000004c7800000| PB 0x00000004c7800000| Complete |  0
| 400|0x00000004c8000000, 0x00000004c8800000, 0x00000004c8800000|100%| E|CS|TAMS 0x00000004c8000000| PB 0x00000004c8000000| Complete |  0
| 401|0x00000004c8800000, 0x00000004c9000000, 0x00000004c9000000|100%| E|CS|TAMS 0x00000004c8800000| PB 0x00000004c8800000| Complete |  0
| 402|0x00000004c9000000, 0x00000004c9800000, 0x00000004c9800000|100%| E|CS|TAMS 0x00000004c9000000| PB 0x00000004c9000000| Complete |  0
| 403|0x00000004c9800000, 0x00000004ca000000, 0x00000004ca000000|100%| E|CS|TAMS 0x00000004c9800000| PB 0x00000004c9800000| Complete |  0
| 404|0x00000004ca000000, 0x00000004ca800000, 0x00000004ca800000|100%| E|CS|TAMS 0x00000004ca000000| PB 0x00000004ca000000| Complete |  0
| 405|0x00000004ca800000, 0x00000004cb000000, 0x00000004cb000000|100%| E|CS|TAMS 0x00000004ca800000| PB 0x00000004ca800000| Complete |  0
| 406|0x00000004cb000000, 0x00000004cb800000, 0x00000004cb800000|100%| E|CS|TAMS 0x00000004cb000000| PB 0x00000004cb000000| Complete |  0
| 407|0x00000004cb800000, 0x00000004cc000000, 0x00000004cc000000|100%| E|CS|TAMS 0x00000004cb800000| PB 0x00000004cb800000| Complete |  0
| 408|0x00000004cc000000, 0x00000004cc800000, 0x00000004cc800000|100%| E|CS|TAMS 0x00000004cc000000| PB 0x00000004cc000000| Complete |  0
| 409|0x00000004cc800000, 0x00000004cd000000, 0x00000004cd000000|100%| E|CS|TAMS 0x00000004cc800000| PB 0x00000004cc800000| Complete |  0
| 410|0x00000004cd000000, 0x00000004cd800000, 0x00000004cd800000|100%| E|CS|TAMS 0x00000004cd000000| PB 0x00000004cd000000| Complete |  0
| 411|0x00000004cd800000, 0x00000004ce000000, 0x00000004ce000000|100%| E|CS|TAMS 0x00000004cd800000| PB 0x00000004cd800000| Complete |  0
| 412|0x00000004ce000000, 0x00000004ce800000, 0x00000004ce800000|100%| E|CS|TAMS 0x00000004ce000000| PB 0x00000004ce000000| Complete |  0
| 413|0x00000004ce800000, 0x00000004cf000000, 0x00000004cf000000|100%| E|CS|TAMS 0x00000004ce800000| PB 0x00000004ce800000| Complete |  0
| 414|0x00000004cf000000, 0x00000004cf800000, 0x00000004cf800000|100%| E|CS|TAMS 0x00000004cf000000| PB 0x00000004cf000000| Complete |  0
| 415|0x00000004cf800000, 0x00000004d0000000, 0x00000004d0000000|100%| E|CS|TAMS 0x00000004cf800000| PB 0x00000004cf800000| Complete |  0
| 416|0x00000004d0000000, 0x00000004d0800000, 0x00000004d0800000|100%| E|CS|TAMS 0x00000004d0000000| PB 0x00000004d0000000| Complete |  0
| 417|0x00000004d0800000, 0x00000004d1000000, 0x00000004d1000000|100%| E|CS|TAMS 0x00000004d0800000| PB 0x00000004d0800000| Complete |  0
| 418|0x00000004d1000000, 0x00000004d1800000, 0x00000004d1800000|100%| E|CS|TAMS 0x00000004d1000000| PB 0x00000004d1000000| Complete |  0
| 419|0x00000004d1800000, 0x00000004d2000000, 0x00000004d2000000|100%| E|CS|TAMS 0x00000004d1800000| PB 0x00000004d1800000| Complete |  0
| 420|0x00000004d2000000, 0x00000004d2800000, 0x00000004d2800000|100%| E|CS|TAMS 0x00000004d2000000| PB 0x00000004d2000000| Complete |  0
| 421|0x00000004d2800000, 0x00000004d3000000, 0x00000004d3000000|100%| E|CS|TAMS 0x00000004d2800000| PB 0x00000004d2800000| Complete |  0
| 422|0x00000004d3000000, 0x00000004d3800000, 0x00000004d3800000|100%| E|CS|TAMS 0x00000004d3000000| PB 0x00000004d3000000| Complete |  1
| 423|0x00000004d3800000, 0x00000004d4000000, 0x00000004d4000000|100%| E|CS|TAMS 0x00000004d3800000| PB 0x00000004d3800000| Complete |  0
| 424|0x00000004d4000000, 0x00000004d4800000, 0x00000004d4800000|100%| E|CS|TAMS 0x00000004d4000000| PB 0x00000004d4000000| Complete |  0
| 425|0x00000004d4800000, 0x00000004d5000000, 0x00000004d5000000|100%| E|CS|TAMS 0x00000004d4800000| PB 0x00000004d4800000| Complete |  0
| 426|0x00000004d5000000, 0x00000004d5800000, 0x00000004d5800000|100%| E|CS|TAMS 0x00000004d5000000| PB 0x00000004d5000000| Complete |  0
| 427|0x00000004d5800000, 0x00000004d6000000, 0x00000004d6000000|100%| E|CS|TAMS 0x00000004d5800000| PB 0x00000004d5800000| Complete |  0
| 428|0x00000004d6000000, 0x00000004d6800000, 0x00000004d6800000|100%| E|CS|TAMS 0x00000004d6000000| PB 0x00000004d6000000| Complete |  0
| 429|0x00000004d6800000, 0x00000004d7000000, 0x00000004d7000000|100%| E|CS|TAMS 0x00000004d6800000| PB 0x00000004d6800000| Complete |  0
| 430|0x00000004d7000000, 0x00000004d7800000, 0x00000004d7800000|100%| E|CS|TAMS 0x00000004d7000000| PB 0x00000004d7000000| Complete |  0
| 431|0x00000004d7800000, 0x00000004d8000000, 0x00000004d8000000|100%| E|CS|TAMS 0x00000004d7800000| PB 0x00000004d7800000| Complete |  0
| 432|0x00000004d8000000, 0x00000004d8800000, 0x00000004d8800000|100%| E|CS|TAMS 0x00000004d8000000| PB 0x00000004d8000000| Complete |  0
| 433|0x00000004d8800000, 0x00000004d9000000, 0x00000004d9000000|100%| E|CS|TAMS 0x00000004d8800000| PB 0x00000004d8800000| Complete |  0
| 434|0x00000004d9000000, 0x00000004d9800000, 0x00000004d9800000|100%| E|CS|TAMS 0x00000004d9000000| PB 0x00000004d9000000| Complete |  0
| 435|0x00000004d9800000, 0x00000004da000000, 0x00000004da000000|100%| E|CS|TAMS 0x00000004d9800000| PB 0x00000004d9800000| Complete |  0
| 436|0x00000004da000000, 0x00000004da800000, 0x00000004da800000|100%| E|CS|TAMS 0x00000004da000000| PB 0x00000004da000000| Complete |  0
| 437|0x00000004da800000, 0x00000004db000000, 0x00000004db000000|100%| E|CS|TAMS 0x00000004da800000| PB 0x00000004da800000| Complete |  0
| 438|0x00000004db000000, 0x00000004db800000, 0x00000004db800000|100%| E|CS|TAMS 0x00000004db000000| PB 0x00000004db000000| Complete |  0
| 439|0x00000004db800000, 0x00000004dc000000, 0x00000004dc000000|100%| E|CS|TAMS 0x00000004db800000| PB 0x00000004db800000| Complete |  0
| 440|0x00000004dc000000, 0x00000004dc800000, 0x00000004dc800000|100%| E|CS|TAMS 0x00000004dc000000| PB 0x00000004dc000000| Complete |  0
| 441|0x00000004dc800000, 0x00000004dd000000, 0x00000004dd000000|100%| E|CS|TAMS 0x00000004dc800000| PB 0x00000004dc800000| Complete |  0
| 442|0x00000004dd000000, 0x00000004dd800000, 0x00000004dd800000|100%| E|CS|TAMS 0x00000004dd000000| PB 0x00000004dd000000| Complete |  0
| 443|0x00000004dd800000, 0x00000004de000000, 0x00000004de000000|100%| E|CS|TAMS 0x00000004dd800000| PB 0x00000004dd800000| Complete |  0
| 444|0x00000004de000000, 0x00000004de800000, 0x00000004de800000|100%| E|CS|TAMS 0x00000004de000000| PB 0x00000004de000000| Complete |  0
| 445|0x00000004de800000, 0x00000004df000000, 0x00000004df000000|100%| E|CS|TAMS 0x00000004de800000| PB 0x00000004de800000| Complete |  0
| 446|0x00000004df000000, 0x00000004df800000, 0x00000004df800000|100%| E|CS|TAMS 0x00000004df000000| PB 0x00000004df000000| Complete |  0
| 447|0x00000004df800000, 0x00000004e0000000, 0x00000004e0000000|100%| E|CS|TAMS 0x00000004df800000| PB 0x00000004df800000| Complete |  0
| 448|0x00000004e0000000, 0x00000004e0800000, 0x00000004e0800000|100%| E|CS|TAMS 0x00000004e0000000| PB 0x00000004e0000000| Complete |  0
| 449|0x00000004e0800000, 0x00000004e1000000, 0x00000004e1000000|100%| E|CS|TAMS 0x00000004e0800000| PB 0x00000004e0800000| Complete |  0
| 450|0x00000004e1000000, 0x00000004e1800000, 0x00000004e1800000|100%| E|CS|TAMS 0x00000004e1000000| PB 0x00000004e1000000| Complete |  0
| 451|0x00000004e1800000, 0x00000004e2000000, 0x00000004e2000000|100%| E|CS|TAMS 0x00000004e1800000| PB 0x00000004e1800000| Complete |  0
| 452|0x00000004e2000000, 0x00000004e2800000, 0x00000004e2800000|100%| E|CS|TAMS 0x00000004e2000000| PB 0x00000004e2000000| Complete |  0
| 453|0x00000004e2800000, 0x00000004e3000000, 0x00000004e3000000|100%| E|CS|TAMS 0x00000004e2800000| PB 0x00000004e2800000| Complete |  0
| 454|0x00000004e3000000, 0x00000004e3800000, 0x00000004e3800000|100%| E|CS|TAMS 0x00000004e3000000| PB 0x00000004e3000000| Complete |  0
| 455|0x00000004e3800000, 0x00000004e4000000, 0x00000004e4000000|100%| E|CS|TAMS 0x00000004e3800000| PB 0x00000004e3800000| Complete |  0
| 456|0x00000004e4000000, 0x00000004e4800000, 0x00000004e4800000|100%| E|CS|TAMS 0x00000004e4000000| PB 0x00000004e4000000| Complete |  0
| 457|0x00000004e4800000, 0x00000004e5000000, 0x00000004e5000000|100%| E|CS|TAMS 0x00000004e4800000| PB 0x00000004e4800000| Complete |  0
| 458|0x00000004e5000000, 0x00000004e5800000, 0x00000004e5800000|100%| E|CS|TAMS 0x00000004e5000000| PB 0x00000004e5000000| Complete |  0
| 459|0x00000004e5800000, 0x00000004e6000000, 0x00000004e6000000|100%| E|CS|TAMS 0x00000004e5800000| PB 0x00000004e5800000| Complete |  0
| 460|0x00000004e6000000, 0x00000004e6800000, 0x00000004e6800000|100%| E|CS|TAMS 0x00000004e6000000| PB 0x00000004e6000000| Complete |  0
| 461|0x00000004e6800000, 0x00000004e7000000, 0x00000004e7000000|100%| E|CS|TAMS 0x00000004e6800000| PB 0x00000004e6800000| Complete |  0
| 462|0x00000004e7000000, 0x00000004e7800000, 0x00000004e7800000|100%| E|CS|TAMS 0x00000004e7000000| PB 0x00000004e7000000| Complete |  0
| 463|0x00000004e7800000, 0x00000004e8000000, 0x00000004e8000000|100%| E|CS|TAMS 0x00000004e7800000| PB 0x00000004e7800000| Complete |  0
| 464|0x00000004e8000000, 0x00000004e8800000, 0x00000004e8800000|100%| E|CS|TAMS 0x00000004e8000000| PB 0x00000004e8000000| Complete |  0
| 465|0x00000004e8800000, 0x00000004e9000000, 0x00000004e9000000|100%| E|CS|TAMS 0x00000004e8800000| PB 0x00000004e8800000| Complete |  0
| 466|0x00000004e9000000, 0x00000004e9800000, 0x00000004e9800000|100%| E|CS|TAMS 0x00000004e9000000| PB 0x00000004e9000000| Complete |  0
| 467|0x00000004e9800000, 0x00000004ea000000, 0x00000004ea000000|100%| E|CS|TAMS 0x00000004e9800000| PB 0x00000004e9800000| Complete |  0
| 468|0x00000004ea000000, 0x00000004ea800000, 0x00000004ea800000|100%| E|CS|TAMS 0x00000004ea000000| PB 0x00000004ea000000| Complete |  0
| 469|0x00000004ea800000, 0x00000004eb000000, 0x00000004eb000000|100%| E|CS|TAMS 0x00000004ea800000| PB 0x00000004ea800000| Complete |  0
| 470|0x00000004eb000000, 0x00000004eb800000, 0x00000004eb800000|100%| E|CS|TAMS 0x00000004eb000000| PB 0x00000004eb000000| Complete |  0
| 471|0x00000004eb800000, 0x00000004ec000000, 0x00000004ec000000|100%| E|CS|TAMS 0x00000004eb800000| PB 0x00000004eb800000| Complete |  0
| 472|0x00000004ec000000, 0x00000004ec800000, 0x00000004ec800000|100%| E|CS|TAMS 0x00000004ec000000| PB 0x00000004ec000000| Complete |  0
| 473|0x00000004ec800000, 0x00000004ed000000, 0x00000004ed000000|100%| E|CS|TAMS 0x00000004ec800000| PB 0x00000004ec800000| Complete |  0
| 474|0x00000004ed000000, 0x00000004ed800000, 0x00000004ed800000|100%| E|CS|TAMS 0x00000004ed000000| PB 0x00000004ed000000| Complete |  0
| 475|0x00000004ed800000, 0x00000004ee000000, 0x00000004ee000000|100%| E|CS|TAMS 0x00000004ed800000| PB 0x00000004ed800000| Complete |  0
| 476|0x00000004ee000000, 0x00000004ee800000, 0x00000004ee800000|100%| E|CS|TAMS 0x00000004ee000000| PB 0x00000004ee000000| Complete |  0
| 477|0x00000004ee800000, 0x00000004ef000000, 0x00000004ef000000|100%| E|CS|TAMS 0x00000004ee800000| PB 0x00000004ee800000| Complete |  0
| 478|0x00000004ef000000, 0x00000004ef800000, 0x00000004ef800000|100%| E|CS|TAMS 0x00000004ef000000| PB 0x00000004ef000000| Complete |  0
| 479|0x00000004ef800000, 0x00000004f0000000, 0x00000004f0000000|100%| E|CS|TAMS 0x00000004ef800000| PB 0x00000004ef800000| Complete |  0
| 480|0x00000004f0000000, 0x00000004f0800000, 0x00000004f0800000|100%| E|CS|TAMS 0x00000004f0000000| PB 0x00000004f0000000| Complete |  0
| 481|0x00000004f0800000, 0x00000004f1000000, 0x00000004f1000000|100%| E|CS|TAMS 0x00000004f0800000| PB 0x00000004f0800000| Complete |  0
| 482|0x00000004f1000000, 0x00000004f1800000, 0x00000004f1800000|100%| E|CS|TAMS 0x00000004f1000000| PB 0x00000004f1000000| Complete |  0
| 483|0x00000004f1800000, 0x00000004f2000000, 0x00000004f2000000|100%| E|CS|TAMS 0x00000004f1800000| PB 0x00000004f1800000| Complete |  0
| 484|0x00000004f2000000, 0x00000004f2800000, 0x00000004f2800000|100%| E|CS|TAMS 0x00000004f2000000| PB 0x00000004f2000000| Complete |  0
| 485|0x00000004f2800000, 0x00000004f3000000, 0x00000004f3000000|100%| E|CS|TAMS 0x00000004f2800000| PB 0x00000004f2800000| Complete |  0
| 486|0x00000004f3000000, 0x00000004f3800000, 0x00000004f3800000|100%| E|CS|TAMS 0x00000004f3000000| PB 0x00000004f3000000| Complete |  0
| 487|0x00000004f3800000, 0x00000004f4000000, 0x00000004f4000000|100%| E|CS|TAMS 0x00000004f3800000| PB 0x00000004f3800000| Complete |  0
| 488|0x00000004f4000000, 0x00000004f4800000, 0x00000004f4800000|100%| E|CS|TAMS 0x00000004f4000000| PB 0x00000004f4000000| Complete |  0
| 489|0x00000004f4800000, 0x00000004f5000000, 0x00000004f5000000|100%| E|CS|TAMS 0x00000004f4800000| PB 0x00000004f4800000| Complete |  0
| 490|0x00000004f5000000, 0x00000004f5800000, 0x00000004f5800000|100%| E|CS|TAMS 0x00000004f5000000| PB 0x00000004f5000000| Complete |  0
| 491|0x00000004f5800000, 0x00000004f6000000, 0x00000004f6000000|100%| E|CS|TAMS 0x00000004f5800000| PB 0x00000004f5800000| Complete |  0
| 492|0x00000004f6000000, 0x00000004f6800000, 0x00000004f6800000|100%| E|CS|TAMS 0x00000004f6000000| PB 0x00000004f6000000| Complete |  0
| 493|0x00000004f6800000, 0x00000004f7000000, 0x00000004f7000000|100%| E|CS|TAMS 0x00000004f6800000| PB 0x00000004f6800000| Complete |  0
| 494|0x00000004f7000000, 0x00000004f7800000, 0x00000004f7800000|100%| E|CS|TAMS 0x00000004f7000000| PB 0x00000004f7000000| Complete |  0
| 495|0x00000004f7800000, 0x00000004f8000000, 0x00000004f8000000|100%| E|CS|TAMS 0x00000004f7800000| PB 0x00000004f7800000| Complete |  0
| 496|0x00000004f8000000, 0x00000004f8800000, 0x00000004f8800000|100%| E|CS|TAMS 0x00000004f8000000| PB 0x00000004f8000000| Complete |  0
| 497|0x00000004f8800000, 0x00000004f9000000, 0x00000004f9000000|100%| E|CS|TAMS 0x00000004f8800000| PB 0x00000004f8800000| Complete |  0
| 498|0x00000004f9000000, 0x00000004f9800000, 0x00000004f9800000|100%| E|CS|TAMS 0x00000004f9000000| PB 0x00000004f9000000| Complete |  0
| 499|0x00000004f9800000, 0x00000004fa000000, 0x00000004fa000000|100%| E|CS|TAMS 0x00000004f9800000| PB 0x00000004f9800000| Complete |  0
| 500|0x00000004fa000000, 0x00000004fa800000, 0x00000004fa800000|100%| E|CS|TAMS 0x00000004fa000000| PB 0x00000004fa000000| Complete |  0
| 501|0x00000004fa800000, 0x00000004fb000000, 0x00000004fb000000|100%| E|CS|TAMS 0x00000004fa800000| PB 0x00000004fa800000| Complete |  0
| 502|0x00000004fb000000, 0x00000004fb800000, 0x00000004fb800000|100%| E|CS|TAMS 0x00000004fb000000| PB 0x00000004fb000000| Complete |  0
| 503|0x00000004fb800000, 0x00000004fc000000, 0x00000004fc000000|100%| E|CS|TAMS 0x00000004fb800000| PB 0x00000004fb800000| Complete |  0
| 504|0x00000004fc000000, 0x00000004fc800000, 0x00000004fc800000|100%| E|CS|TAMS 0x00000004fc000000| PB 0x00000004fc000000| Complete |  0
| 505|0x00000004fc800000, 0x00000004fd000000, 0x00000004fd000000|100%| E|CS|TAMS 0x00000004fc800000| PB 0x00000004fc800000| Complete |  0
| 506|0x00000004fd000000, 0x00000004fd800000, 0x00000004fd800000|100%| E|CS|TAMS 0x00000004fd000000| PB 0x00000004fd000000| Complete |  0
| 507|0x00000004fd800000, 0x00000004fe000000, 0x00000004fe000000|100%| E|CS|TAMS 0x00000004fd800000| PB 0x00000004fd800000| Complete |  0
| 508|0x00000004fe000000, 0x00000004fe800000, 0x00000004fe800000|100%| E|CS|TAMS 0x00000004fe000000| PB 0x00000004fe000000| Complete |  0
| 509|0x00000004fe800000, 0x00000004ff000000, 0x00000004ff000000|100%| E|CS|TAMS 0x00000004fe800000| PB 0x00000004fe800000| Complete |  0
| 510|0x00000004ff000000, 0x00000004ff800000, 0x00000004ff800000|100%| E|CS|TAMS 0x00000004ff000000| PB 0x00000004ff000000| Complete |  0
| 511|0x00000004ff800000, 0x0000000500000000, 0x0000000500000000|100%| E|CS|TAMS 0x00000004ff800000| PB 0x00000004ff800000| Complete |  0
| 512|0x0000000500000000, 0x0000000500800000, 0x0000000500800000|100%| E|CS|TAMS 0x0000000500000000| PB 0x0000000500000000| Complete |  0
| 513|0x0000000500800000, 0x0000000501000000, 0x0000000501000000|100%| E|CS|TAMS 0x0000000500800000| PB 0x0000000500800000| Complete |  0
| 514|0x0000000501000000, 0x0000000501800000, 0x0000000501800000|100%| E|CS|TAMS 0x0000000501000000| PB 0x0000000501000000| Complete |  0
| 515|0x0000000501800000, 0x0000000502000000, 0x0000000502000000|100%| E|CS|TAMS 0x0000000501800000| PB 0x0000000501800000| Complete |  0
| 516|0x0000000502000000, 0x0000000502800000, 0x0000000502800000|100%| E|CS|TAMS 0x0000000502000000| PB 0x0000000502000000| Complete |  0
| 517|0x0000000502800000, 0x0000000503000000, 0x0000000503000000|100%| E|CS|TAMS 0x0000000502800000| PB 0x0000000502800000| Complete |  0
| 518|0x0000000503000000, 0x0000000503800000, 0x0000000503800000|100%| E|CS|TAMS 0x0000000503000000| PB 0x0000000503000000| Complete |  0
| 519|0x0000000503800000, 0x0000000504000000, 0x0000000504000000|100%| E|CS|TAMS 0x0000000503800000| PB 0x0000000503800000| Complete |  0
| 520|0x0000000504000000, 0x0000000504800000, 0x0000000504800000|100%| E|CS|TAMS 0x0000000504000000| PB 0x0000000504000000| Complete |  0
| 521|0x0000000504800000, 0x0000000505000000, 0x0000000505000000|100%| E|CS|TAMS 0x0000000504800000| PB 0x0000000504800000| Complete |  0
| 522|0x0000000505000000, 0x0000000505800000, 0x0000000505800000|100%| E|CS|TAMS 0x0000000505000000| PB 0x0000000505000000| Complete |  0
| 523|0x0000000505800000, 0x0000000506000000, 0x0000000506000000|100%| E|CS|TAMS 0x0000000505800000| PB 0x0000000505800000| Complete |  0
| 524|0x0000000506000000, 0x0000000506800000, 0x0000000506800000|100%| E|CS|TAMS 0x0000000506000000| PB 0x0000000506000000| Complete |  0
| 525|0x0000000506800000, 0x0000000507000000, 0x0000000507000000|100%| E|CS|TAMS 0x0000000506800000| PB 0x0000000506800000| Complete |  0
| 526|0x0000000507000000, 0x0000000507800000, 0x0000000507800000|100%| E|CS|TAMS 0x0000000507000000| PB 0x0000000507000000| Complete |  0
| 527|0x0000000507800000, 0x0000000508000000, 0x0000000508000000|100%| E|CS|TAMS 0x0000000507800000| PB 0x0000000507800000| Complete |  0
| 528|0x0000000508000000, 0x0000000508800000, 0x0000000508800000|100%| E|CS|TAMS 0x0000000508000000| PB 0x0000000508000000| Complete |  0
| 529|0x0000000508800000, 0x0000000509000000, 0x0000000509000000|100%| E|CS|TAMS 0x0000000508800000| PB 0x0000000508800000| Complete |  0
| 530|0x0000000509000000, 0x0000000509800000, 0x0000000509800000|100%| E|CS|TAMS 0x0000000509000000| PB 0x0000000509000000| Complete |  0
| 531|0x0000000509800000, 0x000000050a000000, 0x000000050a000000|100%| E|CS|TAMS 0x0000000509800000| PB 0x0000000509800000| Complete |  0
| 532|0x000000050a000000, 0x000000050a800000, 0x000000050a800000|100%| E|CS|TAMS 0x000000050a000000| PB 0x000000050a000000| Complete |  0
| 533|0x000000050a800000, 0x000000050b000000, 0x000000050b000000|100%| E|CS|TAMS 0x000000050a800000| PB 0x000000050a800000| Complete |  0
| 534|0x000000050b000000, 0x000000050b800000, 0x000000050b800000|100%| E|CS|TAMS 0x000000050b000000| PB 0x000000050b000000| Complete |  0
| 535|0x000000050b800000, 0x000000050c000000, 0x000000050c000000|100%| E|CS|TAMS 0x000000050b800000| PB 0x000000050b800000| Complete |  0
| 536|0x000000050c000000, 0x000000050c800000, 0x000000050c800000|100%| E|CS|TAMS 0x000000050c000000| PB 0x000000050c000000| Complete |  0
| 537|0x000000050c800000, 0x000000050d000000, 0x000000050d000000|100%| E|CS|TAMS 0x000000050c800000| PB 0x000000050c800000| Complete |  0
| 538|0x000000050d000000, 0x000000050d800000, 0x000000050d800000|100%| E|CS|TAMS 0x000000050d000000| PB 0x000000050d000000| Complete |  0
| 539|0x000000050d800000, 0x000000050e000000, 0x000000050e000000|100%| E|CS|TAMS 0x000000050d800000| PB 0x000000050d800000| Complete |  0
| 540|0x000000050e000000, 0x000000050e800000, 0x000000050e800000|100%| E|CS|TAMS 0x000000050e000000| PB 0x000000050e000000| Complete |  0
| 541|0x000000050e800000, 0x000000050f000000, 0x000000050f000000|100%| E|CS|TAMS 0x000000050e800000| PB 0x000000050e800000| Complete |  0
| 542|0x000000050f000000, 0x000000050f800000, 0x000000050f800000|100%| E|CS|TAMS 0x000000050f000000| PB 0x000000050f000000| Complete |  0
| 543|0x000000050f800000, 0x0000000510000000, 0x0000000510000000|100%| E|CS|TAMS 0x000000050f800000| PB 0x000000050f800000| Complete |  0
| 544|0x0000000510000000, 0x0000000510800000, 0x0000000510800000|100%| E|CS|TAMS 0x0000000510000000| PB 0x0000000510000000| Complete |  0
| 545|0x0000000510800000, 0x0000000511000000, 0x0000000511000000|100%| E|CS|TAMS 0x0000000510800000| PB 0x0000000510800000| Complete |  0
| 546|0x0000000511000000, 0x0000000511800000, 0x0000000511800000|100%| E|CS|TAMS 0x0000000511000000| PB 0x0000000511000000| Complete |  0
| 547|0x0000000511800000, 0x0000000512000000, 0x0000000512000000|100%| E|CS|TAMS 0x0000000511800000| PB 0x0000000511800000| Complete |  0
| 548|0x0000000512000000, 0x0000000512800000, 0x0000000512800000|100%| E|CS|TAMS 0x0000000512000000| PB 0x0000000512000000| Complete |  0
| 549|0x0000000512800000, 0x0000000513000000, 0x0000000513000000|100%| E|CS|TAMS 0x0000000512800000| PB 0x0000000512800000| Complete |  0
| 550|0x0000000513000000, 0x0000000513800000, 0x0000000513800000|100%| E|CS|TAMS 0x0000000513000000| PB 0x0000000513000000| Complete |  0
| 551|0x0000000513800000, 0x0000000514000000, 0x0000000514000000|100%| E|CS|TAMS 0x0000000513800000| PB 0x0000000513800000| Complete |  0
| 552|0x0000000514000000, 0x0000000514800000, 0x0000000514800000|100%| E|CS|TAMS 0x0000000514000000| PB 0x0000000514000000| Complete |  0
| 553|0x0000000514800000, 0x0000000515000000, 0x0000000515000000|100%| E|CS|TAMS 0x0000000514800000| PB 0x0000000514800000| Complete |  0
| 554|0x0000000515000000, 0x0000000515800000, 0x0000000515800000|100%| E|CS|TAMS 0x0000000515000000| PB 0x0000000515000000| Complete |  0
| 555|0x0000000515800000, 0x0000000516000000, 0x0000000516000000|100%| E|CS|TAMS 0x0000000515800000| PB 0x0000000515800000| Complete |  0
| 556|0x0000000516000000, 0x0000000516800000, 0x0000000516800000|100%| E|CS|TAMS 0x0000000516000000| PB 0x0000000516000000| Complete |  0
| 557|0x0000000516800000, 0x0000000517000000, 0x0000000517000000|100%| E|CS|TAMS 0x0000000516800000| PB 0x0000000516800000| Complete |  0
| 558|0x0000000517000000, 0x0000000517800000, 0x0000000517800000|100%| E|CS|TAMS 0x0000000517000000| PB 0x0000000517000000| Complete |  0
| 559|0x0000000517800000, 0x0000000518000000, 0x0000000518000000|100%| E|CS|TAMS 0x0000000517800000| PB 0x0000000517800000| Complete |  0
| 560|0x0000000518000000, 0x0000000518800000, 0x0000000518800000|100%| E|CS|TAMS 0x0000000518000000| PB 0x0000000518000000| Complete |  0
| 561|0x0000000518800000, 0x0000000519000000, 0x0000000519000000|100%| E|CS|TAMS 0x0000000518800000| PB 0x0000000518800000| Complete |  0
| 562|0x0000000519000000, 0x0000000519800000, 0x0000000519800000|100%| E|CS|TAMS 0x0000000519000000| PB 0x0000000519000000| Complete |  0
| 563|0x0000000519800000, 0x000000051a000000, 0x000000051a000000|100%| E|CS|TAMS 0x0000000519800000| PB 0x0000000519800000| Complete |  0
| 564|0x000000051a000000, 0x000000051a800000, 0x000000051a800000|100%| E|CS|TAMS 0x000000051a000000| PB 0x000000051a000000| Complete |  0
| 565|0x000000051a800000, 0x000000051b000000, 0x000000051b000000|100%| E|CS|TAMS 0x000000051a800000| PB 0x000000051a800000| Complete |  0
| 566|0x000000051b000000, 0x000000051b800000, 0x000000051b800000|100%| E|CS|TAMS 0x000000051b000000| PB 0x000000051b000000| Complete |  0
| 567|0x000000051b800000, 0x000000051c000000, 0x000000051c000000|100%| E|CS|TAMS 0x000000051b800000| PB 0x000000051b800000| Complete |  0
| 568|0x000000051c000000, 0x000000051c800000, 0x000000051c800000|100%| E|CS|TAMS 0x000000051c000000| PB 0x000000051c000000| Complete |  0
| 569|0x000000051c800000, 0x000000051d000000, 0x000000051d000000|100%| E|CS|TAMS 0x000000051c800000| PB 0x000000051c800000| Complete |  0
| 570|0x000000051d000000, 0x000000051d800000, 0x000000051d800000|100%| E|CS|TAMS 0x000000051d000000| PB 0x000000051d000000| Complete |  0
|1998|0x00000007e7000000, 0x00000007e7800000, 0x00000007e7800000|100%| E|CS|TAMS 0x00000007e7000000| PB 0x00000007e7000000| Complete |  0
|1999|0x00000007e7800000, 0x00000007e8000000, 0x00000007e8000000|100%| E|CS|TAMS 0x00000007e7800000| PB 0x00000007e7800000| Complete |  0
|2000|0x00000007e8000000, 0x00000007e8800000, 0x00000007e8800000|100%| E|CS|TAMS 0x00000007e8000000| PB 0x00000007e8000000| Complete |  0
|2001|0x00000007e8800000, 0x00000007e9000000, 0x00000007e9000000|100%| E|CS|TAMS 0x00000007e8800000| PB 0x00000007e8800000| Complete |  0
|2002|0x00000007e9000000, 0x00000007e9800000, 0x00000007e9800000|100%| E|CS|TAMS 0x00000007e9000000| PB 0x00000007e9000000| Complete |  0
|2003|0x00000007e9800000, 0x00000007ea000000, 0x00000007ea000000|100%| E|CS|TAMS 0x00000007e9800000| PB 0x00000007e9800000| Complete |  0
|2004|0x00000007ea000000, 0x00000007ea800000, 0x00000007ea800000|100%| E|CS|TAMS 0x00000007ea000000| PB 0x00000007ea000000| Complete |  0
|2005|0x00000007ea800000, 0x00000007eb000000, 0x00000007eb000000|100%| E|CS|TAMS 0x00000007ea800000| PB 0x00000007ea800000| Complete |  0
|2006|0x00000007eb000000, 0x00000007eb800000, 0x00000007eb800000|100%| E|CS|TAMS 0x00000007eb000000| PB 0x00000007eb000000| Complete |  0
|2007|0x00000007eb800000, 0x00000007ec000000, 0x00000007ec000000|100%| E|CS|TAMS 0x00000007eb800000| PB 0x00000007eb800000| Complete |  0
|2008|0x00000007ec000000, 0x00000007ec800000, 0x00000007ec800000|100%| E|CS|TAMS 0x00000007ec000000| PB 0x00000007ec000000| Complete |  0
|2009|0x00000007ec800000, 0x00000007ed000000, 0x00000007ed000000|100%| E|CS|TAMS 0x00000007ec800000| PB 0x00000007ec800000| Complete |  0
|2010|0x00000007ed000000, 0x00000007ed800000, 0x00000007ed800000|100%| E|CS|TAMS 0x00000007ed000000| PB 0x00000007ed000000| Complete |  0
|2011|0x00000007ed800000, 0x00000007ee000000, 0x00000007ee000000|100%| E|CS|TAMS 0x00000007ed800000| PB 0x00000007ed800000| Complete |  0
|2012|0x00000007ee000000, 0x00000007ee800000, 0x00000007ee800000|100%| E|CS|TAMS 0x00000007ee000000| PB 0x00000007ee000000| Complete |  0
|2013|0x00000007ee800000, 0x00000007ef000000, 0x00000007ef000000|100%| E|CS|TAMS 0x00000007ee800000| PB 0x00000007ee800000| Complete |  0
|2014|0x00000007ef000000, 0x00000007ef800000, 0x00000007ef800000|100%| E|CS|TAMS 0x00000007ef000000| PB 0x00000007ef000000| Complete |  0
|2015|0x00000007ef800000, 0x00000007f0000000, 0x00000007f0000000|100%| E|CS|TAMS 0x00000007ef800000| PB 0x00000007ef800000| Complete |  0
|2016|0x00000007f0000000, 0x00000007f0800000, 0x00000007f0800000|100%| O|  |TAMS 0x00000007f0000000| PB 0x00000007f0000000| Untracked |  0
|2017|0x00000007f0800000, 0x00000007f1000000, 0x00000007f1000000|100%| O|  |TAMS 0x00000007f0800000| PB 0x00000007f0800000| Untracked |  0
|2018|0x00000007f1000000, 0x00000007f1800000, 0x00000007f1800000|100%| O|  |TAMS 0x00000007f1000000| PB 0x00000007f1000000| Untracked |  0
|2019|0x00000007f1800000, 0x00000007f2000000, 0x00000007f2000000|100%| O|  |TAMS 0x00000007f1800000| PB 0x00000007f1800000| Untracked |  0
|2020|0x00000007f2000000, 0x00000007f2800000, 0x00000007f2800000|100%| O|  |TAMS 0x00000007f2000000| PB 0x00000007f2000000| Untracked |  0
|2021|0x00000007f2800000, 0x00000007f3000000, 0x00000007f3000000|100%| O|  |TAMS 0x00000007f2800000| PB 0x00000007f2800000| Untracked |  0
|2022|0x00000007f3000000, 0x00000007f3800000, 0x00000007f3800000|100%| O|  |TAMS 0x00000007f3000000| PB 0x00000007f3000000| Untracked |  0
|2023|0x00000007f3800000, 0x00000007f4000000, 0x00000007f4000000|100%| O|  |TAMS 0x00000007f3800000| PB 0x00000007f3800000| Untracked |  0
|2024|0x00000007f4000000, 0x00000007f4800000, 0x00000007f4800000|100%| O|  |TAMS 0x00000007f4000000| PB 0x00000007f4000000| Untracked |  0
|2025|0x00000007f4800000, 0x00000007f5000000, 0x00000007f5000000|100%| O|  |TAMS 0x00000007f4800000| PB 0x00000007f4800000| Untracked |  0
|2026|0x00000007f5000000, 0x00000007f5800000, 0x00000007f5800000|100%| O|  |TAMS 0x00000007f5000000| PB 0x00000007f5000000| Untracked |  0
|2027|0x00000007f5800000, 0x00000007f6000000, 0x00000007f6000000|100%| O|  |TAMS 0x00000007f5800000| PB 0x00000007f5800000| Untracked |  0
|2028|0x00000007f6000000, 0x00000007f6800000, 0x00000007f6800000|100%| O|  |TAMS 0x00000007f6000000| PB 0x00000007f6000000| Untracked |  0
|2029|0x00000007f6800000, 0x00000007f7000000, 0x00000007f7000000|100%| O|  |TAMS 0x00000007f6800000| PB 0x00000007f6800000| Untracked |  0
|2030|0x00000007f7000000, 0x00000007f7800000, 0x00000007f7800000|100%| E|CS|TAMS 0x00000007f7000000| PB 0x00000007f7000000| Complete |  0
|2031|0x00000007f7800000, 0x00000007f8000000, 0x00000007f8000000|100%| E|CS|TAMS 0x00000007f7800000| PB 0x00000007f7800000| Complete |  0
|2032|0x00000007f8000000, 0x00000007f8800000, 0x00000007f8800000|100%| E|CS|TAMS 0x00000007f8000000| PB 0x00000007f8000000| Complete |  0
|2033|0x00000007f8800000, 0x00000007f9000000, 0x00000007f9000000|100%| O|  |TAMS 0x00000007f8800000| PB 0x00000007f8800000| Untracked |  0
|2034|0x00000007f9000000, 0x00000007f9800000, 0x00000007f9800000|100%| O|  |TAMS 0x00000007f9000000| PB 0x00000007f9000000| Untracked |  0
|2035|0x00000007f9800000, 0x00000007fa000000, 0x00000007fa000000|100%| E|CS|TAMS 0x00000007f9800000| PB 0x00000007f9800000| Complete |  0
|2036|0x00000007fa000000, 0x00000007fa800000, 0x00000007fa800000|100%| E|CS|TAMS 0x00000007fa000000| PB 0x00000007fa000000| Complete |  0
|2037|0x00000007fa800000, 0x00000007fb000000, 0x00000007fb000000|100%| O|  |TAMS 0x00000007fa800000| PB 0x00000007fa800000| Untracked |  0
|2038|0x00000007fb000000, 0x00000007fb800000, 0x00000007fb800000|100%| O|  |TAMS 0x00000007fb000000| PB 0x00000007fb000000| Untracked |  0
|2039|0x00000007fb800000, 0x00000007fc000000, 0x00000007fc000000|100%| E|CS|TAMS 0x00000007fb800000| PB 0x00000007fb800000| Complete |  0
|2040|0x00000007fc000000, 0x00000007fc800000, 0x00000007fc800000|100%| E|CS|TAMS 0x00000007fc000000| PB 0x00000007fc000000| Complete |  0
|2041|0x00000007fc800000, 0x00000007fd000000, 0x00000007fd000000|100%| E|CS|TAMS 0x00000007fc800000| PB 0x00000007fc800000| Complete |  0
|2042|0x00000007fd000000, 0x00000007fd800000, 0x00000007fd800000|100%| O|  |TAMS 0x00000007fd000000| PB 0x00000007fd000000| Untracked |  0
|2043|0x00000007fd800000, 0x00000007fe000000, 0x00000007fe000000|100%| O|  |TAMS 0x00000007fd800000| PB 0x00000007fd800000| Untracked |  0
|2044|0x00000007fe000000, 0x00000007fe800000, 0x00000007fe800000|100%| O|  |TAMS 0x00000007fe000000| PB 0x00000007fe000000| Untracked |  0
|2045|0x00000007fe800000, 0x00000007ff000000, 0x00000007ff000000|100%| E|CS|TAMS 0x00000007fe800000| PB 0x00000007fe800000| Complete |  0
|2046|0x00000007ff000000, 0x00000007ff800000, 0x00000007ff800000|100%| O|  |TAMS 0x00000007ff000000| PB 0x00000007ff000000| Untracked |  0
|2047|0x00000007ff800000, 0x0000000800000000, 0x0000000800000000|100%| E|CS|TAMS 0x00000007ff800000| PB 0x00000007ff800000| Complete |  0

Card table byte_map: [0x000002244a540000,0x000002244c540000] _byte_map_base: 0x0000022448540000

Marking Bits: (CMBitMap*) 0x000002245c691630
 Bits: [0x000002244c540000, 0x000002245c540000)

Polling page: 0x000002242dce0000

Metaspace:
Metaspace        used 490699K, committed 497408K, reserved 1507328K
 class space     used 76632K, committed 79680K, reserved 1048576K

Usage:
  Non-class:    404.36 MB used.
      Class:     74.84 MB used.
       Both:    479.20 MB used.

Virtual space:
  Non-class space:      448.00 MB reserved,     407.94 MB ( 91%) committed,  7 nodes.
      Class space:        1.00 GB reserved,      77.81 MB (  8%) committed,  1 nodes.
             Both:        1.44 GB reserved,     485.75 MB ( 33%) committed. 

Chunk freelists:
   Non-Class:  7.72 MB
       Class:  2.12 MB
        Both:  9.85 MB

MaxMetaspaceSize: unlimited
CompressedClassSpaceSize: 1.00 GB
Initial GC threshold: 21.00 MB
Current GC threshold: 809.50 MB
CDS: on
 - commit_granule_bytes: 65536.
 - commit_granule_words: 8192.
 - virtual_space_node_default_size: 8388608.
 - enlarge_chunks_in_place: 1.
UseCompressedClassPointers 1, UseCompactObjectHeaders 0
Narrow klass pointer bits 32, Max shift 3
Narrow klass base: 0x0000000033000000, Narrow klass shift: 0
Encoding Range: [0x0000000033000000 - 0x0000000133000000), (4294967296 bytes)
Klass Range:    [0x0000000033010000 - 0x0000000074000000), (1090453504 bytes)
Klass ID Range:  [65536 - 1090519033) (1090453497)
Protection zone: [0x0000000033000000 - 0x0000000033010000), (65536 bytes)


Internal statistics:

num_allocs_failed_limit: 27.
num_arena_births: 9376.
num_arena_deaths: 156.
num_vsnodes_births: 8.
num_vsnodes_deaths: 0.
num_space_committed: 7769.
num_space_uncommitted: 6.
num_chunks_returned_to_freelist: 327.
num_chunks_taken_from_freelist: 33593.
num_chunk_merges: 109.
num_chunk_splits: 22433.
num_chunks_enlarged: 13408.
num_inconsistent_stats: 0.

CodeHeap 'non-profiled nmethods': size=119232Kb used=16551Kb max_used=24911Kb free=102680Kb
 bounds [0x00000224402e0000, 0x0000022441b40000, 0x0000022447750000]
CodeHeap 'profiled nmethods': size=119104Kb used=17316Kb max_used=41066Kb free=101787Kb
 bounds [0x0000022438750000, 0x000002243af70000, 0x000002243fba0000]
CodeHeap 'non-nmethods': size=7424Kb used=3528Kb max_used=5409Kb free=3895Kb
 bounds [0x000002243fba0000, 0x0000022440130000, 0x00000224402e0000]
CodeCache: size=245760Kb, used=37395Kb, max_used=71386Kb, free=208362Kb
 total_blobs=16728, nmethods=14109, adapters=2494, full_count=0
Compilation: enabled, stopped_count=0, restarted_count=0

Compilation events (20 events):
Event: 4545.515 Thread 0x000002245c847bf0 nmethod 84606 0x0000022438c95808 code [0x0000022438c95900, 0x0000022438c96460]
Event: 4546.541 Thread 0x000002245c820ad0 84607       4       ca.spottedleaf.moonrise.patches.chunk_system.scheduling.task.ChunkLoadTask$CallbackDataLoadTask::<init> (25 bytes)
Event: 4546.564 Thread 0x000002245c820ad0 nmethod 84607 0x00000224406c3a88 code [0x00000224406c3b80, 0x00000224406c50b8]
Event: 4546.565 Thread 0x000002245c820ad0 84609       4       net.minecraft.core.Registry::referenceHolderWithLifecycle (31 bytes)
Event: 4546.589 Thread 0x000002245c820ad0 nmethod 84609 0x0000022440994f88 code [0x0000022440995080, 0x00000224409962d0]
Event: 4546.590 Thread 0x000002245c820ad0 84608       4       ca.spottedleaf.moonrise.patches.starlight.light.SWMRNibbleArray::swapUpdatingAndMarkDirty (72 bytes)
Event: 4546.599 Thread 0x000002245c820ad0 nmethod 84608 0x00000224403d8c08 code [0x00000224403d8d00, 0x00000224403d94a8]
Event: 4550.613 Thread 0x000002245c820ad0 84610       4       net.minecraft.world.level.LevelReader::getBiome (11 bytes)
Event: 4550.623 Thread 0x000002245c820ad0 nmethod 84610 0x000002244182df08 code [0x000002244182e000, 0x000002244182e0f0]
Event: 4553.452 Thread 0x000002245c847bf0 84611       3       net.kyori.adventure.text.format.TextColor::styleApply (9 bytes)
Event: 4553.462 Thread 0x000002245c847bf0 nmethod 84611 0x000002243a31fb88 code [0x000002243a31fc80, 0x000002243a31fe88]
Event: 4553.462 Thread 0x000002245c847bf0 84612       3       java.util.regex.Matcher::group (6 bytes)
Event: 4553.463 Thread 0x000002245c847bf0 nmethod 84612 0x0000022439c04908 code [0x0000022439c04a00, 0x0000022439c04bc0]
Event: 4553.463 Thread 0x000002245c847bf0 84613       3       javax.swing.text.SimpleAttributeSet::addAttribute (11 bytes)
Event: 4553.464 Thread 0x000002245c847bf0 nmethod 84613 0x0000022439c09108 code [0x0000022439c09200, 0x0000022439c093d0]
Event: 4566.154 Thread 0x000002245c847bf0 84614       1       javax.swing.text.AbstractDocument::getAttributeContext (5 bytes)
Event: 4566.155 Thread 0x000002245c847bf0 nmethod 84614 0x0000022441844188 code [0x0000022441844280, 0x0000022441844348]
Event: 4566.156 Thread 0x000002245c820ad0 84615       4       sun.font.FontStrikeDesc::<init> (144 bytes)
Event: 4566.158 Thread 0x000002245c820ad0 nmethod 84615 0x00000224409f6b08 code [0x00000224409f6c00, 0x00000224409f6fb8]
Event: 4576.546 Thread 0x000002245c820ad0 84616       4       java.awt.geom.Area::pathToCurves (292 bytes)

GC Heap Usage History (20 events):
Event: 2728.867 {heap Before GC invocations=117 (full 1):
 garbage-first heap   total reserved 16777216K, committed 5087232K, used 4799946K [0x0000000400000000, 0x0000000800000000)
  region size 8192K, 354 young (2899968K), 9 survivors (73728K)
}
Event: 2728.892 {heap After GC invocations=118 (full 1):
 garbage-first heap   total reserved 16777216K, committed 5087232K, used 1946259K [0x0000000400000000, 0x0000000800000000)
  region size 8192K, 10 young (81920K), 10 survivors (81920K)
}
Event: 2909.212 {heap Before GC invocations=118 (full 1):
 garbage-first heap   total reserved 16777216K, committed 5087232K, used 4797075K [0x0000000400000000, 0x0000000800000000)
  region size 8192K, 358 young (2932736K), 10 survivors (81920K)
}
Event: 2909.228 {heap After GC invocations=119 (full 1):
 garbage-first heap   total reserved 16777216K, committed 5087232K, used 1943839K [0x0000000400000000, 0x0000000800000000)
  region size 8192K, 9 young (73728K), 9 survivors (73728K)
}
Event: 3094.460 {heap Before GC invocations=120 (full 1):
 garbage-first heap   total reserved 16777216K, committed 5087232K, used 4794655K [0x0000000400000000, 0x0000000800000000)
  region size 8192K, 358 young (2932736K), 9 survivors (73728K)
}
Event: 3094.475 {heap After GC invocations=121 (full 1):
 garbage-first heap   total reserved 16777216K, committed 5087232K, used 1946738K [0x0000000400000000, 0x0000000800000000)
  region size 8192K, 9 young (73728K), 9 survivors (73728K)
}
Event: 3290.671 {heap Before GC invocations=121 (full 1):
 garbage-first heap   total reserved 16777216K, committed 5087232K, used 4797554K [0x0000000400000000, 0x0000000800000000)
  region size 8192K, 358 young (2932736K), 9 survivors (73728K)
}
Event: 3290.705 {heap After GC invocations=122 (full 1):
 garbage-first heap   total reserved 16777216K, committed 5087232K, used 1919791K [0x0000000400000000, 0x0000000800000000)
  region size 8192K, 9 young (73728K), 9 survivors (73728K)
}
Event: 3478.039 {heap Before GC invocations=122 (full 1):
 garbage-first heap   total reserved 16777216K, committed 5087232K, used 4795183K [0x0000000400000000, 0x0000000800000000)
  region size 8192K, 361 young (2957312K), 9 survivors (73728K)
}
Event: 3478.058 {heap After GC invocations=123 (full 1):
 garbage-first heap   total reserved 16777216K, committed 5087232K, used 1922641K [0x0000000400000000, 0x0000000800000000)
  region size 8192K, 9 young (73728K), 9 survivors (73728K)
}
Event: 3664.908 {heap Before GC invocations=124 (full 1):
 garbage-first heap   total reserved 16777216K, committed 5087232K, used 4798033K [0x0000000400000000, 0x0000000800000000)
  region size 8192K, 361 young (2957312K), 9 survivors (73728K)
}
Event: 3664.926 {heap After GC invocations=125 (full 1):
 garbage-first heap   total reserved 16777216K, committed 5087232K, used 1926089K [0x0000000400000000, 0x0000000800000000)
  region size 8192K, 10 young (81920K), 10 survivors (81920K)
}
Event: 3853.199 {heap Before GC invocations=125 (full 1):
 garbage-first heap   total reserved 16777216K, committed 5087232K, used 4793289K [0x0000000400000000, 0x0000000800000000)
  region size 8192K, 361 young (2957312K), 10 survivors (81920K)
}
Event: 3853.294 {heap After GC invocations=126 (full 1):
 garbage-first heap   total reserved 16777216K, committed 5087232K, used 1913266K [0x0000000400000000, 0x0000000800000000)
  region size 8192K, 9 young (73728K), 9 survivors (73728K)
}
Event: 4037.113 {heap Before GC invocations=126 (full 1):
 garbage-first heap   total reserved 16777216K, committed 5087232K, used 4805042K [0x0000000400000000, 0x0000000800000000)
  region size 8192K, 362 young (2965504K), 9 survivors (73728K)
}
Event: 4037.166 {heap After GC invocations=127 (full 1):
 garbage-first heap   total reserved 16777216K, committed 5087232K, used 1918412K [0x0000000400000000, 0x0000000800000000)
  region size 8192K, 5 young (40960K), 5 survivors (40960K)
}
Event: 4232.513 {heap Before GC invocations=128 (full 1):
 garbage-first heap   total reserved 16777216K, committed 5087232K, used 4810188K [0x0000000400000000, 0x0000000800000000)
  region size 8192K, 358 young (2932736K), 5 survivors (40960K)
}
Event: 4232.589 {heap After GC invocations=129 (full 1):
 garbage-first heap   total reserved 16777216K, committed 5087232K, used 1924044K [0x0000000400000000, 0x0000000800000000)
  region size 8192K, 5 young (40960K), 5 survivors (40960K)
}
Event: 4419.620 {heap Before GC invocations=129 (full 1):
 garbage-first heap   total reserved 16777216K, committed 5087232K, used 4799436K [0x0000000400000000, 0x0000000800000000)
  region size 8192K, 357 young (2924544K), 5 survivors (40960K)
}
Event: 4419.740 {heap After GC invocations=130 (full 1):
 garbage-first heap   total reserved 16777216K, committed 5087232K, used 1914177K [0x0000000400000000, 0x0000000800000000)
  region size 8192K, 5 young (40960K), 5 survivors (40960K)
}

Metaspace Usage History (20 events):
Event: 2728.867 {metaspace Before GC invocations=117 (full 1):
 Metaspace       used 490238K, committed 496960K, reserved 1507328K
  class space    used 76622K, committed 79680K, reserved 1048576K
}
Event: 2728.892 {metaspace After GC invocations=118 (full 1):
 Metaspace       used 490238K, committed 496960K, reserved 1507328K
  class space    used 76622K, committed 79680K, reserved 1048576K
}
Event: 2909.212 {metaspace Before GC invocations=118 (full 1):
 Metaspace       used 490302K, committed 497088K, reserved 1507328K
  class space    used 76622K, committed 79680K, reserved 1048576K
}
Event: 2909.228 {metaspace After GC invocations=119 (full 1):
 Metaspace       used 490302K, committed 497088K, reserved 1507328K
  class space    used 76622K, committed 79680K, reserved 1048576K
}
Event: 3094.460 {metaspace Before GC invocations=120 (full 1):
 Metaspace       used 490369K, committed 497152K, reserved 1507328K
  class space    used 76623K, committed 79680K, reserved 1048576K
}
Event: 3094.475 {metaspace After GC invocations=121 (full 1):
 Metaspace       used 490369K, committed 497152K, reserved 1507328K
  class space    used 76623K, committed 79680K, reserved 1048576K
}
Event: 3290.671 {metaspace Before GC invocations=121 (full 1):
 Metaspace       used 490397K, committed 497152K, reserved 1507328K
  class space    used 76623K, committed 79680K, reserved 1048576K
}
Event: 3290.705 {metaspace After GC invocations=122 (full 1):
 Metaspace       used 490397K, committed 497152K, reserved 1507328K
  class space    used 76623K, committed 79680K, reserved 1048576K
}
Event: 3478.039 {metaspace Before GC invocations=122 (full 1):
 Metaspace       used 490442K, committed 497152K, reserved 1507328K
  class space    used 76623K, committed 79680K, reserved 1048576K
}
Event: 3478.058 {metaspace After GC invocations=123 (full 1):
 Metaspace       used 490442K, committed 497152K, reserved 1507328K
  class space    used 76623K, committed 79680K, reserved 1048576K
}
Event: 3664.908 {metaspace Before GC invocations=124 (full 1):
 Metaspace       used 490453K, committed 497152K, reserved 1507328K
  class space    used 76623K, committed 79680K, reserved 1048576K
}
Event: 3664.926 {metaspace After GC invocations=125 (full 1):
 Metaspace       used 490453K, committed 497152K, reserved 1507328K
  class space    used 76623K, committed 79680K, reserved 1048576K
}
Event: 3853.199 {metaspace Before GC invocations=125 (full 1):
 Metaspace       used 490480K, committed 497152K, reserved 1507328K
  class space    used 76624K, committed 79680K, reserved 1048576K
}
Event: 3853.294 {metaspace After GC invocations=126 (full 1):
 Metaspace       used 490480K, committed 497152K, reserved 1507328K
  class space    used 76624K, committed 79680K, reserved 1048576K
}
Event: 4037.113 {metaspace Before GC invocations=126 (full 1):
 Metaspace       used 490623K, committed 497344K, reserved 1507328K
  class space    used 76631K, committed 79680K, reserved 1048576K
}
Event: 4037.166 {metaspace After GC invocations=127 (full 1):
 Metaspace       used 490623K, committed 497344K, reserved 1507328K
  class space    used 76631K, committed 79680K, reserved 1048576K
}
Event: 4232.513 {metaspace Before GC invocations=128 (full 1):
 Metaspace       used 490645K, committed 497344K, reserved 1507328K
  class space    used 76631K, committed 79680K, reserved 1048576K
}
Event: 4232.589 {metaspace After GC invocations=129 (full 1):
 Metaspace       used 490645K, committed 497344K, reserved 1507328K
  class space    used 76631K, committed 79680K, reserved 1048576K
}
Event: 4419.620 {metaspace Before GC invocations=129 (full 1):
 Metaspace       used 490678K, committed 497408K, reserved 1507328K
  class space    used 76632K, committed 79680K, reserved 1048576K
}
Event: 4419.740 {metaspace After GC invocations=130 (full 1):
 Metaspace       used 490678K, committed 497408K, reserved 1507328K
  class space    used 76632K, committed 79680K, reserved 1048576K
}

Dll operation events (20 events):
Event: 0.853 Loaded shared library C:\Program Files\Java\jdk-25.0.2\bin\zip.dll
Event: 0.958 Loaded shared library C:\Program Files\Java\jdk-25.0.2\bin\jimage.dll
Event: 13.008 Loaded shared library C:\Windows\System32\msvcrt.dll
Event: 13.009 Loaded shared library C:\Windows\System32\kernel32.dll
Event: 13.219 Loaded shared library C:\Users\Ryan Yu\AppData\Local\Temp\jlinenative-3.27.1-49e1a4fc68529fe5-jlinenative.dll
Event: 13.257 Loaded shared library C:\Program Files\Java\jdk-25.0.2\bin\management.dll
Event: 13.261 Loaded shared library C:\Program Files\Java\jdk-25.0.2\bin\management_ext.dll
Event: 13.418 Loaded shared library C:\Program Files\Java\jdk-25.0.2\bin\verify.dll
Event: 13.687 Loaded shared library C:\Windows\System32\ucrtbase.dll
Event: 13.688 Loaded shared library C:\Program Files\Java\jdk-25.0.2\bin\syslookup.dll
Event: 13.904 Loaded shared library C:\Users\Ryan Yu\AppData\Local\Temp\jna--977090040\jna6893289273559769782.dll
Event: 21.943 Loaded shared library C:\Program Files\Java\jdk-25.0.2\bin\jaas.dll
Event: 22.231 Loaded shared library C:\Program Files\Java\jdk-25.0.2\bin\sunmscapi.dll
Event: 22.312 Loaded shared library C:\Program Files\Java\jdk-25.0.2\bin\extnet.dll
Event: 25.653 Loaded shared library C:\Program Files\Java\jdk-25.0.2\bin\awt.dll
Event: 26.351 Loaded shared library C:\Program Files\Java\jdk-25.0.2\bin\freetype.dll
Event: 26.354 Loaded shared library C:\Program Files\Java\jdk-25.0.2\bin\fontmanager.dll
Event: 71.117 Loaded shared library C:\Users\Ryan Yu\AppData\Local\Temp\libzstd-jni-1.5.7-151279758015172855811.dll
Event: 83.539 Loaded shared library C:\Users\Ryan Yu\AppData\Local\Temp\sqlite-3.49.1.0-f7141a33-df79-4a14-b6f1-ade3d36ea302-sqlitejdbc.dll
Event: 220.021 Loaded shared library C:\Users\Ryan Yu\AppData\Local\org.graalvm.polyglot\engine\libtruffleattach\dffdb886909591f50bd05e4fdab42bf58cc10588b9f1a2be5bcbf0fd1a6f19cb\bin\truffleattach.dll

Deoptimization events (20 events):
Event: 4515.816 Thread 0x000002240d32da70 Uncommon trap: trap_request=0xffffffbe fr.pc=0x0000022440855370 relative=0x0000000000003470
Event: 4515.816 Thread 0x000002240d32da70 Uncommon trap: reason=profile_predicate action=maybe_recompile pc=0x0000022440855370 method=java.awt.geom.Area.pathToCurves(Ljava/awt/geom/PathIterator;)Ljava/util/Vector; @ 38 c2
Event: 4515.816 Thread 0x000002240d32da70 DEOPT PACKING pc=0x0000022440855370 sp=0x000000436eeff0c0
Event: 4515.817 Thread 0x000002240d32da70 DEOPT UNPACKING pc=0x000002243fcc3d82 sp=0x000000436eeff068 mode 2
Event: 4515.818 Thread 0x000002240d32da70 Uncommon trap: trap_request=0xffffffbe fr.pc=0x0000022440855370 relative=0x0000000000003470
Event: 4515.818 Thread 0x000002240d32da70 Uncommon trap: reason=profile_predicate action=maybe_recompile pc=0x0000022440855370 method=java.awt.geom.Area.pathToCurves(Ljava/awt/geom/PathIterator;)Ljava/util/Vector; @ 38 c2
Event: 4515.818 Thread 0x000002240d32da70 DEOPT PACKING pc=0x0000022440855370 sp=0x000000436eeff0c0
Event: 4515.818 Thread 0x000002240d32da70 DEOPT UNPACKING pc=0x000002243fcc3d82 sp=0x000000436eeff068 mode 2
Event: 4515.833 Thread 0x000002240d32da70 Uncommon trap: trap_request=0xffffffbe fr.pc=0x0000022440855370 relative=0x0000000000003470
Event: 4515.833 Thread 0x000002240d32da70 Uncommon trap: reason=profile_predicate action=maybe_recompile pc=0x0000022440855370 method=java.awt.geom.Area.pathToCurves(Ljava/awt/geom/PathIterator;)Ljava/util/Vector; @ 38 c2
Event: 4515.833 Thread 0x000002240d32da70 DEOPT PACKING pc=0x0000022440855370 sp=0x000000436eeff0c0
Event: 4515.833 Thread 0x000002240d32da70 DEOPT UNPACKING pc=0x000002243fcc3d82 sp=0x000000436eeff068 mode 2
Event: 4515.833 Thread 0x000002240d32da70 Uncommon trap: trap_request=0xffffffbe fr.pc=0x0000022440855370 relative=0x0000000000003470
Event: 4515.833 Thread 0x000002240d32da70 Uncommon trap: reason=profile_predicate action=maybe_recompile pc=0x0000022440855370 method=java.awt.geom.Area.pathToCurves(Ljava/awt/geom/PathIterator;)Ljava/util/Vector; @ 38 c2
Event: 4515.833 Thread 0x000002240d32da70 DEOPT PACKING pc=0x0000022440855370 sp=0x000000436eeff0c0
Event: 4515.833 Thread 0x000002240d32da70 DEOPT UNPACKING pc=0x000002243fcc3d82 sp=0x000000436eeff068 mode 2
Event: 4543.804 Thread 0x000002247950ea40 DEOPT PACKING pc=0x000002243893b5e8 sp=0x00000043688ff050
Event: 4543.804 Thread 0x000002247950ea40 DEOPT UNPACKING pc=0x000002243fbf1702 sp=0x00000043688fe570 mode 0
Event: 4543.819 Thread 0x000002247950ea40 DEOPT PACKING pc=0x0000022438f1d358 sp=0x00000043688ff130
Event: 4543.820 Thread 0x000002247950ea40 DEOPT UNPACKING pc=0x000002243fbf1702 sp=0x00000043688fe628 mode 0

Classes loaded (20 events):
Event: 1234.580 Loading class sun/font/StandardGlyphVector$GlyphStrike
Event: 1234.581 Loading class sun/font/StandardGlyphVector$GlyphStrike done
Event: 1234.581 Loading class sun/font/DelegatingShape
Event: 1234.581 Loading class sun/font/DelegatingShape done
Event: 1234.586 Loading class java/awt/font/TextLine$TextLineMetrics
Event: 1234.586 Loading class java/awt/font/TextLine$TextLineMetrics done
Event: 1234.586 Loading class java/awt/font/TextLayout
Event: 1234.588 Loading class java/awt/font/TextLayout done
Event: 1234.588 Loading class java/awt/font/TextLayout$CaretPolicy
Event: 1234.588 Loading class java/awt/font/TextLayout$CaretPolicy done
Event: 1234.588 Loading class javax/swing/text/GlyphPainter2
Event: 1234.588 Loading class javax/swing/text/GlyphPainter2 done
Event: 1235.082 Loading class java/lang/CharacterData01
Event: 1235.083 Loading class java/lang/CharacterData01 done
Event: 1235.101 Loading class java/awt/font/TextHitInfo
Event: 1235.101 Loading class java/awt/font/TextHitInfo done
Event: 1235.514 Loading class sun/font/CMap$UVS
Event: 1235.515 Loading class sun/font/CMap$UVS done
Event: 3941.788 Loading class java/util/concurrent/ForkJoinTask$AdaptedInterruptibleRunnable
Event: 3941.805 Loading class java/util/concurrent/ForkJoinTask$AdaptedInterruptibleRunnable done

Classes unloaded (20 events):
Event: 501.839 Thread 0x000002245c7feea0 Unloading class 0x000000003872f000 'me/steve8playz/serverwebsite/expansion/Expansion'
Event: 501.839 Thread 0x000002245c7feea0 Unloading class 0x0000000038729800 'com/placeholderapi/expansion/scoreboardtags/ScoreboardTagsExpansion'
Event: 501.839 Thread 0x000002245c7feea0 Unloading class 0x0000000038710800 'biz/aaronsworld/StatzExpansion'
Event: 501.839 Thread 0x000002245c7feea0 Unloading class 0x0000000038710000 'com/extendedclip/papi/expansion/autorank/AutoRankExpansion'
Event: 501.839 Thread 0x000002245c7feea0 Unloading class 0x000000003870cae8 'at/helpch/placeholderapi/expansion/attribute/util/ServerVersion'
Event: 501.839 Thread 0x000002245c7feea0 Unloading class 0x000000003870c800 'at/helpch/placeholderapi/expansion/attribute/AttributeExpansion'
Event: 501.839 Thread 0x000002245c7feea0 Unloading class 0x0000000038706800 'com/gmail/jyckosianjaya/angelcards/expansion/papi/AngelCardsExpansion'
Event: 501.839 Thread 0x000002245c7feea0 Unloading class 0x00000000386eb000 'com/gardeningtool/Coins/CoinsPlaceholders'
Event: 501.839 Thread 0x000002245c7feea0 Unloading class 0x00000000386e9268 'daybreak/abilitywar/papi/expansion/AbilityWarPAPI'
Event: 501.839 Thread 0x000002245c7feea0 Unloading class 0x00000000386e9000 'daybreak/abilitywar/papi/expansion/Placeholders$6'
Event: 501.839 Thread 0x000002245c7feea0 Unloading class 0x00000000386e6cd0 'daybreak/abilitywar/papi/expansion/Placeholders$5'
Event: 501.839 Thread 0x000002245c7feea0 Unloading class 0x00000000386e6a68 'daybreak/abilitywar/papi/expansion/Placeholders$4'
Event: 501.839 Thread 0x000002245c7feea0 Unloading class 0x00000000386e6800 'daybreak/abilitywar/papi/expansion/Placeholders$3'
Event: 501.839 Thread 0x000002245c7feea0 Unloading class 0x00000000386e5cd0 'daybreak/abilitywar/papi/expansion/Placeholders$2'
Event: 501.839 Thread 0x000002245c7feea0 Unloading class 0x00000000386e5a68 'daybreak/abilitywar/papi/expansion/Placeholders$1'
Event: 501.839 Thread 0x000002245c7feea0 Unloading class 0x00000000386e5800 'daybreak/abilitywar/papi/expansion/Placeholders'
Event: 501.840 Thread 0x000002245c7feea0 Unloading class 0x00000000386e5000 'com/extendedclip/papi/expansion/autosell/AutoSellExpansion'
Event: 501.840 Thread 0x000002245c7feea0 Unloading class 0x00000000386e4ab8 'com/extendedclip/papi/expansion/askyblock/ASkyBlockExpansion'
Event: 501.840 Thread 0x000002245c7feea0 Unloading class 0x00000000386e4800 'com/extendedclip/papi/expansion/askyblock/ASkyBlockExpansion$1'
Event: 501.840 Thread 0x000002245c7feea0 Unloading class 0x00000000386e4000 'io/github/tanguygab/absorptionexpansion/AbsorptionExpansion'

Classes redefined (0 events):
No events

Internal exceptions (20 events):
Event: 4576.470 Thread 0x000002246f93c4e0 Exception <a 'sun/nio/fs/WindowsException'{0x00000004904881e0}> (0x00000004904881e0) 
thrown [s\open\src\hotspot\share\prims\jni.cpp, line 516]
Event: 4576.471 Thread 0x000002246f93c4e0 Exception <a 'sun/nio/fs/WindowsException'{0x00000004904887c0}> (0x00000004904887c0) 
thrown [s\open\src\hotspot\share\prims\jni.cpp, line 516]
Event: 4576.471 Thread 0x000002246f93c4e0 Exception <a 'sun/nio/fs/WindowsException'{0x0000000490488e40}> (0x0000000490488e40) 
thrown [s\open\src\hotspot\share\prims\jni.cpp, line 516]
Event: 4576.472 Thread 0x000002246f93c4e0 Exception <a 'sun/nio/fs/WindowsException'{0x0000000490489420}> (0x0000000490489420) 
thrown [s\open\src\hotspot\share\prims\jni.cpp, line 516]
Event: 4576.472 Thread 0x000002246f93c4e0 Exception <a 'sun/nio/fs/WindowsException'{0x0000000490489b18}> (0x0000000490489b18) 
thrown [s\open\src\hotspot\share\prims\jni.cpp, line 516]
Event: 4576.472 Thread 0x000002246f93c4e0 Exception <a 'sun/nio/fs/WindowsException'{0x000000049048a178}> (0x000000049048a178) 
thrown [s\open\src\hotspot\share\prims\jni.cpp, line 516]
Event: 4576.473 Thread 0x000002246f93c4e0 Exception <a 'sun/nio/fs/WindowsException'{0x000000049048a778}> (0x000000049048a778) 
thrown [s\open\src\hotspot\share\prims\jni.cpp, line 516]
Event: 4576.474 Thread 0x000002246f93c4e0 Exception <a 'sun/nio/fs/WindowsException'{0x000000049048ae90}> (0x000000049048ae90) 
thrown [s\open\src\hotspot\share\prims\jni.cpp, line 516]
Event: 4576.475 Thread 0x000002246f93c4e0 Exception <a 'sun/nio/fs/WindowsException'{0x000000049048b8e0}> (0x000000049048b8e0) 
thrown [s\open\src\hotspot\share\prims\jni.cpp, line 516]
Event: 4576.476 Thread 0x000002246f93c4e0 Exception <a 'sun/nio/fs/WindowsException'{0x000000049048bfd8}> (0x000000049048bfd8) 
thrown [s\open\src\hotspot\share\prims\jni.cpp, line 516]
Event: 4576.480 Thread 0x000002246f93c4e0 Exception <a 'sun/nio/fs/WindowsException'{0x000000049048c6d0}> (0x000000049048c6d0) 
thrown [s\open\src\hotspot\share\prims\jni.cpp, line 516]
Event: 4576.481 Thread 0x000002246f93c4e0 Exception <a 'sun/nio/fs/WindowsException'{0x000000049048cf00}> (0x000000049048cf00) 
thrown [s\open\src\hotspot\share\prims\jni.cpp, line 516]
Event: 4576.481 Thread 0x000002246f93c4e0 Exception <a 'sun/nio/fs/WindowsException'{0x000000049048dab8}> (0x000000049048dab8) 
thrown [s\open\src\hotspot\share\prims\jni.cpp, line 516]
Event: 4576.482 Thread 0x000002246f93c4e0 Exception <a 'sun/nio/fs/WindowsException'{0x000000049048e318}> (0x000000049048e318) 
thrown [s\open\src\hotspot\share\prims\jni.cpp, line 516]
Event: 4576.482 Thread 0x000002246f93c4e0 Exception <a 'sun/nio/fs/WindowsException'{0x000000049048eb18}> (0x000000049048eb18) 
thrown [s\open\src\hotspot\share\prims\jni.cpp, line 516]
Event: 4576.482 Thread 0x000002246f93c4e0 Exception <a 'sun/nio/fs/WindowsException'{0x000000049048f298}> (0x000000049048f298) 
thrown [s\open\src\hotspot\share\prims\jni.cpp, line 516]
Event: 4576.483 Thread 0x000002246f93c4e0 Exception <a 'sun/nio/fs/WindowsException'{0x000000049048f910}> (0x000000049048f910) 
thrown [s\open\src\hotspot\share\prims\jni.cpp, line 516]
Event: 4576.483 Thread 0x000002246f93c4e0 Exception <a 'sun/nio/fs/WindowsException'{0x000000049048ffa0}> (0x000000049048ffa0) 
thrown [s\open\src\hotspot\share\prims\jni.cpp, line 516]
Event: 4576.484 Thread 0x000002246f93c4e0 Exception <a 'sun/nio/fs/WindowsException'{0x0000000490490600}> (0x0000000490490600) 
thrown [s\open\src\hotspot\share\prims\jni.cpp, line 516]
Event: 4576.484 Thread 0x000002246f93c4e0 Exception <a 'sun/nio/fs/WindowsException'{0x0000000490490c60}> (0x0000000490490c60) 
thrown [s\open\src\hotspot\share\prims\jni.cpp, line 516]

VM Operations (20 events):
Event: 4577.551 Executing safepoint VM operation: ThreadDump
Event: 4577.551 Executing safepoint VM operation: ThreadDump done
Event: 4577.551 Executing safepoint VM operation: ThreadDump
Event: 4577.551 Executing safepoint VM operation: ThreadDump done
Event: 4577.566 Executing safepoint VM operation: ThreadDump
Event: 4577.566 Executing safepoint VM operation: ThreadDump done
Event: 4577.582 Executing safepoint VM operation: ThreadDump
Event: 4577.582 Executing safepoint VM operation: ThreadDump done
Event: 4577.583 Executing safepoint VM operation: ThreadDump
Event: 4577.583 Executing safepoint VM operation: ThreadDump done
Event: 4577.597 Executing safepoint VM operation: ThreadDump
Event: 4577.597 Executing safepoint VM operation: ThreadDump done
Event: 4577.613 Executing safepoint VM operation: ThreadDump
Event: 4577.613 Executing safepoint VM operation: ThreadDump done
Event: 4577.613 Executing safepoint VM operation: ThreadDump
Event: 4577.613 Executing safepoint VM operation: ThreadDump done
Event: 4577.628 Executing safepoint VM operation: ThreadDump
Event: 4577.628 Executing safepoint VM operation: ThreadDump done
Event: 4577.629 Executing safepoint VM operation: ThreadDump
Event: 4577.629 Executing safepoint VM operation: ThreadDump done

Memory protections (0 events):
No events

Nmethod flushes (20 events):
Event: 4039.591 Thread 0x000002245c7feea0 flushing  nmethod 0x000002243a621788
Event: 4039.591 Thread 0x000002245c7feea0 flushing  nmethod 0x000002243ace4b88
Event: 4039.591 Thread 0x000002245c7feea0 flushing  nmethod 0x0000022438844188
Event: 4039.591 Thread 0x000002245c7feea0 flushing  nmethod 0x0000022438992d88
Event: 4039.591 Thread 0x000002245c7feea0 flushing  nmethod 0x0000022438f7b108
Event: 4039.592 Thread 0x000002245c7feea0 flushing  nmethod 0x0000022439165088
Event: 4039.592 Thread 0x000002245c7feea0 flushing  nmethod 0x0000022439758d88
Event: 4039.592 Thread 0x000002245c7feea0 flushing  nmethod 0x000002243990ae88
Event: 4039.592 Thread 0x000002245c7feea0 flushing  nmethod 0x0000022438ad0e88
Event: 4039.592 Thread 0x000002245c7feea0 flushing  nmethod 0x00000224399d2808
Event: 4039.592 Thread 0x000002245c7feea0 flushing  nmethod 0x000002243a928308
Event: 4039.592 Thread 0x000002245c7feea0 flushing  nmethod 0x000002244154d208
Event: 4039.593 Thread 0x000002245c7feea0 flushing  nmethod 0x0000022438f52b08
Event: 4039.593 Thread 0x000002245c7feea0 flushing  nmethod 0x0000022439299d08
Event: 4039.593 Thread 0x000002245c7feea0 flushing  nmethod 0x00000224395ca608
Event: 4039.593 Thread 0x000002245c7feea0 flushing  nmethod 0x00000224395cf688
Event: 4039.593 Thread 0x000002245c7feea0 flushing  nmethod 0x000002243974b808
Event: 4039.593 Thread 0x000002245c7feea0 flushing  nmethod 0x000002243974d308
Event: 4039.593 Thread 0x000002245c7feea0 flushing  nmethod 0x000002243989b788
Event: 4039.593 Thread 0x000002245c7feea0 flushing  nmethod 0x0000022439ef3908

Events (20 events):
Event: 4515.178 Thread 0x000002241e080260 Thread exited: 0x000002241e080260
Event: 4523.805 Thread 0x000002246a5d4f70 Thread exited: 0x000002246a5d4f70
Event: 4523.805 Thread 0x000002246469f2d0 Thread exited: 0x000002246469f2d0
Event: 4523.805 Thread 0x0000022469018000 Thread exited: 0x0000022469018000
Event: 4524.405 Thread 0x0000022407f71a90 Thread added: 0x000002240fc5e7c0
Event: 4524.405 Thread 0x000002240fc5e7c0 Thread exited: 0x000002240fc5e7c0
Event: 4539.689 Thread 0x000002241e0ba410 Thread added: 0x000002246a5d4f70
Event: 4539.691 Thread 0x000002246a5d4f70 Thread exited: 0x000002246a5d4f70
Event: 4543.750 Thread 0x00000224651a0440 Thread added: 0x0000022464708e90
Event: 4543.753 Thread 0x0000022464708e90 Thread exited: 0x0000022464708e90
Event: 4545.199 Thread 0x000002240f515450 Thread added: 0x000002246a5d6eb0
Event: 4545.199 Thread 0x000002246a5d6eb0 Thread exited: 0x000002246a5d6eb0
Event: 4550.495 Thread 0x00000224151acde0 Thread added: 0x000002240eae9060
Event: 4564.500 Thread 0x00000224151acde0 Thread added: 0x0000022469017060
Event: 4566.641 Thread 0x000002240d343230 Thread added: 0x0000022424a9f200
Event: 4566.642 Thread 0x0000022424a9f200 Thread exited: 0x0000022424a9f200
Event: 4574.457 Thread 0x00000224651a0440 Thread added: 0x0000022424a9f200
Event: 4574.460 Thread 0x0000022424a9f200 Thread exited: 0x0000022424a9f200
Event: 4575.119 Thread 0x000002240f50eec0 Thread added: 0x000002240fc5e7c0
Event: 4575.120 Thread 0x000002240fc5e7c0 Thread exited: 0x000002240fc5e7c0


Dynamic libraries:
0x00007ff615b80000 - 0x00007ff615b90000 	C:\Program Files\Java\jdk-25.0.2\bin\javaw.exe
0x00007ff828820000 - 0x00007ff828a86000 	C:\WINDOWS\SYSTEM32\ntdll.dll
0x00007ff827b00000 - 0x00007ff827bc9000 	C:\WINDOWS\System32\KERNEL32.DLL
0x00007ff825d00000 - 0x00007ff8260ff000 	C:\WINDOWS\System32\KERNELBASE.dll
0x00007ff825a30000 - 0x00007ff825b7c000 	C:\WINDOWS\System32\ucrtbase.dll
0x00007fff32f40000 - 0x00007fff32f5e000 	C:\Program Files\Java\jdk-25.0.2\bin\VCRUNTIME140.dll
0x00007fff32f20000 - 0x00007fff32f37000 	C:\Program Files\Java\jdk-25.0.2\bin\jli.dll
0x00007ff826740000 - 0x00007ff826906000 	C:\WINDOWS\System32\USER32.dll
0x00007ffffb400000 - 0x00007ffffb691000 	C:\WINDOWS\WinSxS\amd64_microsoft.windows.common-controls_6595b64144ccf1df_6.0.26100.8972_none_3e0da176e32f9d4b\COMCTL32.dll
0x00007ff8261a0000 - 0x00007ff8261c7000 	C:\WINDOWS\System32\win32u.dll
0x00007ff8283f0000 - 0x00007ff828499000 	C:\WINDOWS\System32\msvcrt.dll
0x00007ff8287b0000 - 0x00007ff8287db000 	C:\WINDOWS\System32\GDI32.dll
0x00007ff826360000 - 0x00007ff826489000 	C:\WINDOWS\System32\gdi32full.dll
0x00007ff825b90000 - 0x00007ff825c33000 	C:\WINDOWS\System32\msvcp_win.dll
0x00007ff826cc0000 - 0x00007ff826cf2000 	C:\WINDOWS\System32\IMM32.DLL
0x00007fff34600000 - 0x00007fff3460c000 	C:\Program Files\Java\jdk-25.0.2\bin\vcruntime140_1.dll
0x00007fff32e90000 - 0x00007fff32f1d000 	C:\Program Files\Java\jdk-25.0.2\bin\msvcp140.dll
0x00007fff32030000 - 0x00007fff32e8f000 	C:\Program Files\Java\jdk-25.0.2\bin\server\jvm.dll
0x00007ff826980000 - 0x00007ff826a3c000 	C:\WINDOWS\System32\ADVAPI32.dll
0x00007ff827bd0000 - 0x00007ff827c7a000 	C:\WINDOWS\System32\sechost.dll
0x00007ff827c80000 - 0x00007ff827d98000 	C:\WINDOWS\System32\RPCRT4.dll
0x00007ff826c30000 - 0x00007ff826cb2000 	C:\WINDOWS\System32\WS2_32.dll
0x00007ff824540000 - 0x00007ff82459e000 	C:\WINDOWS\SYSTEM32\POWRPROF.dll
0x00007ff822590000 - 0x00007ff8225c6000 	C:\WINDOWS\SYSTEM32\WINMM.dll
0x00007ff81b620000 - 0x00007ff81b62b000 	C:\WINDOWS\SYSTEM32\VERSION.dll
0x00007ff824520000 - 0x00007ff824535000 	C:\WINDOWS\SYSTEM32\UMPDC.dll
0x00007ff824800000 - 0x00007ff82481b000 	C:\WINDOWS\SYSTEM32\kernel.appcore.dll
0x00007fff2f7d0000 - 0x00007fff2f7da000 	C:\Program Files\Java\jdk-25.0.2\bin\jimage.dll
0x00007ff822f10000 - 0x00007ff823152000 	C:\WINDOWS\SYSTEM32\DBGHELP.DLL
0x00007ff827ef0000 - 0x00007ff828275000 	C:\WINDOWS\System32\combase.dll
0x00007ff827590000 - 0x00007ff827669000 	C:\WINDOWS\System32\OLEAUT32.dll
0x00007ff802ab0000 - 0x00007ff802aeb000 	C:\WINDOWS\SYSTEM32\dbgcore.DLL
0x00007ff825c40000 - 0x00007ff825cec000 	C:\WINDOWS\System32\bcryptPrimitives.dll
0x00007fff2f7b0000 - 0x00007fff2f7cf000 	C:\Program Files\Java\jdk-25.0.2\bin\java.dll
0x00007ff8284a0000 - 0x00007ff828639000 	C:\WINDOWS\System32\ole32.dll
0x00007ff826d00000 - 0x00007ff827488000 	C:\WINDOWS\System32\SHELL32.dll
0x00007ff823360000 - 0x00007ff823bfb000 	C:\WINDOWS\SYSTEM32\windows.storage.dll
0x00007ff827490000 - 0x00007ff827589000 	C:\WINDOWS\System32\SHCORE.dll
0x00007ff826910000 - 0x00007ff826976000 	C:\WINDOWS\System32\shlwapi.dll
0x00007ff825950000 - 0x00007ff825979000 	C:\WINDOWS\SYSTEM32\profapi.dll
0x00007fff2f630000 - 0x00007fff2f642000 	C:\Program Files\Java\jdk-25.0.2\bin\net.dll
0x00007ff824d90000 - 0x00007ff824dfc000 	C:\WINDOWS\system32\mswsock.dll
0x00007fff2f610000 - 0x00007fff2f626000 	C:\Program Files\Java\jdk-25.0.2\bin\nio.dll
0x00007fff2f1f0000 - 0x00007fff2f207000 	C:\Program Files\Java\jdk-25.0.2\bin\zip.dll
0x00007fffdae50000 - 0x00007fffdae68000 	C:\WINDOWS\system32\napinsp.dll
0x00007ff824210000 - 0x00007ff824368000 	C:\WINDOWS\SYSTEM32\DNSAPI.dll
0x00007ff824b90000 - 0x00007ff824b9d000 	C:\WINDOWS\SYSTEM32\DSPARSE.dll
0x00007ff824170000 - 0x00007ff8241a3000 	C:\WINDOWS\SYSTEM32\IPHLPAPI.DLL
0x00007ff8286a0000 - 0x00007ff8286aa000 	C:\WINDOWS\System32\NSI.dll
0x00007fffdae70000 - 0x00007fffdae83000 	C:\WINDOWS\System32\winrnr.dll
0x00007fffdae90000 - 0x00007fffdaeb2000 	C:\WINDOWS\system32\nlansp_c.dll
0x00007fffdb010000 - 0x00007fffdb026000 	C:\WINDOWS\system32\wshbth.dll
0x00007ff80ee70000 - 0x00007ff80ee7b000 	C:\Windows\System32\rasadhlp.dll
0x00007ff818ee0000 - 0x00007ff818f66000 	C:\WINDOWS\System32\fwpuclnt.dll
0x00007fffd8470000 - 0x00007fffd8494000 	C:\Users\Ryan Yu\AppData\Local\Temp\jlinenative-3.27.1-49e1a4fc68529fe5-jlinenative.dll
0x00007ff80cff0000 - 0x00007ff80cffa000 	C:\Program Files\Java\jdk-25.0.2\bin\management.dll
0x00007ff80cfe0000 - 0x00007ff80cfec000 	C:\Program Files\Java\jdk-25.0.2\bin\management_ext.dll
0x00007ff826550000 - 0x00007ff826558000 	C:\WINDOWS\System32\PSAPI.DLL
0x00007fffdf110000 - 0x00007fffdf120000 	C:\Program Files\Java\jdk-25.0.2\bin\verify.dll
0x00007ff825130000 - 0x00007ff82514b000 	C:\WINDOWS\SYSTEM32\CRYPTSP.dll
0x00007ff824760000 - 0x00007ff824799000 	C:\WINDOWS\system32\rsaenh.dll
0x00007ff824e40000 - 0x00007ff824e72000 	C:\WINDOWS\SYSTEM32\USERENV.dll
0x00007ff825920000 - 0x00007ff82594a000 	C:\WINDOWS\SYSTEM32\bcrypt.dll
0x00007ff824ff0000 - 0x00007ff824ffc000 	C:\WINDOWS\SYSTEM32\CRYPTBASE.dll
0x00007fffd85e0000 - 0x00007fffd85e9000 	C:\Program Files\Java\jdk-25.0.2\bin\syslookup.dll
0x00007fffd8150000 - 0x00007fffd8199000 	C:\Users\Ryan Yu\AppData\Local\Temp\jna--977090040\jna6893289273559769782.dll
0x00007ff827e20000 - 0x00007ff827ece000 	C:\WINDOWS\System32\clbcatq.dll
0x00007ff80b160000 - 0x00007ff80b17d000 	C:\WINDOWS\SYSTEM32\amsi.dll
0x00007ff80b020000 - 0x00007ff80b0c4000 	C:\ProgramData\Microsoft\Windows Defender\Platform\4.18.26080.3-0\MpOav.dll
0x00007ffffc1e0000 - 0x00007ffffc238000 	C:\WINDOWS\SYSTEM32\Pdh.dll
0x00007fffdaa50000 - 0x00007fffdaa62000 	C:\WINDOWS\System32\perfproc.dll
0x00007ff81f5d0000 - 0x00007ff81f5f9000 	C:\WINDOWS\SYSTEM32\Wtsapi32.dll
0x00007ff8261d0000 - 0x00007ff82634e000 	C:\WINDOWS\System32\CRYPT32.dll
0x00007ff824ab0000 - 0x00007ff824af9000 	C:\WINDOWS\SYSTEM32\SspiCli.dll
0x00007ff824030000 - 0x00007ff824092000 	C:\WINDOWS\SYSTEM32\WINSTA.dll
0x00007fffd82c0000 - 0x00007fffd82c9000 	C:\Program Files\Java\jdk-25.0.2\bin\jaas.dll
0x00007fffd82b0000 - 0x00007fffd82be000 	C:\Program Files\Java\jdk-25.0.2\bin\sunmscapi.dll
0x00007ff825320000 - 0x00007ff825350000 	C:\WINDOWS\SYSTEM32\ncrypt.dll
0x00007ff8252d0000 - 0x00007ff82530f000 	C:\WINDOWS\SYSTEM32\NTASN1.dll
0x00007fffd8140000 - 0x00007fffd8149000 	C:\Program Files\Java\jdk-25.0.2\bin\extnet.dll
0x00007fff24bf0000 - 0x00007fff24d74000 	C:\Program Files\Java\jdk-25.0.2\bin\awt.dll
0x00007ff81f520000 - 0x00007ff81f5bf000 	C:\WINDOWS\SYSTEM32\apphelp.dll
0x00007ff81f670000 - 0x00007ff81f718000 	C:\WINDOWS\system32\uxtheme.dll
0x00007ff828280000 - 0x00007ff8283dd000 	C:\WINDOWS\System32\MSCTF.dll
0x00007ff81f970000 - 0x00007ff81f99f000 	C:\WINDOWS\system32\DWMAPI.DLL
0x00007fffef400000 - 0x00007fffef50c000 	C:\WINDOWS\system32\opengl32.dll
0x00007fffef3c0000 - 0x00007fffef3ed000 	C:\WINDOWS\SYSTEM32\GLU32.dll
0x00007ff81fc00000 - 0x00007ff81fc45000 	C:\WINDOWS\SYSTEM32\dxcore.dll
0x00007ff8251a0000 - 0x00007ff8251b3000 	C:\WINDOWS\SYSTEM32\msasn1.dll
0x00007ff818dd0000 - 0x00007ff818e0b000 	C:\WINDOWS\SYSTEM32\cryptnet.dll
0x00007ff8250c0000 - 0x00007ff82512a000 	C:\WINDOWS\SYSTEM32\wldp.dll
0x00007ff8182f0000 - 0x00007ff81846a000 	C:\WINDOWS\SYSTEM32\drvstore.dll
0x00007ff8256d0000 - 0x00007ff8256ff000 	C:\WINDOWS\SYSTEM32\devobj.dll
0x00007ff825670000 - 0x00007ff8256c2000 	C:\WINDOWS\SYSTEM32\cfgmgr32.dll
0x00007ff826110000 - 0x00007ff826193000 	C:\WINDOWS\System32\wintrust.dll
0x00007ff828780000 - 0x00007ff8287a0000 	C:\WINDOWS\System32\imagehlp.dll
0x00007fffbb890000 - 0x00007fffbb9d7000 	C:\WINDOWS\system32\nvspcap64.dll
0x00007ff824930000 - 0x00007ff824966000 	C:\WINDOWS\SYSTEM32\ntmarta.dll
0x00007ff824e10000 - 0x00007ff824e35000 	C:\WINDOWS\SYSTEM32\gpapi.dll
0x00007fffbad20000 - 0x00007fffbb445000 	C:\WINDOWS\System32\DriverStore\FileRepository\nvcvi.inf_amd64_74ce386506dfea26\nvppex.dll
0x00007fff24b60000 - 0x00007fff24be7000 	C:\Program Files\Java\jdk-25.0.2\bin\freetype.dll
0x00007fff24a70000 - 0x00007fff24b5e000 	C:\Program Files\Java\jdk-25.0.2\bin\fontmanager.dll
0x00007ff81dd30000 - 0x00007ff81df5d000 	C:\WINDOWS\SYSTEM32\WindowsCodecs.dll
0x00007fffbb450000 - 0x00007fffbb4ac000 	C:\WINDOWS\system32\dataexchange.dll
0x00007ff8106f0000 - 0x00007ff810940000 	C:\WINDOWS\system32\twinapi.appcore.dll
0x00007fffe5750000 - 0x00007fffe5896000 	C:\WINDOWS\SYSTEM32\textinputframework.dll
0x00007ff811280000 - 0x00007ff811288000 	C:\WINDOWS\system32\wshunix.dll
0x00007ff81f100000 - 0x00007ff81f22b000 	C:\WINDOWS\SYSTEM32\CoreMessaging.dll
0x00007ff81b0a0000 - 0x00007ff81b384000 	C:\WINDOWS\SYSTEM32\CoreUIComponents.dll
0x00007ff81bd30000 - 0x00007ff81be9a000 	C:\WINDOWS\SYSTEM32\wintypes.dll
0x00007fff36300000 - 0x00007fff36837000 	C:\WINDOWS\system32\SogouTSF.ime
0x00007ff802690000 - 0x00007ff802698000 	C:\WINDOWS\system32\MSIMG32.dll
0x00007fff264e0000 - 0x00007fff28026000 	C:\WINDOWS\system32\SogouPY.ime
0x00007ff81af70000 - 0x00007ff81b098000 	C:\WINDOWS\SYSTEM32\WINHTTP.dll
0x00007ffffc450000 - 0x00007ffffc4c5000 	C:\WINDOWS\SYSTEM32\OLEACC.dll
0x0000000010000000 - 0x00000000104a2000 	D:\Program Files (x86)\SogouInput\16.6.0.4777\Resource.dll
0x00007fff7ef10000 - 0x00007fff7f1e4000 	D:\Program Files (x86)\SogouInput\Components\IChat\1.0.2.3232\ichat_bundle64.dll
0x00007ff81d510000 - 0x00007ff81d604000 	C:\WINDOWS\SYSTEM32\PROPSYS.dll
0x00007ff81e1e0000 - 0x00007ff81e81a000 	C:\WINDOWS\SYSTEM32\d2d1.dll
0x00007ff81df70000 - 0x00007ff81e1d7000 	C:\WINDOWS\SYSTEM32\dwrite.dll
0x00007ff8076a0000 - 0x00007ff807746000 	D:\Program Files (x86)\SogouInput\Components\isgpet\1.0.2.3152\isgpet_bundle64.dll
0x00007fff35e40000 - 0x00007fff362f3000 	D:\Program Files (x86)\SogouInput\Components\PicFace\1.1.0.3184\PicFace64.dll
0x00007ff826aa0000 - 0x00007ff826b95000 	C:\WINDOWS\System32\COMDLG32.dll
0x00007fffd7210000 - 0x00007fffd72c6000 	C:\WINDOWS\SYSTEM32\TextShaping.dll
0x00007ff8075f0000 - 0x00007ff807670000 	D:\Program Files (x86)\SogouInput\Components\systembeautify\1.0.2.2868\systembeautify_bundle64.dll
0x00007fffe4a30000 - 0x00007fffe4b33000 	C:\Users\Ryan Yu\AppData\Local\Temp\libzstd-jni-1.5.7-151279758015172855811.dll
0x00007fff2d580000 - 0x00007fff2d67a000 	C:\Users\Ryan Yu\AppData\Local\Temp\sqlite-3.49.1.0-f7141a33-df79-4a14-b6f1-ade3d36ea302-sqlitejdbc.dll
0x00007fffe52a0000 - 0x00007fffe52a7000 	C:\Users\Ryan Yu\AppData\Local\org.graalvm.polyglot\engine\libtruffleattach\dffdb886909591f50bd05e4fdab42bf58cc10588b9f1a2be5bcbf0fd1a6f19cb\bin\truffleattach.dll

JVMTI agents: none

dbghelp: loaded successfully - version: 4.0.5 - missing functions: none
symbol engine: initialized successfully - sym options: 0x614 - pdb path: .;C:\Program Files\Java\jdk-25.0.2\bin;C:\WINDOWS\SYSTEM32;C:\WINDOWS\WinSxS\amd64_microsoft.windows.common-controls_6595b64144ccf1df_6.0.26100.8972_none_3e0da176e32f9d4b;C:\Program Files\Java\jdk-25.0.2\bin\server;C:\Users\Ryan Yu\AppData\Local\Temp;C:\Users\Ryan Yu\AppData\Local\Temp\jna--977090040;C:\ProgramData\Microsoft\Windows Defender\Platform\4.18.26080.3-0;C:\WINDOWS\System32\DriverStore\FileRepository\nvcvi.inf_amd64_74ce386506dfea26;D:\Program Files (x86)\SogouInput\16.6.0.4777;D:\Program Files (x86)\SogouInput\Components\IChat\1.0.2.3232;D:\Program Files (x86)\SogouInput\Components\isgpet\1.0.2.3152;D:\Program Files (x86)\SogouInput\Components\PicFace\1.1.0.3184;D:\Program Files (x86)\SogouInput\Components\systembeautify\1.0.2.2868;C:\Users\Ryan Yu\AppData\Local\org.graalvm.polyglot\engine\libtruffleattach\dffdb886909591f50bd05e4fdab42bf58cc10588b9f1a2be5bcbf0fd1a6f19cb\bin

VM Arguments:
jvm_args: -Xms1G -Xmx16G -Dorg.bukkit.plugin.java.LibraryLoader.centralURL=https://maven.aliyun.com/repository/central 
java_command: D:\Minecraft\∑˛ŒÒ∆˜\26.2\paper-26.2-121.jar
java_class_path (initial): D:\Minecraft\∑˛ŒÒ∆˜\26.2\paper-26.2-121.jar
Launcher Type: SUN_STANDARD

[Global flags]
     intx CICompilerCount                          = 12                                        {product} {ergonomic}
     uint ConcGCThreads                            = 5                                         {product} {ergonomic}
     uint G1ConcRefinementThreads                  = 18                                        {product} {ergonomic}
   size_t G1HeapRegionSize                         = 8388608                                   {product} {ergonomic}
   size_t InitialHeapSize                          = 1073741824                                {product} {command line}
   size_t MarkStackSize                            = 4194304                                   {product} {ergonomic}
   size_t MarkStackSizeMax                         = 536870912                                 {product} {ergonomic}
   size_t MaxHeapSize                              = 17179869184                               {product} {command line}
   size_t MaxNewSize                               = 10301210624                               {product} {ergonomic}
   size_t MinHeapDeltaBytes                        = 8388608                                   {product} {ergonomic}
   size_t MinHeapSize                              = 1073741824                                {product} {command line}
    uintx NonNMethodCodeHeapSize                   = 7602176                                {pd product} {ergonomic}
    uintx NonProfiledCodeHeapSize                  = 122093568                              {pd product} {ergonomic}
    uintx ProfiledCodeHeapSize                     = 121962496                              {pd product} {ergonomic}
    uintx ReservedCodeCacheSize                    = 251658240                              {pd product} {ergonomic}
     bool SegmentedCodeCache                       = true                                      {product} {ergonomic}
   size_t SoftMaxHeapSize                          = 17179869184                            {manageable} {ergonomic}
     bool UseCompressedOops                        = true                           {product lp64_product} {ergonomic}
     bool UseG1GC                                  = true                                      {product} {ergonomic}
     bool UseLargePagesIndividualAllocation        = false                                  {pd product} {ergonomic}

Logging:
Log output configuration:
 #0: stdout all=warning uptime,level,tags foldmultilines=false
 #1: stderr all=off uptime,level,tags foldmultilines=false

Release file:
IMPLEMENTOR="Oracle Corporation" 
JAVA_RUNTIME_VERSION="25.0.2+10-LTS-69" 
JAVA_VERSION="25.0.2" 
JAVA_VERSION_DATE="2026-01-20" 
LIBC="default" 
MODULES="java.base java.compiler java.datatransfer java.xml java.prefs java.desktop java.instrument java.logging java.management java.security.sasl java.naming java.rmi java.management.rmi java.net.http java.scripting java.security.jgss java.transaction.xa java.sql java.sql.rowset java.xml.crypto java.se java.smartcardio jdk.accessibility jdk.internal.jvmstat jdk.attach jdk.charsets jdk.internal.opt jdk.zipfs jdk.compiler jdk.crypto.cryptoki jdk.crypto.ec jdk.crypto.mscapi jdk.dynalink jdk.internal.ed jdk.editpad jdk.internal.vm.ci jdk.graal.compiler jdk.graal.compiler.management jdk.hotspot.agent jdk.httpserver jdk.incubator.vector jdk.internal.le jdk.internal.md jdk.jartool jdk.javadoc jdk.jcmd jdk.management jdk.management.agent jdk.jconsole jdk.jdeps jdk.jdwp.agent jdk.jdi jdk.jfr jdk.jlink jdk.jpackage jdk.jshell jdk.jsobject jdk.jstatd jdk.localedata jdk.management.jfr jdk.naming.dns jdk.naming.rmi jdk.net jdk.nio.mapmode jdk.sctp jdk.security.auth jdk.security.jgss jdk.unsupported jdk.unsupported.desktop jdk.xml.dom" 
OS_ARCH="x86_64" 
OS_NAME="Windows" 
SOURCE=".:git:b75efb40c93a open:git:405a5699ebd0" 

Environment Variables:
PATH=C:\Program Files\NVIDIA GPU Computing Toolkit\CUDA\v13.2\bin\x64;C:\Program Files\NVIDIA GPU Computing Toolkit\CUDA\v13.2\bin;C:\Program Files\Common Files\Oracle\Java\javapath;C:\WINDOWS\system32;C:\WINDOWS;C:\WINDOWS\System32\Wbem;C:\WINDOWS\System32\WindowsPowerShell\v1.0\;C:\WINDOWS\System32\OpenSSH\;C:\Users\Administrator\AppData\Local\Microsoft\WindowsApps;C:\Recovery\OEM\Backup\;C:\Program Files\dotnet\;C:\Program Files\NVIDIA Corporation\NVIDIA app\NvDLISR;D:\app\bandizip\;C:\Program Files\Microsoft SQL Server\Client SDK\ODBC\170\Tools\Binn\;C:\Program Files (x86)\Microsoft SQL Server\150\Tools\Binn\;C:\Program Files\Microsoft SQL Server\150\Tools\Binn\;C:\Program Files\Microsoft SQL Server\150\DTS\Binn\;C:\Program Files (x86)\Windows Kits\8.1\Windows Performance Toolkit\;C:\Program Files (x86)\Windows Kits\10\Windows Performance Toolkit\;D:\app\Bandizip;D:\Program Files\nodejs\;C:\Program Files (x86)\ZED SDK\dependencies\freeglut_2.8\x64;C:\Program Files (x86)\ZED SDK\dependencies\glew-1.12.0\x64;C:\Program Files (x86)\ZED SDK\dependencies\opencv_3.1.0\x64;C:\Program Files (x86)\ZED SDK\bin;C:\Program Files\NVIDIA Corporation\Nsight Compute 2026.1.0\;D:\Program Files\Git\cmd;D:\Program Files\Git LFS;C:\Program Files\Docker\Docker\resources\bin;C:\Program Files\GitHub CLI\;C:\WINDOWS\system32;C:\WINDOWS;C:\WINDOWS\System32\Wbem;C:\WINDOWS\System32\WindowsPowerShell\v1.0\;C:\WINDOWS\System32\OpenSSH\;C:\Program Files (x86)\ZeroTier\One\;C:\Program Files (x86)\cloudflared\;C:\Users\Ryan Yu\AppData\Local\Programs\Python\Python312\Scripts\;C:\Users\Ryan Yu\AppData\Local\Programs\Python\Python312\;d:\app\cursor\resources\app\codeBin;C:\Users\Ryan Yu\AppData\Local\Programs\Python\Python310\Scripts\;C:\Users\Ryan Yu\AppData\Local\Programs\Python\Python310\;C:\Users\Ryan Yu\AppData\Local\Microsoft\WindowsApps;D:\Users\Ryan Yu\AppData\Local\Programs\Fiddler;D:\app\Microsoft VS Code\bin;C:\Users\Ryan Yu\AppData\Local\Python\bin;C:\Users\Ryan Yu\AppData\Roaming\npm;D:\app\cursor\resources\app\bin;C:\Users\Ryan Yu\AppData\Local\Microsoft\WindowsApps;C:\Users\Ryan Yu\AppData\Local\cursor-agent
USERNAME=Ryan Yu
OS=Windows_NT
PROCESSOR_IDENTIFIER=Intel64 Family 6 Model 183 Stepping 1, GenuineIntel
TMP=C:\Users\RYANYU~1\AppData\Local\Temp
TEMP=C:\Users\RYANYU~1\AppData\Local\Temp




Compilation memory statistics disabled.

Periodic native trim disabled

---------------  S Y S T E M  ---------------

OS:
 Windows 11 , 64 bit Build 26100 (10.0.26100.9168)
OS uptime: 0 days 1:17 hours
Hyper-V role detected

CPU: total 24 (initial active 24) (12 cores per cpu, 2 threads per core) family 6 model 183 stepping 1 microcode 0x12c, cx8, cmov, fxsr, ht, mmx, 3dnowpref, sse, sse2, sse3, ssse3, sse4.1, sse4.2, popcnt, lzcnt, tsc, tscinvbit, avx, avx2, aes, erms, clmul, bmi1, bmi2, adx, sha, fma, vzeroupper, clflush, clflushopt, clwb, hv, serialize, rdtscp, rdpid, fsrm, gfni, f16c, cet_ibt, cet_ss
Processor Information for processor 0
  Max Mhz: 2200, Current Mhz: 2200, Mhz Limit: 2200
Processor Information for processor 1
  Max Mhz: 2200, Current Mhz: 2200, Mhz Limit: 2200
Processor Information for processor 2
  Max Mhz: 2200, Current Mhz: 2200, Mhz Limit: 2200
Processor Information for processor 3
  Max Mhz: 2200, Current Mhz: 1466, Mhz Limit: 2200
Processor Information for processor 4
  Max Mhz: 2200, Current Mhz: 2200, Mhz Limit: 2200
Processor Information for processor 5
  Max Mhz: 2200, Current Mhz: 2200, Mhz Limit: 2200
Processor Information for processor 6
  Max Mhz: 2200, Current Mhz: 1466, Mhz Limit: 2200
Processor Information for processor 7
  Max Mhz: 2200, Current Mhz: 2200, Mhz Limit: 2200
Processor Information for processor 8
  Max Mhz: 2200, Current Mhz: 2200, Mhz Limit: 2200
Processor Information for processor 9
  Max Mhz: 2200, Current Mhz: 2200, Mhz Limit: 2200
Processor Information for processor 10
  Max Mhz: 2200, Current Mhz: 2200, Mhz Limit: 2200
Processor Information for processor 11
  Max Mhz: 2200, Current Mhz: 2200, Mhz Limit: 2200
Processor Information for processor 12
  Max Mhz: 2200, Current Mhz: 2200, Mhz Limit: 2200
Processor Information for processor 13
  Max Mhz: 2200, Current Mhz: 1466, Mhz Limit: 2200
Processor Information for processor 14
  Max Mhz: 2200, Current Mhz: 2200, Mhz Limit: 2200
Processor Information for processor 15
  Max Mhz: 2200, Current Mhz: 2200, Mhz Limit: 2200
Processor Information for processor 16
  Max Mhz: 2200, Current Mhz: 2200, Mhz Limit: 2200
Processor Information for processor 17
  Max Mhz: 2200, Current Mhz: 2200, Mhz Limit: 2200
Processor Information for processor 18
  Max Mhz: 2200, Current Mhz: 2200, Mhz Limit: 2200
Processor Information for processor 19
  Max Mhz: 2200, Current Mhz: 2200, Mhz Limit: 2200
Processor Information for processor 20
  Max Mhz: 2200, Current Mhz: 2200, Mhz Limit: 2200
Processor Information for processor 21
  Max Mhz: 2200, Current Mhz: 2200, Mhz Limit: 2200
Processor Information for processor 22
  Max Mhz: 2200, Current Mhz: 2200, Mhz Limit: 2200
Processor Information for processor 23
  Max Mhz: 2200, Current Mhz: 2200, Mhz Limit: 2200

Memory: 4k page, system-wide physical 65239M (744M free)
TotalPageFile size 96073M (AvailPageFile size 1M)
current process WorkingSet (physical memory assigned to process): 1188M, peak: 5973M
current process commit charge ("private bytes"): 6179M, peak: 6220M

vm_info: Java HotSpot(TM) 64-Bit Server VM (25.0.2+10-LTS-69) for windows-amd64 JRE (25.0.2+10-LTS-69), built on 2025-12-18T11:36:35Z with MS VC++ 17.13 (VS2022)

END.
