#
# There is insufficient memory for the Java Runtime Environment to continue.
# Native memory allocation (malloc) failed to allocate 5213336 bytes. Error detail: Chunk::new
# Possible reasons:
#   The system is out of physical RAM or swap space
#   This process is running with CompressedOops enabled, and the Java Heap may be blocking the growth of the native heap
# Possible solutions:
#   Reduce memory load on the system
#   Increase physical memory or swap space
#   Check if swap backing store is full
#   Decrease Java heap size (-Xmx/-Xms)
#   Decrease number of Java threads
#   Decrease Java thread stack sizes (-Xss)
#   Set larger code cache with -XX:ReservedCodeCacheSize=
#   JVM is running with Zero Based Compressed Oops mode in which the Java heap is
#     placed in the first 32GB address space. The Java Heap base address is the
#     maximum limit for the native heap growth. Please use -XX:HeapBaseMinAddress
#     to set the Java Heap base and to place the Java Heap above 32GB virtual address.
# This output file may be truncated or incomplete.
#
#  Out of Memory Error (arena.cpp:186), pid=38020, tid=42248
#
# JRE version: Java(TM) SE Runtime Environment (25.0.2+10) (build 25.0.2+10-LTS-69)
# Java VM: Java HotSpot(TM) 64-Bit Server VM (25.0.2+10-LTS-69, mixed mode, sharing, tiered, compressed oops, compressed class ptrs, g1 gc, windows-amd64)
# No core dump will be written. Minidumps are not enabled by default on client versions of Windows
#

---------------  S U M M A R Y ------------

Command Line: D:\Minecraft\∑˛ŒÒ∆˜\1.21.11\paper-1.21.11-132.jar

Host: Intel(R) Core(TM) i7-14650HX, 24 cores, 31G,  Windows 11 , 64 bit Build 26100 (10.0.26100.8328)
Time: Tue May 19 16:02:49 2026 elapsed time: 6775.260611 seconds (0d 1h 52m 55s)

---------------  T H R E A D  ---------------

Current thread (0x000002a87ad07cb0):  JavaThread "C2 CompilerThread0" daemon [_thread_in_native, id=42248, stack(0x000000f915600000,0x000000f915700000) (1024K)]


Current CompileTask:
C2:6775260 62023       4       net.minecraft.server.MinecraftServer::processPacketsAndTick (90 bytes)

Stack: [0x000000f915600000,0x000000f915700000]
Native frames: (J=compiled Java code, j=interpreted, Vv=VM code, C=native code)
V  [jvm.dll+0x7a70f9]  (no source info available)
V  [jvm.dll+0x772d6d]  (no source info available)
V  [jvm.dll+0x965d53]  (no source info available)
V  [jvm.dll+0x968351]  (no source info available)
V  [jvm.dll+0x968a63]  (no source info available)
V  [jvm.dll+0x2fc846]  (no source info available)
V  [jvm.dll+0x111b16]  (no source info available)
V  [jvm.dll+0x111e3e]  (no source info available)
V  [jvm.dll+0x1a0872]  (no source info available)
V  [jvm.dll+0x3b54c2]  (no source info available)
V  [jvm.dll+0x7aca8f]  (no source info available)
V  [jvm.dll+0x2c0b97]  (no source info available)
V  [jvm.dll+0x2bfb5f]  (no source info available)
V  [jvm.dll+0x2379a0]  (no source info available)
V  [jvm.dll+0x2cfc86]  (no source info available)
V  [jvm.dll+0x2cdf05]  (no source info available)
V  [jvm.dll+0x48e9d1]  (no source info available)
V  [jvm.dll+0x906fcd]  (no source info available)
V  [jvm.dll+0x7a56d5]  (no source info available)
C  [ucrtbase.dll+0x37b0]  (no source info available)
C  [KERNEL32.DLL+0x2e957]  (no source info available)
C  [ntdll.dll+0x427c]  (no source info available)

Lock stack of current Java thread (top to bottom):


---------------  P R O C E S S  ---------------

Threads class SMR info:
_java_thread_list=0x000002a82680bc10, length=282, elements={
0x000002a87acfb320, 0x000002a87acfbae0, 0x000002a87acfe910, 0x000002a87ad01a30,
0x000002a87ad02720, 0x000002a87ad14fa0, 0x000002a87ad07cb0, 0x000002a87ad1a160,
0x000002a87ad23280, 0x000002a87ad23a40, 0x000002a856086350, 0x000002a87f726f30,
0x000002a804680320, 0x000002a80650c9f0, 0x000002a80650c220, 0x000002a87fd07b60,
0x000002a8061c8800, 0x000002a8061c5920, 0x000002a8061c60f0, 0x000002a8061caf10,
0x000002a8061c9f70, 0x000002a8061cc680, 0x000002a80650e930, 0x000002a80650ba50,
0x000002a807183bc0, 0x000002a807185330, 0x000002a804f0bba0, 0x000002a807184b60,
0x000002a80e60a570, 0x000002a80e6095d0, 0x000002a80e60ad40, 0x000002a80e60b510,
0x000002a80dc3d150, 0x000002a80dc44680, 0x000002a80dc42740, 0x000002a80dc417a0,
0x000002a80dc44e50, 0x000002a80dc43eb0, 0x000002a80dc45df0, 0x000002a8082fcea0,
0x000002a8082faf60, 0x000002a8082fde40, 0x000002a808302490, 0x000002a808302c60,
0x000002a817dc9ec0, 0x000002a81851d2d0, 0x000002a81851daa0, 0x000002a81851e270,
0x000002a81851b390, 0x000002a81851f210, 0x000002a81851c330, 0x000002a817dc8750,
0x000002a817413650, 0x000002a817411ee0, 0x000002a817413e20, 0x000002a8174145f0,
0x000002a817418470, 0x000002a8174174d0, 0x000002a817418c40, 0x000002a817419be0,
0x000002a81741da60, 0x000002a808304ba0, 0x000002a81741cac0, 0x000002a817dc6fe0,
0x000002a87e57b610, 0x000002a81e3aafe0, 0x000002a81e3a9870, 0x000002a81e3aa810,
0x000002a81e3adec0, 0x000002a81e3b05d0, 0x000002a81e3afe00, 0x000002a81e3b34b0,
0x000002a81e3b6390, 0x000002a81e3b9a40, 0x000002a81e3bb1b0, 0x000002a81e3ba210,
0x000002a81e3ba9e0, 0x000002a81741e230, 0x000002a808301cc0, 0x000002a8180a9f20,
0x000002a8180ab690, 0x000002a8180abe60, 0x000002a8180afce0, 0x000002a8180ad5d0,
0x000002a8180af510, 0x000002a8180b23f0, 0x000002a8180b6270, 0x000002a8180b6a40,
0x000002a8180b3b60, 0x000002a8180bb090, 0x000002a8180b9920, 0x000002a8180b79e0,
0x000002a8180be740, 0x000002a8180bb860, 0x000002a8180a9750, 0x000002a8180bfeb0,
0x000002a8180c4500, 0x000002a8180c1df0, 0x000002a8180c54a0, 0x000002a8180c3d30,
0x000002a81e3c0f70, 0x000002a81e3c26e0, 0x000002a81e3c1740, 0x000002a8071889e0,
0x000002a8082fd670, 0x000002a81e3bc920, 0x000002a8061c7090, 0x000002a87e578730,
0x000002a81741f1d0, 0x000002a808995190, 0x000002a8089997e0, 0x000002a8089970d0,
0x000002a80899b720, 0x000002a80899d660, 0x000002a80899fd70, 0x000002a8089a0540,
0x000002a8089a3420, 0x000002a8089a43c0, 0x000002a8089a2480, 0x000002a8089a4b90,
0x000002a8089a7a70, 0x000002a8089a8a10, 0x000002a8089ad060, 0x000002a8089aa950,
0x000002a8089ac0c0, 0x000002a8089aff40, 0x000002a8089aefa0, 0x000002a8089af770,
0x000002a8089ad830, 0x000002a8089b1e80, 0x000002a8089b3dc0, 0x000002a81e3b0da0,
0x000002a81e3b53f0, 0x000002a8180c5c70, 0x000002a8089a91e0, 0x000002a81fabec30,
0x000002a81fabf400, 0x000002a81fac1340, 0x000002a81fac3a50, 0x000002a81fac51c0,
0x000002a81fabe460, 0x000002a81fac5990, 0x000002a81faca7b0, 0x000002a81fac9810,
0x000002a81fac9fe0, 0x000002a81851abc0, 0x000002a8180c2d90, 0x000002a81fac6930,
0x000002a8264788e0, 0x000002a82647a050, 0x000002a826479880, 0x000002a82647b7c0,
0x000002a826482cf0, 0x000002a826483c90, 0x000002a826485400, 0x000002a81e3b7b00,
0x000002a80dc47560, 0x000002a825894b60, 0x000002a825894390, 0x000002a825893bc0,
0x000002a825891c80, 0x000002a825892450, 0x000002a8258989e0, 0x000002a825898210,
0x000002a82589b0f0, 0x000002a826fc9840, 0x000002a81fae4010, 0x000002a81fae47e0,
0x000002a81fae3840, 0x000002a820309830, 0x000002a82030a7d0, 0x000002a81fae3070,
0x000002a825023080, 0x000002a825023850, 0x000002a826908460, 0x000002a826905d50,
0x000002a82716de40, 0x000002a820c0ff50, 0x000002a82c7dbe20, 0x000002a8274a8f10,
0x000002a826760d70, 0x000002a82675ee30, 0x000002a826fc9070, 0x000002a827012f50,
0x000002a82675f600, 0x000002a826700500, 0x000002a8266ff560, 0x000002a826702440,
0x000002a81fe072a0, 0x000002a81fe07a70, 0x000002a8266ffd30, 0x000002a826700cd0,
0x000002a8266fed90, 0x000002a82576ed00, 0x000002a82576f4d0, 0x000002a827011010,
0x000002a8267624e0, 0x000002a826761540, 0x000002a826761d10, 0x000002a8267605a0,
0x000002a8202e9f90, 0x000002a8202eb700, 0x000002a831cf8ec0, 0x000002a81e327440,
0x000002a816d7f7c0, 0x000002a826c73780, 0x000002a8260588c0, 0x000002a831fe9f50,
0x000002a8274a8740, 0x000002a827f6c830, 0x000002a8250220e0, 0x000002a825b46d80,
0x000002a825b47550, 0x000002a825b43ea0, 0x000002a825b44670, 0x000002a825b44e40,
0x000002a825b45610, 0x000002a825b45de0, 0x000002a825b465b0, 0x000002a80f1bbde0,
0x000002a80f1ba670, 0x000002a80f1bae40, 0x000002a80f1b8f00, 0x000002a80f1bc5b0,
0x000002a816d7eff0, 0x000002a80f1b96d0, 0x000002a80f1bb610, 0x000002a80f1b9ea0,
0x000002a818010620, 0x000002a8415bb550, 0x000002a82527f790, 0x000002a8320aa250,
0x000002a82c7db650, 0x000002a81f7772b0, 0x000002a81f7791f0, 0x000002a827012780,
0x000002a831482dc0, 0x000002a832184320, 0x000002a8337cde50, 0x000002a825019070,
0x000002a831cfa630, 0x000002a8415ba5b0, 0x000002a83cf69ed0, 0x000002a820bad340,
0x000002a826057920, 0x000002a826906520, 0x000002a826f57c40, 0x000002a831481650,
0x000002a8320a7b40, 0x000002a83cf6b640, 0x000002a831fe9780, 0x000002a83cf68760,
0x000002a83cf6ae70, 0x000002a831eef860, 0x000002a831eee0f0, 0x000002a831eee8c0,
0x000002a82501a7e0, 0x000002a82589c860, 0x000002a831eef090, 0x000002a836b01e30,
0x000002a808960bd0, 0x000002a8188e6ff0, 0x000002a825a00970, 0x000002a8204492e0,
0x000002a826f58410, 0x000002a8328f6090, 0x000002a826f5a350, 0x000002a82044c1c0,
0x000002a831ef1870, 0x000002a820931110, 0x000002a81e20b360, 0x000002a82589dfd0,
0x000002a8313ca660, 0x000002a816a6f4f0, 0x000002a826906cf0, 0x000002a8328f7030,
0x000002a81f7799c0, 0x000002a8415bbd20, 0x000002a825c7e4d0, 0x000002a83a68b480,
0x000002a82c1dd530, 0x000002a8188e8760
}

Java Threads: ( => current thread )
  0x000002a87acfb320 JavaThread "Reference Handler"          daemon [_thread_blocked, id=52724, stack(0x000000f915000000,0x000000f915100000) (1024K)]
  0x000002a87acfbae0 JavaThread "Finalizer"                  daemon [_thread_blocked, id=48740, stack(0x000000f915100000,0x000000f915200000) (1024K)]
  0x000002a87acfe910 JavaThread "Signal Dispatcher"          daemon [_thread_blocked, id=35564, stack(0x000000f915200000,0x000000f915300000) (1024K)]
  0x000002a87ad01a30 JavaThread "Attach Listener"            daemon [_thread_blocked, id=49400, stack(0x000000f915300000,0x000000f915400000) (1024K)]
  0x000002a87ad02720 JavaThread "Service Thread"             daemon [_thread_blocked, id=47840, stack(0x000000f915400000,0x000000f915500000) (1024K)]
  0x000002a87ad14fa0 JavaThread "Monitor Deflation Thread"   daemon [_thread_blocked, id=67820, stack(0x000000f915500000,0x000000f915600000) (1024K)]
=>0x000002a87ad07cb0 JavaThread "C2 CompilerThread0"         daemon [_thread_in_native, id=42248, stack(0x000000f915600000,0x000000f915700000) (1024K)]
  0x000002a87ad1a160 JavaThread "C1 CompilerThread0"         daemon [_thread_blocked, id=43476, stack(0x000000f915700000,0x000000f915800000) (1024K)]
  0x000002a87ad23280 JavaThread "Notification Thread"        daemon [_thread_blocked, id=54512, stack(0x000000f915800000,0x000000f915900000) (1024K)]
  0x000002a87ad23a40 JavaThread "Common-Cleaner"             daemon [_thread_blocked, id=51592, stack(0x000000f915900000,0x000000f915a00000) (1024K)]
  0x000002a856086350 JavaThread "DestroyJavaVM"                     [_thread_blocked, id=48328, stack(0x000000f914800000,0x000000f914900000) (1024K)]
  0x000002a87f726f30 JavaThread "Log4j2-AsyncAppenderEventDispatcher-1-Async" daemon [_thread_blocked, id=34488, stack(0x000000f916e00000,0x000000f916f00000) (1024K)]
  0x000002a804680320 JavaThread "JNA Cleaner"                daemon [_thread_blocked, id=51164, stack(0x000000f916f00000,0x000000f917000000) (1024K)]
  0x000002a80650c9f0 JavaThread "Timer hack thread"          daemon [_thread_blocked, id=46932, stack(0x000000f917900000,0x000000f917a00000) (1024K)]
  0x000002a80650c220 JavaThread "Yggdrasil Key Fetcher"      daemon [_thread_blocked, id=59868, stack(0x000000f917a00000,0x000000f917b00000) (1024K)]
  0x000002a87fd07b60 JavaThread "PaperFilledProfileCache-cleanup-0" daemon [_thread_blocked, id=33216, stack(0x000000f917b00000,0x000000f917c00000) (1024K)]
  0x000002a8061c8800 JavaThread "Worker-Main-1"              daemon [_thread_blocked, id=51648, stack(0x000000f918100000,0x000000f918200000) (1024K)]
  0x000002a8061c5920 JavaThread "Worker-Main-2"              daemon [_thread_blocked, id=43260, stack(0x000000f918200000,0x000000f918300000) (1024K)]
  0x000002a8061c60f0 JavaThread "Worker-Main-3"              daemon [_thread_blocked, id=53880, stack(0x000000f918300000,0x000000f918400000) (1024K)]
  0x000002a8061caf10 JavaThread "Worker-Main-4"              daemon [_thread_blocked, id=47088, stack(0x000000f917500000,0x000000f917600000) (1024K)]
  0x000002a8061c9f70 JavaThread "Worker-Main-5"              daemon [_thread_blocked, id=62208, stack(0x000000f917600000,0x000000f917700000) (1024K)]
  0x000002a8061cc680 JavaThread "Worker-Main-6"              daemon [_thread_blocked, id=33264, stack(0x000000f917c00000,0x000000f917d00000) (1024K)]
  0x000002a80650e930 JavaThread "Worker-Main-7"              daemon [_thread_blocked, id=62068, stack(0x000000f918000000,0x000000f918100000) (1024K)]
  0x000002a80650ba50 JavaThread "Worker-Main-8"              daemon [_thread_blocked, id=62524, stack(0x000000f918400000,0x000000f918500000) (1024K)]
  0x000002a807183bc0 JavaThread "Java2D Disposer"            daemon [_thread_blocked, id=35428, stack(0x000000f918500000,0x000000f918600000) (1024K)]
  0x000002a807185330 JavaThread "AWT-Windows"                daemon [_thread_in_native, id=34500, stack(0x000000f918700000,0x000000f918800000) (1024K)]
  0x000002a804f0bba0 JavaThread "AWT-Shutdown"                      [_thread_blocked, id=64240, stack(0x000000f915a00000,0x000000f915b00000) (1024K)]
  0x000002a807184b60 JavaThread "AWT-EventQueue-0"                  [_thread_blocked, id=67404, stack(0x000000f917f00000,0x000000f918000000) (1024K)]
  0x000002a80e60a570 JavaThread "TimerQueue"                 daemon [_thread_blocked, id=63368, stack(0x000000f918600000,0x000000f918700000) (1024K)]
  0x000002a80e6095d0 JavaThread "D3D Screen Updater"         daemon [_thread_blocked, id=54608, stack(0x000000f918ad0000,0x000000f918bd0000) (1024K)]
  0x000002a80e60ad40 JavaThread "Thread-1"                   daemon [_thread_blocked, id=57852, stack(0x000000f918bd0000,0x000000f918cd0000) (1024K)]
  0x000002a80e60b510 JavaThread "Server thread"                     [_thread_blocked, id=63516, stack(0x000000f918cd0000,0x000000f918dd0000) (1024K)]
  0x000002a80dc3d150 JavaThread "Paper Common Worker #0"     daemon [_thread_blocked, id=58084, stack(0x000000f9193d0000,0x000000f9194d0000) (1024K)]
  0x000002a80dc44680 JavaThread "Paper Common Worker #1"     daemon [_thread_blocked, id=66216, stack(0x000000f9194d0000,0x000000f9195d0000) (1024K)]
  0x000002a80dc42740 JavaThread "Paper Common Worker #2"     daemon [_thread_blocked, id=68116, stack(0x000000f9195d0000,0x000000f9196d0000) (1024K)]
  0x000002a80dc417a0 JavaThread "Paper Common Worker #3"     daemon [_thread_blocked, id=65156, stack(0x000000f9196d0000,0x000000f9197d0000) (1024K)]
  0x000002a80dc44e50 JavaThread "Paper Common Worker #4"     daemon [_thread_blocked, id=40560, stack(0x000000f9197d0000,0x000000f9198d0000) (1024K)]
  0x000002a80dc43eb0 JavaThread "Paper Common Worker #5"     daemon [_thread_blocked, id=39048, stack(0x000000f9198d0000,0x000000f9199d0000) (1024K)]
  0x000002a80dc45df0 JavaThread "Paper I/O Worker #0"        daemon [_thread_blocked, id=45684, stack(0x000000f9199d0000,0x000000f919ad0000) (1024K)]
  0x000002a8082fcea0 JavaThread "Paper Watchdog Thread"             [_thread_blocked, id=16640, stack(0x000000f919ad0000,0x000000f919bd0000) (1024K)]
  0x000002a8082faf60 JavaThread "pool-8-thread-1"                   [_thread_blocked, id=52372, stack(0x000000f919bd0000,0x000000f919cd0000) (1024K)]
  0x000002a8082fde40 JavaThread "Netty NIO IO #0"            daemon [_thread_in_native, id=41060, stack(0x000000f919dd0000,0x000000f919ed0000) (1024K)]
  0x000002a808302490 JavaThread "HttpClient-1-SelectorManager" daemon [_thread_in_native, id=66164, stack(0x000000f919fd0000,0x000000f91a0d0000) (1024K)]
  0x000002a808302c60 JavaThread "HttpClient-2-SelectorManager" daemon [_thread_in_native, id=56980, stack(0x000000f91a0d0000,0x000000f91a1d0000) (1024K)]
  0x000002a817dc9ec0 JavaThread "HttpClient-3-SelectorManager" daemon [_thread_in_native, id=30852, stack(0x000000f919cd0000,0x000000f919dd0000) (1024K)]
  0x000002a81851d2d0 JavaThread "bStats-Metrics"                    [_thread_blocked, id=60356, stack(0x000000f91b4d0000,0x000000f91b5d0000) (1024K)]
  0x000002a81851daa0 JavaThread "luckperms-worker-0"         daemon [_thread_blocked, id=56332, stack(0x000000f91b6d0000,0x000000f91b7d0000) (1024K)]
  0x000002a81851e270 JavaThread "luckperms-worker-1"         daemon [_thread_blocked, id=30680, stack(0x000000f91b7d0000,0x000000f91b8d0000) (1024K)]
  0x000002a81851b390 JavaThread "luckperms-worker-2"         daemon [_thread_blocked, id=60012, stack(0x000000f91b8d0000,0x000000f91b9d0000) (1024K)]
  0x000002a81851f210 JavaThread "luckperms-worker-3"         daemon [_thread_blocked, id=47672, stack(0x000000f91b9d0000,0x000000f91bad0000) (1024K)]
  0x000002a81851c330 JavaThread "luckperms-worker-4"         daemon [_thread_blocked, id=66032, stack(0x000000f91bad0000,0x000000f91bbd0000) (1024K)]
  0x000002a817dc8750 JavaThread "luckperms-worker-5"         daemon [_thread_blocked, id=63788, stack(0x000000f91bbd0000,0x000000f91bcd0000) (1024K)]
  0x000002a817413650 JavaThread "luckperms-worker-6"         daemon [_thread_blocked, id=66020, stack(0x000000f91bcd0000,0x000000f91bdd0000) (1024K)]
  0x000002a817411ee0 JavaThread "luckperms-worker-7"         daemon [_thread_blocked, id=43320, stack(0x000000f91bdd0000,0x000000f91bed0000) (1024K)]
  0x000002a817413e20 JavaThread "luckperms-worker-8"         daemon [_thread_blocked, id=45320, stack(0x000000f91bed0000,0x000000f91bfd0000) (1024K)]
  0x000002a8174145f0 JavaThread "luckperms-worker-9"         daemon [_thread_blocked, id=57060, stack(0x000000f91bfd0000,0x000000f91c0d0000) (1024K)]
  0x000002a817418470 JavaThread "luckperms-worker-10"        daemon [_thread_blocked, id=59548, stack(0x000000f91c0d0000,0x000000f91c1d0000) (1024K)]
  0x000002a8174174d0 JavaThread "luckperms-scheduler"               [_thread_blocked, id=41864, stack(0x000000f914700000,0x000000f914800000) (1024K)]
  0x000002a817418c40 JavaThread "WorldEdit Session Manager"         [_thread_blocked, id=49644, stack(0x000000f917400000,0x000000f917500000) (1024K)]
  0x000002a817419be0 JavaThread "bStats-Metrics"                    [_thread_blocked, id=65624, stack(0x000000f918fd0000,0x000000f9190d0000) (1024K)]
  0x000002a81741da60 JavaThread "pool-16-thread-1"                  [_thread_blocked, id=67540, stack(0x000000f91c1d0000,0x000000f91c2d0000) (1024K)]
  0x000002a808304ba0 JavaThread "FileSystemWatchService"     daemon [_thread_in_native, id=54432, stack(0x000000f914500000,0x000000f914600000) (1024K)]
  0x000002a81741cac0 JavaThread "MVStore background writer D:/Minecraft/ÊúçÂä°Âô®/1.21.11/plugins/LuckPerms/luckperms-h2-v2.mv.db" daemon [_thread_blocked, id=54712, stack(0x000000f91c2d0000,0x000000f91c3d0000) (1024K)]
  0x000002a817dc6fe0 JavaThread "H2-serialization"           daemon [_thread_blocked, id=44172, stack(0x000000f91c3d0000,0x000000f91c4d0000) (1024K)]
  0x000002a87e57b610 JavaThread "H2-save"                    daemon [_thread_blocked, id=52988, stack(0x000000f91c4d0000,0x000000f91c5d0000) (1024K)]
  0x000002a81e3aafe0 JavaThread "Timer-0"                    daemon [_thread_blocked, id=55152, stack(0x000000f91cdd0000,0x000000f91ced0000) (1024K)]
  0x000002a81e3a9870 JavaThread "FileSystemWatchService"     daemon [_thread_in_native, id=34380, stack(0x000000f91c9d0000,0x000000f91cad0000) (1024K)]
  0x000002a81e3aa810 JavaThread "WorldEdit-RecursiveDirectoryWatcher"        [_thread_blocked, id=58736, stack(0x000000f91cad0000,0x000000f91cbd0000) (1024K)]
  0x000002a81e3adec0 JavaThread "bStats-Metrics"             daemon [_thread_blocked, id=52252, stack(0x000000f91ced0000,0x000000f91cfd0000) (1024K)]
  0x000002a81e3b05d0 JavaThread "bStats-Metrics"                    [_thread_blocked, id=8604, stack(0x000000f91d1d0000,0x000000f91d2d0000) (1024K)]
  0x000002a81e3afe00 JavaThread "Cleaner-0"                  daemon [_thread_blocked, id=46404, stack(0x000000f91ccd0000,0x000000f91cdd0000) (1024K)]
  0x000002a81e3b34b0 JavaThread "bStats-Metrics"                    [_thread_blocked, id=57256, stack(0x000000f91d3d0000,0x000000f91d4d0000) (1024K)]
  0x000002a81e3b6390 JavaThread "bStats-Metrics"                    [_thread_blocked, id=57512, stack(0x000000f91d4d0000,0x000000f91d5d0000) (1024K)]
  0x000002a81e3b9a40 JavaThread "Folia Async Scheduler Thread #0"        [_thread_blocked, id=47016, stack(0x000000f91d5d0000,0x000000f91d6d0000) (1024K)]
  0x000002a81e3bb1b0 JavaThread "mysql-cj-abandoned-connection-cleanup" daemon [_thread_blocked, id=53168, stack(0x000000f91d6d0000,0x000000f91d7d0000) (1024K)]
  0x000002a81e3ba210 JavaThread "SlimefunHikariPool housekeeper" daemon [_thread_blocked, id=55684, stack(0x000000f91d8d0000,0x000000f91d9d0000) (1024K)]
  0x000002a81e3ba9e0 JavaThread "SlimefunHikariPool housekeeper" daemon [_thread_blocked, id=46072, stack(0x000000f91dad0000,0x000000f91dbd0000) (1024K)]
  0x000002a81741e230 JavaThread "HttpClient-4-SelectorManager" daemon [_thread_in_native, id=67568, stack(0x000000f91e3d0000,0x000000f91e4d0000) (1024K)]
  0x000002a808301cc0 JavaThread "bStats-Metrics"                    [_thread_blocked, id=65096, stack(0x000000f91e4d0000,0x000000f91e5d0000) (1024K)]
  0x000002a8180a9f20 JavaThread "HttpClient-5-SelectorManager" daemon [_thread_in_native, id=60764, stack(0x000000f91e5d0000,0x000000f91e6d0000) (1024K)]
  0x000002a8180ab690 JavaThread "bStats-Metrics"             daemon [_thread_blocked, id=20516, stack(0x000000f91e6d0000,0x000000f91e7d0000) (1024K)]
  0x000002a8180abe60 JavaThread "HttpClient-6-SelectorManager" daemon [_thread_in_native, id=65040, stack(0x000000f91e7d0000,0x000000f91e8d0000) (1024K)]
  0x000002a8180afce0 JavaThread "WorldGuard Region I/O"             [_thread_blocked, id=58844, stack(0x000000f91e8d0000,0x000000f91e9d0000) (1024K)]
  0x000002a8180ad5d0 JavaThread "bStats-Metrics"                    [_thread_blocked, id=68380, stack(0x000000f91ead0000,0x000000f91ebd0000) (1024K)]
  0x000002a8180af510 JavaThread "bStats-Metrics"                    [_thread_blocked, id=59276, stack(0x000000f91ebd0000,0x000000f91ecd0000) (1024K)]
  0x000002a8180b23f0 JavaThread "bStats-Metrics"                    [_thread_blocked, id=42420, stack(0x000000f91ddd0000,0x000000f91ded0000) (1024K)]
  0x000002a8180b6270 JavaThread "bStats-Metrics"                    [_thread_blocked, id=36152, stack(0x000000f91e1d0000,0x000000f91e2d0000) (1024K)]
  0x000002a8180b6a40 JavaThread "pool-44-thread-1"                  [_thread_blocked, id=37564, stack(0x000000f914600000,0x000000f914700000) (1024K)]
  0x000002a8180b3b60 JavaThread "pool-45-thread-1"                  [_thread_blocked, id=63892, stack(0x000000f91e2d0000,0x000000f91e3d0000) (1024K)]
  0x000002a8180bb090 JavaThread "pool-44-thread-2"                  [_thread_blocked, id=900, stack(0x000000f91ecd0000,0x000000f91edd0000) (1024K)]
  0x000002a8180b9920 JavaThread "bStats-Metrics"                    [_thread_in_native, id=33212, stack(0x000000f91edd0000,0x000000f91eed0000) (1024K)]
  0x000002a8180b79e0 JavaThread "bStats-Metrics"                    [_thread_blocked, id=5084, stack(0x000000f91eed0000,0x000000f91efd0000) (1024K)]
  0x000002a8180be740 JavaThread "bStats-Metrics"                    [_thread_blocked, id=43596, stack(0x000000f91dbd0000,0x000000f91dcd0000) (1024K)]
  0x000002a8180bb860 JavaThread "bStats-Metrics"                    [_thread_blocked, id=27732, stack(0x000000f91efd0000,0x000000f91f0d0000) (1024K)]
  0x000002a8180a9750 JavaThread "bStats-Metrics"             daemon [_thread_blocked, id=49744, stack(0x000000f91d7d0000,0x000000f91d8d0000) (1024K)]
  0x000002a8180bfeb0 JavaThread "bStats-Metrics"             daemon [_thread_blocked, id=51792, stack(0x000000f91dcd0000,0x000000f91ddd0000) (1024K)]
  0x000002a8180c4500 JavaThread "bStats-Metrics"                    [_thread_blocked, id=48940, stack(0x000000f91f0d0000,0x000000f91f1d0000) (1024K)]
  0x000002a8180c1df0 JavaThread "TrainCarts schematic loader thread" daemon [_thread_blocked, id=50096, stack(0x000000f91f1d0000,0x000000f91f2d0000) (1024K)]
  0x000002a8180c54a0 JavaThread "TrainCarts:SignMetadataWriterThread" daemon [_thread_blocked, id=51796, stack(0x000000f91f2d0000,0x000000f91f3d0000) (1024K)]
  0x000002a8180c3d30 JavaThread "EvtSystemTime-Tasks"               [_thread_blocked, id=48244, stack(0x000000f91f4d0000,0x000000f91f5d0000) (1024K)]
  0x000002a81e3c0f70 JavaThread "bStats-Metrics"                    [_thread_blocked, id=50012, stack(0x000000f91fad0000,0x000000f91fbd0000) (1024K)]
  0x000002a81e3c26e0 JavaThread "bStats-Metrics"                    [_thread_blocked, id=30544, stack(0x000000f91fbd0000,0x000000f91fcd0000) (1024K)]
  0x000002a81e3c1740 JavaThread "bStats-Metrics"                    [_thread_blocked, id=32800, stack(0x000000f91fcd0000,0x000000f91fdd0000) (1024K)]
  0x000002a8071889e0 JavaThread "bStats-Metrics"                    [_thread_in_native, id=50004, stack(0x000000f91f9d0000,0x000000f91fad0000) (1024K)]
  0x000002a8082fd670 JavaThread "bStats-Metrics"                    [_thread_blocked, id=44292, stack(0x000000f91fdd0000,0x000000f91fed0000) (1024K)]
  0x000002a81e3bc920 JavaThread "bStats-Metrics"                    [_thread_blocked, id=45832, stack(0x000000f91d9d0000,0x000000f91dad0000) (1024K)]
  0x000002a8061c7090 JavaThread "bStats-Metrics"                    [_thread_blocked, id=38708, stack(0x000000f91f7d0000,0x000000f91f8d0000) (1024K)]
  0x000002a87e578730 JavaThread "bStats-Metrics"                    [_thread_blocked, id=44996, stack(0x000000f91f8d0000,0x000000f91f9d0000) (1024K)]
  0x000002a81741f1d0 JavaThread "bStats-Metrics"                    [_thread_blocked, id=57656, stack(0x000000f91ffd0000,0x000000f9200d0000) (1024K)]
  0x000002a808995190 JavaThread "bStats-Metrics"                    [_thread_blocked, id=53780, stack(0x000000f9200d0000,0x000000f9201d0000) (1024K)]
  0x000002a8089997e0 JavaThread "bStats-Metrics"                    [_thread_blocked, id=50812, stack(0x000000f9201d0000,0x000000f9202d0000) (1024K)]
  0x000002a8089970d0 JavaThread "bStats-Metrics"                    [_thread_blocked, id=62912, stack(0x000000f9202d0000,0x000000f9203d0000) (1024K)]
  0x000002a80899b720 JavaThread "bStats-Metrics"                    [_thread_blocked, id=52400, stack(0x000000f9203d0000,0x000000f9204d0000) (1024K)]
  0x000002a80899d660 JavaThread "bStats-Metrics"                    [_thread_blocked, id=61384, stack(0x000000f9204d0000,0x000000f9205d0000) (1024K)]
  0x000002a80899fd70 JavaThread "bStats-Metrics"                    [_thread_blocked, id=59948, stack(0x000000f91f6d0000,0x000000f91f7d0000) (1024K)]
  0x000002a8089a0540 JavaThread "bStats-Metrics"             daemon [_thread_blocked, id=66304, stack(0x000000f91fed0000,0x000000f91ffd0000) (1024K)]
  0x000002a8089a3420 JavaThread "bStats-Metrics"             daemon [_thread_blocked, id=44424, stack(0x000000f91f5d0000,0x000000f91f6d0000) (1024K)]
  0x000002a8089a43c0 JavaThread "bStats-Metrics"                    [_thread_blocked, id=61316, stack(0x000000f9205d0000,0x000000f9206d0000) (1024K)]
  0x000002a8089a2480 JavaThread "bStats-Metrics"                    [_thread_blocked, id=43616, stack(0x000000f9206d0000,0x000000f9207d0000) (1024K)]
  0x000002a8089a4b90 JavaThread "Timer-1"                           [_thread_blocked, id=64332, stack(0x000000f91f3d0000,0x000000f91f4d0000) (1024K)]
  0x000002a8089a7a70 JavaThread "bStats-Metrics"                    [_thread_blocked, id=62532, stack(0x000000f9207d0000,0x000000f9208d0000) (1024K)]
  0x000002a8089a8a10 JavaThread "bStats-Metrics"                    [_thread_blocked, id=20588, stack(0x000000f9209d0000,0x000000f920ad0000) (1024K)]
  0x000002a8089ad060 JavaThread "bStats-Metrics"                    [_thread_blocked, id=58108, stack(0x000000f920bd0000,0x000000f920cd0000) (1024K)]
  0x000002a8089aa950 JavaThread "bStats-Metrics"                    [_thread_blocked, id=59804, stack(0x000000f920cd0000,0x000000f920dd0000) (1024K)]
  0x000002a8089ac0c0 JavaThread "bStats-Metrics"             daemon [_thread_blocked, id=61108, stack(0x000000f920dd0000,0x000000f920ed0000) (1024K)]
  0x000002a8089aff40 JavaThread "Folia Async Scheduler Thread #1"        [_thread_blocked, id=63080, stack(0x000000f920ed0000,0x000000f920fd0000) (1024K)]
  0x000002a8089aefa0 JavaThread "Folia Async Scheduler Thread Timer"        [_thread_blocked, id=63436, stack(0x000000f920fd0000,0x000000f9210d0000) (1024K)]
  0x000002a8089af770 JavaThread "bStats-Metrics"                    [_thread_blocked, id=49816, stack(0x000000f9210d0000,0x000000f9211d0000) (1024K)]
  0x000002a8089ad830 JavaThread "bStats-Metrics"                    [_thread_blocked, id=64524, stack(0x000000f9211d0000,0x000000f9212d0000) (1024K)]
  0x000002a8089b1e80 JavaThread "bStats-Metrics"                    [_thread_blocked, id=53960, stack(0x000000f9213d0000,0x000000f9214d0000) (1024K)]
  0x000002a8089b3dc0 JavaThread "bStats-Metrics"                    [_thread_blocked, id=46836, stack(0x000000f9214d0000,0x000000f9215d0000) (1024K)]
  0x000002a81e3b0da0 JavaThread "Folia Async Scheduler Thread #2"        [_thread_blocked, id=68084, stack(0x000000f9216d0000,0x000000f9217d0000) (1024K)]
  0x000002a81e3b53f0 JavaThread "UltimateShop-DB"                   [_thread_blocked, id=63072, stack(0x000000f9217d0000,0x000000f9218d0000) (1024K)]
  0x000002a8180c5c70 JavaThread "bStats-Metrics"             daemon [_thread_blocked, id=64028, stack(0x000000f9218d0000,0x000000f9219d0000) (1024K)]
  0x000002a8089a91e0 JavaThread "Folia Async Scheduler Thread #3"        [_thread_blocked, id=57820, stack(0x000000f9215d0000,0x000000f9216d0000) (1024K)]
  0x000002a81fabec30 JavaThread "Folia Async Scheduler Thread #4"        [_thread_blocked, id=12960, stack(0x000000f920ad0000,0x000000f920bd0000) (1024K)]
  0x000002a81fabf400 JavaThread "bStats-Metrics"             daemon [_thread_blocked, id=43968, stack(0x000000f9219d0000,0x000000f921ad0000) (1024K)]
  0x000002a81fac1340 JavaThread "bStats-Metrics"                    [_thread_blocked, id=63828, stack(0x000000f921bd0000,0x000000f921cd0000) (1024K)]
  0x000002a81fac3a50 JavaThread "Folia Async Scheduler Thread #5"        [_thread_blocked, id=44212, stack(0x000000f921fd0000,0x000000f9220d0000) (1024K)]
  0x000002a81fac51c0 JavaThread "bStats-Metrics"                    [_thread_blocked, id=38108, stack(0x000000f9220d0000,0x000000f9221d0000) (1024K)]
  0x000002a81fabe460 JavaThread "Folia Async Scheduler Thread #6"        [_thread_blocked, id=37784, stack(0x000000f91ded0000,0x000000f91dfd0000) (1024K)]
  0x000002a81fac5990 JavaThread "bStats-Metrics"                    [_thread_blocked, id=42584, stack(0x000000f921cd0000,0x000000f921dd0000) (1024K)]
  0x000002a81faca7b0 JavaThread "Folia Async Scheduler Thread #7"        [_thread_blocked, id=16628, stack(0x000000f921ed0000,0x000000f921fd0000) (1024K)]
  0x000002a81fac9810 JavaThread "Folia Async Scheduler Thread #8"        [_thread_blocked, id=39084, stack(0x000000f9224d0000,0x000000f9225d0000) (1024K)]
  0x000002a81fac9fe0 JavaThread "Folia Async Scheduler Thread #9"        [_thread_blocked, id=35196, stack(0x000000f9225d0000,0x000000f9226d0000) (1024K)]
  0x000002a81851abc0 JavaThread "Folia Async Scheduler Thread #10"        [_thread_blocked, id=11540, stack(0x000000f9226d0000,0x000000f9227d0000) (1024K)]
  0x000002a8180c2d90 JavaThread "bStats-Metrics"                    [_thread_in_native, id=51568, stack(0x000000f9227d0000,0x000000f9228d0000) (1024K)]
  0x000002a81fac6930 JavaThread "Folia Async Scheduler Thread #11"        [_thread_blocked, id=5764, stack(0x000000f921dd0000,0x000000f921ed0000) (1024K)]
  0x000002a8264788e0 JavaThread "Download-0"                 daemon [_thread_blocked, id=62788, stack(0x000000f922f00000,0x000000f923000000) (1024K)]
  0x000002a82647a050 JavaThread "Download-1"                 daemon [_thread_blocked, id=61236, stack(0x000000f923000000,0x000000f923100000) (1024K)]
  0x000002a826479880 JavaThread "Download-2"                 daemon [_thread_blocked, id=62656, stack(0x000000f923100000,0x000000f923200000) (1024K)]
  0x000002a82647b7c0 JavaThread "Download-3"                 daemon [_thread_blocked, id=55208, stack(0x000000f923200000,0x000000f923300000) (1024K)]
  0x000002a826482cf0 JavaThread "PluginUpdater Update Thread"        [_thread_blocked, id=10820, stack(0x000000f923400000,0x000000f923500000) (1024K)]
  0x000002a826483c90 JavaThread "bStats-Metrics"             daemon [_thread_blocked, id=39260, stack(0x000000f9229d0000,0x000000f922ad0000) (1024K)]
  0x000002a826485400 JavaThread "bStats-Metrics"                    [_thread_blocked, id=61416, stack(0x000000f922ad0000,0x000000f922bd0000) (1024K)]
  0x000002a81e3b7b00 JavaThread "bStats-Metrics"                    [_thread_blocked, id=31504, stack(0x000000f922e00000,0x000000f922f00000) (1024K)]
  0x000002a80dc47560 JavaThread "LiteSignIn-Pool"                   [_thread_blocked, id=53764, stack(0x000000f923900000,0x000000f923a00000) (1024K)]
  0x000002a825894b60 JavaThread "bStats-Metrics"                    [_thread_blocked, id=61184, stack(0x000000f923a00000,0x000000f923b00000) (1024K)]
  0x000002a825894390 JavaThread "bStats-Metrics"                    [_thread_blocked, id=55944, stack(0x000000f923b00000,0x000000f923c00000) (1024K)]
  0x000002a825893bc0 JavaThread "bStats-Metrics"                    [_thread_blocked, id=43884, stack(0x000000f923c00000,0x000000f923d00000) (1024K)]
  0x000002a825891c80 JavaThread "bStats-Metrics"                    [_thread_blocked, id=37236, stack(0x000000f9221d0000,0x000000f9222d0000) (1024K)]
  0x000002a825892450 JavaThread "bStats-Metrics"             daemon [_thread_blocked, id=33044, stack(0x000000f9222d0000,0x000000f9223d0000) (1024K)]
  0x000002a8258989e0 JavaThread "bStats-Metrics"                    [_thread_blocked, id=39668, stack(0x000000f9228d0000,0x000000f9229d0000) (1024K)]
  0x000002a825898210 JavaThread "bStats-Metrics"             daemon [_thread_blocked, id=42800, stack(0x000000f923500000,0x000000f923600000) (1024K)]
  0x000002a82589b0f0 JavaThread "bStats-Metrics"                    [_thread_blocked, id=39184, stack(0x000000f924000000,0x000000f924100000) (1024K)]
  0x000002a826fc9840 JavaThread "bStats-Metrics"                    [_thread_blocked, id=66388, stack(0x000000f923e00000,0x000000f923f00000) (1024K)]
  0x000002a81fae4010 JavaThread "bStats-Metrics"                    [_thread_blocked, id=35036, stack(0x000000f924d00000,0x000000f924e00000) (1024K)]
  0x000002a81fae47e0 JavaThread "Timer-2"                    daemon [_thread_blocked, id=35416, stack(0x000000f924e00000,0x000000f924f00000) (1024K)]
  0x000002a81fae3840 JavaThread "bStats-Metrics"                    [_thread_blocked, id=41048, stack(0x000000f925000000,0x000000f925100000) (1024K)]
  0x000002a820309830 JavaThread "SentryExecutorServiceThreadFactory-0" daemon [_thread_blocked, id=47548, stack(0x000000f925100000,0x000000f925200000) (1024K)]
  0x000002a82030a7d0 JavaThread "bStats-Metrics"                    [_thread_blocked, id=31456, stack(0x000000f925300000,0x000000f925400000) (1024K)]
  0x000002a81fae3070 JavaThread "bStats-Metrics"                    [_thread_blocked, id=63684, stack(0x000000f923d00000,0x000000f923e00000) (1024K)]
  0x000002a825023080 JavaThread "Dimension-Data-IO-Worker-1"        [_thread_blocked, id=40944, stack(0x000000f923f00000,0x000000f924000000) (1024K)]
  0x000002a825023850 JavaThread "Dimension-Data-IO-Worker-2"        [_thread_blocked, id=65744, stack(0x000000f924100000,0x000000f924200000) (1024K)]
  0x000002a826908460 JavaThread "Dimension-Data-IO-Worker-3"        [_thread_blocked, id=47024, stack(0x000000f924800000,0x000000f924900000) (1024K)]
  0x000002a826905d50 JavaThread "Dimension-Data-IO-Worker-4"        [_thread_blocked, id=33380, stack(0x000000f924900000,0x000000f924a00000) (1024K)]
  0x000002a82716de40 JavaThread "bStats-Metrics"                    [_thread_blocked, id=40104, stack(0x000000f924b00000,0x000000f924c00000) (1024K)]
  0x000002a820c0ff50 JavaThread "bStats-Metrics"                    [_thread_blocked, id=63084, stack(0x000000f924f00000,0x000000f925000000) (1024K)]
  0x000002a82c7dbe20 JavaThread "bStats-Metrics"                    [_thread_blocked, id=58944, stack(0x000000f924400000,0x000000f924500000) (1024K)]
  0x000002a8274a8f10 JavaThread "MVStore background writer D:/Minecraft/ÊúçÂä°Âô®/1.21.11/plugins/ajLeaderboards/cache.mv.db" daemon [_thread_blocked, id=52344, stack(0x000000f923600000,0x000000f923700000) (1024K)]
  0x000002a826760d70 JavaThread "bStats-Metrics"                    [_thread_blocked, id=41360, stack(0x000000f924200000,0x000000f924300000) (1024K)]
  0x000002a82675ee30 JavaThread "pool-76-thread-1"                  [_thread_blocked, id=37968, stack(0x000000f925800000,0x000000f925900000) (1024K)]
  0x000002a826fc9070 JavaThread "H2-serialization"           daemon [_thread_blocked, id=61600, stack(0x000000f925900000,0x000000f925a00000) (1024K)]
  0x000002a827012f50 JavaThread "H2-save"                    daemon [_thread_blocked, id=55400, stack(0x000000f925a00000,0x000000f925b00000) (1024K)]
  0x000002a82675f600 JavaThread "bStats-Metrics"                    [_thread_blocked, id=59328, stack(0x000000f925c00000,0x000000f925d00000) (1024K)]
  0x000002a826700500 JavaThread "spark-monitoring-thread"    daemon [_thread_in_native, id=43748, stack(0x000000f924500000,0x000000f924600000) (1024K)]
  0x000002a8266ff560 JavaThread "Paper Async Task Handler Thread - 0"        [_thread_blocked, id=56740, stack(0x000000f925b00000,0x000000f925c00000) (1024K)]
  0x000002a826702440 JavaThread "spark-java-sampler-0-0"            [_thread_blocked, id=33396, stack(0x000000f925e00000,0x000000f925f00000) (1024K)]
  0x000002a81fe072a0 JavaThread "spark-java-sampler-0-1"            [_thread_blocked, id=51932, stack(0x000000f925f00000,0x000000f926000000) (1024K)]
  0x000002a81fe07a70 JavaThread "spark-java-sampler-0-2"            [_thread_blocked, id=31992, stack(0x000000f926000000,0x000000f926100000) (1024K)]
  0x000002a8266ffd30 JavaThread "spark-java-sampler-0-3"            [_thread_blocked, id=7264, stack(0x000000f926100000,0x000000f926200000) (1024K)]
  0x000002a826700cd0 JavaThread "spark-java-sampler-0-4"            [_thread_blocked, id=34316, stack(0x000000f926200000,0x000000f926300000) (1024K)]
  0x000002a8266fed90 JavaThread "spark-java-sampler-0-5"            [_thread_blocked, id=27584, stack(0x000000f926500000,0x000000f926600000) (1024K)]
  0x000002a82576ed00 JavaThread "Geyser Scheduled Thread-3-1"        [_thread_blocked, id=48088, stack(0x000000f917000000,0x000000f917100000) (1024K)]
  0x000002a82576f4d0 JavaThread "Thread-48"                         [_thread_blocked, id=52100, stack(0x000000f917100000,0x000000f917200000) (1024K)]
  0x000002a827011010 JavaThread "pool-80-thread-1"                  [_thread_blocked, id=50368, stack(0x000000f91cfd0000,0x000000f91d0d0000) (1024K)]
  0x000002a8267624e0 JavaThread "GeyserServer-4-1"           daemon [_thread_in_native, id=48968, stack(0x000000f923800000,0x000000f923900000) (1024K)]
  0x000002a826761540 JavaThread "WebSocketConnectReadThread-441"        [_thread_in_native, id=2524, stack(0x000000f925600000,0x000000f925700000) (1024K)]
  0x000002a826761d10 JavaThread "bStats-Metrics"             daemon [_thread_blocked, id=8044, stack(0x000000f926300000,0x000000f926400000) (1024K)]
  0x000002a8267605a0 JavaThread "Geyser Spigot connection thread-7-1"        [_thread_blocked, id=39620, stack(0x000000f926400000,0x000000f926500000) (1024K)]
  0x000002a8202e9f90 JavaThread "Jndi-Dns-address-change-listener" daemon [_thread_in_native, id=45304, stack(0x000000f926600000,0x000000f926700000) (1024K)]
  0x000002a8202eb700 JavaThread "localSession-8-1"           daemon [_thread_blocked, id=53944, stack(0x000000f926e00000,0x000000f926f00000) (1024K)]
  0x000002a831cf8ec0 JavaThread "Geyser Spigot connection thread-7-2"        [_thread_blocked, id=68288, stack(0x000000f926f00000,0x000000f927000000) (1024K)]
  0x000002a81e327440 JavaThread "WebSocketWriteThread-448"          [_thread_blocked, id=32992, stack(0x000000f927400000,0x000000f927500000) (1024K)]
  0x000002a816d7f7c0 JavaThread "Craft Async Scheduler Management Thread"        [_thread_blocked, id=65024, stack(0x000000f927500000,0x000000f927600000) (1024K)]
  0x000002a826c73780 JavaThread "Timer-3"                           [_thread_blocked, id=32452, stack(0x000000f928e00000,0x000000f928f00000) (1024K)]
  0x000002a8260588c0 JavaThread "connectionLostChecker-1"           [_thread_blocked, id=62308, stack(0x000000f92a400000,0x000000f92a500000) (1024K)]
  0x000002a831fe9f50 JavaThread "ForkJoinPool.commonPool-delayScheduler" daemon [_thread_blocked, id=37364, stack(0x000000f925700000,0x000000f925800000) (1024K)]
  0x000002a8274a8740 JavaThread "Thread-53"                         [_thread_in_native, id=53120, stack(0x000000f92a700000,0x000000f92a800000) (1024K)]
  0x000002a827f6c830 JavaThread "BlueMap-Plugin-DaemonTimer" daemon [_thread_blocked, id=20800, stack(0x000000f92a800000,0x000000f92a900000) (1024K)]
  0x000002a8250220e0 JavaThread "BlueMap-WebbAppImpl-Timer"  daemon [_thread_blocked, id=58216, stack(0x000000f92b700000,0x000000f92b800000) (1024K)]
  0x000002a825b46d80 JavaThread "BlueMap-ProgressTracker-Timer-0" daemon [_thread_blocked, id=60156, stack(0x000000f92b800000,0x000000f92b900000) (1024K)]
  0x000002a825b47550 JavaThread "BlueMap-RenderThread-0-0"          [_thread_blocked, id=56660, stack(0x000000f92b900000,0x000000f92ba00000) (1024K)]
  0x000002a825b43ea0 JavaThread "BlueMap-RenderThread-0-1"          [_thread_blocked, id=51588, stack(0x000000f92ba00000,0x000000f92bb00000) (1024K)]
  0x000002a825b44670 JavaThread "BlueMap-RenderThread-0-2"          [_thread_blocked, id=32564, stack(0x000000f92bb00000,0x000000f92bc00000) (1024K)]
  0x000002a825b44e40 JavaThread "BlueMap-RenderThread-0-3"          [_thread_blocked, id=45176, stack(0x000000f92bc00000,0x000000f92bd00000) (1024K)]
  0x000002a825b45610 JavaThread "BlueMap-RenderThread-0-4"          [_thread_blocked, id=68028, stack(0x000000f92bd00000,0x000000f92be00000) (1024K)]
  0x000002a825b45de0 JavaThread "BlueMap-RenderThread-0-5"          [_thread_blocked, id=61612, stack(0x000000f92be00000,0x000000f92bf00000) (1024K)]
  0x000002a825b465b0 JavaThread "BlueMap-RenderThread-0-6"          [_thread_blocked, id=58212, stack(0x000000f92bf00000,0x000000f92c000000) (1024K)]
  0x000002a80f1bbde0 JavaThread "BlueMap-RenderThread-0-7"          [_thread_blocked, id=56488, stack(0x000000f92c000000,0x000000f92c100000) (1024K)]
  0x000002a80f1ba670 JavaThread "BlueMap-RenderThread-0-8"          [_thread_blocked, id=29456, stack(0x000000f92c100000,0x000000f92c200000) (1024K)]
  0x000002a80f1bae40 JavaThread "BlueMap-RenderThread-0-9"          [_thread_blocked, id=57468, stack(0x000000f92c200000,0x000000f92c300000) (1024K)]
  0x000002a80f1b8f00 JavaThread "BlueMap-RenderThread-0-10"         [_thread_blocked, id=57272, stack(0x000000f92c300000,0x000000f92c400000) (1024K)]
  0x000002a80f1bc5b0 JavaThread "BlueMap-RenderThread-0-11"         [_thread_blocked, id=59188, stack(0x000000f92c400000,0x000000f92c500000) (1024K)]
  0x000002a816d7eff0 JavaThread "TrainCarts.EffectLoopPlayer1" daemon [_thread_blocked, id=57956, stack(0x000000f924a00000,0x000000f924b00000) (1024K)]
  0x000002a80f1b96d0 JavaThread "Skript variable save thread for database 'CSV'"        [_thread_blocked, id=59960, stack(0x000000f927000000,0x000000f927100000) (1024K)]
  0x000002a80f1bb610 JavaThread "Skript variable save thread"        [_thread_blocked, id=46408, stack(0x000000f927200000,0x000000f927300000) (1024K)]
  0x000002a80f1b9ea0 JavaThread "bStats-Metrics"             daemon [_thread_blocked, id=48064, stack(0x000000f927300000,0x000000f927400000) (1024K)]
  0x000002a818010620 JavaThread "BlueMap-InstancePool-RecycleTimer" daemon [_thread_blocked, id=41196, stack(0x000000f92c800000,0x000000f92c900000) (1024K)]
  0x000002a8415bb550 JavaThread "Timer-4"                           [_thread_blocked, id=59536, stack(0x000000f92eb00000,0x000000f92ec00000) (1024K)]
  0x000002a82527f790 JavaThread "bStats-Metrics"                    [_thread_in_native, id=36696, stack(0x000000f91dfd0000,0x000000f91e0d0000) (1024K)]
  0x000002a8320aa250 JavaThread "SF-BLOCK_STORAGE-Read-Thread #0"        [_thread_blocked, id=34636, stack(0x000000f9192d0000,0x000000f9193d0000) (1024K)]
  0x000002a82c7db650 JavaThread "Paper Async Task Handler Thread - 1"        [_thread_blocked, id=33588, stack(0x000000f919ed0000,0x000000f919fd0000) (1024K)]
  0x000002a81f7772b0 JavaThread "ForkJoinPool.commonPool-worker-24" daemon [_thread_blocked, id=66708, stack(0x000000f91a8d0000,0x000000f91a9d0000) (1024K)]
  0x000002a81f7791f0 JavaThread "ForkJoinPool.commonPool-worker-25" daemon [_thread_blocked, id=64796, stack(0x000000f91a9d0000,0x000000f91aad0000) (1024K)]
  0x000002a827012780 JavaThread "ForkJoinPool.commonPool-worker-26" daemon [_thread_blocked, id=52580, stack(0x000000f91aad0000,0x000000f91abd0000) (1024K)]
  0x000002a831482dc0 JavaThread "Slimefun Profiler"                 [_thread_blocked, id=40588, stack(0x000000f91b2d0000,0x000000f91b3d0000) (1024K)]
  0x000002a832184320 JavaThread "Slimefun Profiler"                 [_thread_blocked, id=36264, stack(0x000000f91b3d0000,0x000000f91b4d0000) (1024K)]
  0x000002a8337cde50 JavaThread "UltimateShop-DB"                   [_thread_blocked, id=41908, stack(0x000000f91acd0000,0x000000f91add0000) (1024K)]
  0x000002a825019070 JavaThread "HttpClient-51-SelectorManager" daemon [_thread_in_native, id=33964, stack(0x000000f91d2d0000,0x000000f91d3d0000) (1024K)]
  0x000002a831cfa630 JavaThread "UltimateShop-DB"                   [_thread_blocked, id=41744, stack(0x000000f916a00000,0x000000f916b00000) (1024K)]
  0x000002a8415ba5b0 JavaThread "UltimateShop-DB"                   [_thread_blocked, id=66640, stack(0x000000f91c6d0000,0x000000f91c7d0000) (1024K)]
  0x000002a83cf69ed0 JavaThread "UltimateShop-DB"                   [_thread_blocked, id=61704, stack(0x000000f9212d0000,0x000000f9213d0000) (1024K)]
  0x000002a820bad340 JavaThread "UltimateShop-DB"                   [_thread_blocked, id=42452, stack(0x000000f91a1d0000,0x000000f91a2d0000) (1024K)]
  0x000002a826057920 JavaThread "UltimateShop-DB"                   [_thread_blocked, id=22068, stack(0x000000f91cbd0000,0x000000f91ccd0000) (1024K)]
  0x000002a826906520 JavaThread "UltimateShop-DB"                   [_thread_blocked, id=58104, stack(0x000000f91e9d0000,0x000000f91ead0000) (1024K)]
  0x000002a826f57c40 JavaThread "UltimateShop-DB"                   [_thread_blocked, id=34812, stack(0x000000f918dd0000,0x000000f918ed0000) (1024K)]
  0x000002a831481650 JavaThread "UltimateShop-DB"                   [_thread_blocked, id=49352, stack(0x000000f9208d0000,0x000000f9209d0000) (1024K)]
  0x000002a8320a7b40 JavaThread "UltimateShop-DB"                   [_thread_blocked, id=45212, stack(0x000000f91a7d0000,0x000000f91a8d0000) (1024K)]
  0x000002a83cf6b640 JavaThread "UltimateShop-DB"                   [_thread_blocked, id=65620, stack(0x000000f91b1d0000,0x000000f91b2d0000) (1024K)]
  0x000002a831fe9780 JavaThread "FileSystemWatchService"     daemon [_thread_in_native, id=4304, stack(0x000000f924300000,0x000000f924400000) (1024K)]
  0x000002a83cf68760 JavaThread "Thread-201"                 daemon [_thread_blocked, id=62052, stack(0x000000f924600000,0x000000f924700000) (1024K)]
  0x000002a83cf6ae70 JavaThread "FileSystemWatchService"     daemon [_thread_in_native, id=39448, stack(0x000000f924700000,0x000000f924800000) (1024K)]
  0x000002a831eef860 JavaThread "Thread-202"                 daemon [_thread_blocked, id=49764, stack(0x000000f924c00000,0x000000f924d00000) (1024K)]
  0x000002a831eee0f0 JavaThread "FileSystemWatchService"     daemon [_thread_in_native, id=49188, stack(0x000000f925200000,0x000000f925300000) (1024K)]
  0x000002a831eee8c0 JavaThread "Thread-203"                 daemon [_thread_blocked, id=51216, stack(0x000000f925400000,0x000000f925500000) (1024K)]
  0x000002a82501a7e0 JavaThread "BlueMap-RegionFileWatchService-DelayTimer" daemon [_thread_blocked, id=48492, stack(0x000000f925500000,0x000000f925600000) (1024K)]
  0x000002a82589c860 JavaThread "BlueMap-RegionFileWatchService-DelayTimer" daemon [_thread_blocked, id=36280, stack(0x000000f925d00000,0x000000f925e00000) (1024K)]
  0x000002a831eef090 JavaThread "FileSystemWatchService"     daemon [_thread_in_native, id=47332, stack(0x000000f926700000,0x000000f926800000) (1024K)]
  0x000002a836b01e30 JavaThread "Thread-204"                 daemon [_thread_blocked, id=32936, stack(0x000000f926800000,0x000000f926900000) (1024K)]
  0x000002a808960bd0 JavaThread "BlueMap-RegionFileWatchService-DelayTimer" daemon [_thread_blocked, id=33464, stack(0x000000f926900000,0x000000f926a00000) (1024K)]
  0x000002a8188e6ff0 JavaThread "BlueMap-RegionFileWatchService-DelayTimer" daemon [_thread_blocked, id=64608, stack(0x000000f926a00000,0x000000f926b00000) (1024K)]
  0x000002a825a00970 JavaThread "Craft Scheduler Thread - 206"        [_thread_blocked, id=45856, stack(0x000000f91a3d0000,0x000000f91a4d0000) (1024K)]
  0x000002a8204492e0 JavaThread "Craft Scheduler Thread - 236"        [_thread_blocked, id=41508, stack(0x000000f91afd0000,0x000000f91b0d0000) (1024K)]
  0x000002a826f58410 JavaThread "Craft Scheduler Thread - 259"        [_thread_blocked, id=34828, stack(0x000000f91abd0000,0x000000f91acd0000) (1024K)]
  0x000002a8328f6090 JavaThread "Craft Scheduler Thread - 265"        [_thread_blocked, id=63208, stack(0x000000f91b5d0000,0x000000f91b6d0000) (1024K)]
  0x000002a826f5a350 JavaThread "Craft Scheduler Thread - 268"        [_thread_blocked, id=36676, stack(0x000000f91a4d0000,0x000000f91a5d0000) (1024K)]
  0x000002a82044c1c0 JavaThread "Craft Scheduler Thread - 269"        [_thread_blocked, id=38252, stack(0x000000f9190d0000,0x000000f9191d0000) (1024K)]
  0x000002a831ef1870 JavaThread "Craft Scheduler Thread - 270"        [_thread_blocked, id=50264, stack(0x000000f9191d0000,0x000000f9192d0000) (1024K)]
  0x000002a820931110 JavaThread "Craft Scheduler Thread - 272"        [_thread_blocked, id=33352, stack(0x000000f91a6d0000,0x000000f91a7d0000) (1024K)]
  0x000002a81e20b360 JavaThread "Craft Scheduler Thread - 274"        [_thread_blocked, id=61632, stack(0x000000f91add0000,0x000000f91aed0000) (1024K)]
  0x000002a82589dfd0 JavaThread "Craft Scheduler Thread - 275"        [_thread_blocked, id=30868, stack(0x000000f917e00000,0x000000f917f00000) (1024K)]
  0x000002a8313ca660 JavaThread "Craft Scheduler Thread - 276"        [_thread_blocked, id=66612, stack(0x000000f918800000,0x000000f918900000) (1024K)]
  0x000002a816a6f4f0 JavaThread "Craft Scheduler Thread - 278"        [_thread_blocked, id=56164, stack(0x000000f917200000,0x000000f917300000) (1024K)]
  0x000002a826906cf0 JavaThread "Craft Scheduler Thread - 279"        [_thread_blocked, id=46976, stack(0x000000f91a2d0000,0x000000f91a3d0000) (1024K)]
  0x000002a8328f7030 JavaThread "Craft Scheduler Thread - 282"        [_thread_blocked, id=43208, stack(0x000000f91b0d0000,0x000000f91b1d0000) (1024K)]
  0x000002a81f7799c0 JavaThread "luckperms-worker-12"        daemon [_thread_blocked, id=85164, stack(0x000000f91aed0000,0x000000f91afd0000) (1024K)]
  0x000002a8415bbd20 JavaThread "luckperms-worker-11"        daemon [_thread_blocked, id=85248, stack(0x000000f91c5d0000,0x000000f91c6d0000) (1024K)]
  0x000002a825c7e4d0 JavaThread "luckperms-worker-15"        daemon [_thread_blocked, id=85252, stack(0x000000f91c7d0000,0x000000f91c8d0000) (1024K)]
  0x000002a83a68b480 JavaThread "luckperms-worker-14"        daemon [_thread_blocked, id=85256, stack(0x000000f91d0d0000,0x000000f91d1d0000) (1024K)]
  0x000002a82c1dd530 JavaThread "luckperms-worker-13"        daemon [_thread_blocked, id=85280, stack(0x000000f91e0d0000,0x000000f91e1d0000) (1024K)]
  0x000002a8188e8760 JavaThread "Craft Scheduler Thread - 283"        [_thread_blocked, id=85284, stack(0x000000f921ad0000,0x000000f921bd0000) (1024K)]
Total: 282

Other Threads:
  0x000002a87ace8bd0 VMThread "VM Thread"                           [id=50936, stack(0x000000f914f00000,0x000000f915000000) (1024K)]
  0x000002a87e0e09d0 WatcherThread "VM Periodic Task Thread"        [id=3420, stack(0x000000f914e00000,0x000000f914f00000) (1024K)]
  0x000002a8585c1410 WorkerThread "GC Thread#0"                     [id=44448, stack(0x000000f914900000,0x000000f914a00000) (1024K)]
  0x000002a87e5e6370 WorkerThread "GC Thread#1"                     [id=45372, stack(0x000000f915d00000,0x000000f915e00000) (1024K)]
  0x000002a87e5e67a0 WorkerThread "GC Thread#2"                     [id=26944, stack(0x000000f915e00000,0x000000f915f00000) (1024K)]
  0x000002a87e5e6bd0 WorkerThread "GC Thread#3"                     [id=5060, stack(0x000000f915f00000,0x000000f916000000) (1024K)]
  0x000002a87e3c4ef0 WorkerThread "GC Thread#4"                     [id=47612, stack(0x000000f916000000,0x000000f916100000) (1024K)]
  0x000002a87e3c5320 WorkerThread "GC Thread#5"                     [id=23304, stack(0x000000f916100000,0x000000f916200000) (1024K)]
  0x000002a87e3c5b60 WorkerThread "GC Thread#6"                     [id=57800, stack(0x000000f916200000,0x000000f916300000) (1024K)]
  0x000002a87e3c5f90 WorkerThread "GC Thread#7"                     [id=31732, stack(0x000000f916300000,0x000000f916400000) (1024K)]
  0x000002a87e3c63c0 WorkerThread "GC Thread#8"                     [id=50808, stack(0x000000f916400000,0x000000f916500000) (1024K)]
  0x000002a87e3c67f0 WorkerThread "GC Thread#9"                     [id=51404, stack(0x000000f916500000,0x000000f916600000) (1024K)]
  0x000002a87e4f7fb0 WorkerThread "GC Thread#10"                    [id=54956, stack(0x000000f916600000,0x000000f916700000) (1024K)]
  0x000002a87e5810b0 WorkerThread "GC Thread#11"                    [id=32400, stack(0x000000f916700000,0x000000f916800000) (1024K)]
  0x000002a87f9a6b20 WorkerThread "GC Thread#12"                    [id=28756, stack(0x000000f915b00000,0x000000f915c00000) (1024K)]
  0x000002a87f9a6f70 WorkerThread "GC Thread#13"                    [id=41500, stack(0x000000f915c00000,0x000000f915d00000) (1024K)]
  0x000002a87f9ab470 WorkerThread "GC Thread#14"                    [id=55244, stack(0x000000f917700000,0x000000f917800000) (1024K)]
  0x000002a87f9a8da0 WorkerThread "GC Thread#15"                    [id=44684, stack(0x000000f917800000,0x000000f917900000) (1024K)]
  0x000002a87f9aa330 WorkerThread "GC Thread#16"                    [id=51896, stack(0x000000f917d00000,0x000000f917e00000) (1024K)]
  0x000002a8052ceae0 WorkerThread "GC Thread#17"                    [id=14808, stack(0x000000f916900000,0x000000f916a00000) (1024K)]
  0x000002a87ab8e010 ConcurrentGCThread "G1 Main Marker"            [id=67508, stack(0x000000f914a00000,0x000000f914b00000) (1024K)]
  0x000002a87ab8ebb0 WorkerThread "G1 Conc#0"                       [id=27096, stack(0x000000f914b00000,0x000000f914c00000) (1024K)]
  0x000002a87f9a5140 WorkerThread "G1 Conc#1"                       [id=53404, stack(0x000000f916b00000,0x000000f916c00000) (1024K)]
  0x000002a87f9a4000 WorkerThread "G1 Conc#2"                       [id=58156, stack(0x000000f916c00000,0x000000f916d00000) (1024K)]
  0x000002a87f9a80b0 WorkerThread "G1 Conc#3"                       [id=58236, stack(0x000000f916d00000,0x000000f916e00000) (1024K)]
  0x000002a87f9a4450 WorkerThread "G1 Conc#4"                       [id=47124, stack(0x000000f917300000,0x000000f917400000) (1024K)]
  0x000002a87ac1d7d0 ConcurrentGCThread "G1 Refine#0"               [id=35368, stack(0x000000f914c00000,0x000000f914d00000) (1024K)]
  0x000002a87ac1e1e0 ConcurrentGCThread "G1 Service"                [id=61052, stack(0x000000f914d00000,0x000000f914e00000) (1024K)]
Total: 28

Threads with active compile tasks:
C2 CompilerThread0  6775378 62023       4       net.minecraft.server.MinecraftServer::processPacketsAndTick (90 bytes)
Total: 1

VM state: not at safepoint (normal execution)

VM Mutex/Monitor currently owned by a thread: None

Heap address: 0x0000000604800000, size: 8120 MB, Compressed Oops mode: Zero based, Oop shift amount: 3

CDS archive(s) mapped at: [0x0000000084000000-0x0000000084dd0000-0x0000000084dd0000), size 14483456, SharedBaseAddress: 0x0000000084000000, ArchiveRelocationMode: 1.
Compressed class space mapped at: 0x0000000085000000-0x00000000c5000000, reserved size: 1073741824
UseCompressedClassPointers 1, UseCompactObjectHeaders 0
Narrow klass pointer bits 32, Max shift 3
Narrow klass base: 0x0000000084000000, Narrow klass shift: 0
Encoding Range: [0x0000000084000000 - 0x0000000184000000), (4294967296 bytes)
Klass Range:    [0x0000000084010000 - 0x00000000c5000000), (1090453504 bytes)
Klass ID Range:  [65536 - 1090519033) (1090453497)
Protection zone: [0x0000000084000000 - 0x0000000084010000), (65536 bytes)

GC Precious Log:
 CardTable entry size: 512
 Card Set container configuration: InlinePtr #cards 4 size 8 Array Of Cards #cards 32 size 80 Howl #buckets 8 coarsen threshold 7372 Howl Bitmap #cards 1024 size 144 coarsen threshold 921 Card regions per heap region 1 cards per card region 8192
 CPUs: 24 total, 24 available
 Memory: 32471M
 Large Page Support: Disabled
 NUMA Support: Disabled
 Compressed Oops: Enabled (Zero based)
 Heap Region Size: 4M
 Heap Min Capacity: 8M
 Heap Initial Capacity: 508M
 Heap Max Capacity: 8120M
 Pre-touch: Disabled
 Parallel Workers: 18
 Concurrent Workers: 5
 Concurrent Refinement Workers: 18
 Periodic GC: Disabled

Heap:
 garbage-first heap   total reserved 8314880K, committed 3461120K, used 2732244K [0x0000000604800000, 0x0000000800000000)
  region size 4096K, 212 young (868352K), 9 survivors (36864K)

Heap Regions: E=young(eden), S=young(survivor), O=old, HS=humongous(starts), HC=humongous(continues), CS=collection set, F=free, TAMS=top-at-mark-start, PB=parsable bottom
|   0|0x0000000604800000, 0x0000000604c00000, 0x0000000604c00000|100%| O|  |TAMS 0x0000000604800000| PB 0x0000000604800000| Untracked |  0
|   1|0x0000000604c00000, 0x0000000605000000, 0x0000000605000000|100%| O|  |TAMS 0x0000000604c00000| PB 0x0000000604c00000| Untracked |  0
|   2|0x0000000605000000, 0x0000000605400000, 0x0000000605400000|100%| O|  |TAMS 0x0000000605000000| PB 0x0000000605000000| Untracked |  0
|   3|0x0000000605400000, 0x00000006057ffff8, 0x0000000605800000| 99%| O|  |TAMS 0x0000000605400000| PB 0x0000000605400000| Untracked |  0
|   4|0x0000000605800000, 0x0000000605c00000, 0x0000000605c00000|100%| O|  |TAMS 0x0000000605800000| PB 0x0000000605800000| Untracked |  0
|   5|0x0000000605c00000, 0x0000000606000000, 0x0000000606000000|100%| O|  |TAMS 0x0000000605c00000| PB 0x0000000605c00000| Untracked |  0
|   6|0x0000000606000000, 0x0000000606400000, 0x0000000606400000|100%| O|  |TAMS 0x0000000606000000| PB 0x0000000606000000| Untracked |  0
|   7|0x0000000606400000, 0x0000000606800000, 0x0000000606800000|100%| O|  |TAMS 0x0000000606400000| PB 0x0000000606400000| Untracked |  0
|   8|0x0000000606800000, 0x0000000606c00000, 0x0000000606c00000|100%| O|  |TAMS 0x0000000606800000| PB 0x0000000606800000| Untracked |  0
|   9|0x0000000606c00000, 0x0000000607000000, 0x0000000607000000|100%| O|  |TAMS 0x0000000606c00000| PB 0x0000000606c00000| Untracked |  0
|  10|0x0000000607000000, 0x0000000607400000, 0x0000000607400000|100%| O|  |TAMS 0x0000000607000000| PB 0x0000000607000000| Untracked |  0
|  11|0x0000000607400000, 0x00000006077ffff0, 0x0000000607800000| 99%| O|  |TAMS 0x0000000607400000| PB 0x0000000607400000| Untracked |  0
|  12|0x0000000607800000, 0x0000000607c00000, 0x0000000607c00000|100%| O|  |TAMS 0x0000000607800000| PB 0x0000000607800000| Untracked |  0
|  13|0x0000000607c00000, 0x0000000608000000, 0x0000000608000000|100%| O|  |TAMS 0x0000000607c00000| PB 0x0000000607c00000| Untracked |  0
|  14|0x0000000608000000, 0x00000006083fffd0, 0x0000000608400000| 99%| O|  |TAMS 0x0000000608000000| PB 0x0000000608000000| Untracked |  0
|  15|0x0000000608400000, 0x0000000608800000, 0x0000000608800000|100%| O|  |TAMS 0x0000000608400000| PB 0x0000000608400000| Untracked |  0
|  16|0x0000000608800000, 0x0000000608bffff0, 0x0000000608c00000| 99%| O|  |TAMS 0x0000000608800000| PB 0x0000000608800000| Untracked |  0
|  17|0x0000000608c00000, 0x0000000608ffff38, 0x0000000609000000| 99%| O|  |TAMS 0x0000000608c00000| PB 0x0000000608c00000| Untracked |  0
|  18|0x0000000609000000, 0x0000000609400000, 0x0000000609400000|100%| O|  |TAMS 0x0000000609000000| PB 0x0000000609000000| Untracked |  0
|  19|0x0000000609400000, 0x0000000609800000, 0x0000000609800000|100%| O|  |TAMS 0x0000000609400000| PB 0x0000000609400000| Untracked |  0
|  20|0x0000000609800000, 0x0000000609c00000, 0x0000000609c00000|100%| O|  |TAMS 0x0000000609800000| PB 0x0000000609800000| Untracked |  0
|  21|0x0000000609c00000, 0x000000060a000000, 0x000000060a000000|100%| O|  |TAMS 0x0000000609c00000| PB 0x0000000609c00000| Untracked |  0
|  22|0x000000060a000000, 0x000000060a400000, 0x000000060a400000|100%| O|  |TAMS 0x000000060a000000| PB 0x000000060a000000| Untracked |  0
|  23|0x000000060a400000, 0x000000060a800000, 0x000000060a800000|100%| O|  |TAMS 0x000000060a400000| PB 0x000000060a400000| Untracked |  0
|  24|0x000000060a800000, 0x000000060abfffe8, 0x000000060ac00000| 99%| O|  |TAMS 0x000000060a800000| PB 0x000000060a800000| Untracked |  0
|  25|0x000000060ac00000, 0x000000060affff98, 0x000000060b000000| 99%| O|  |TAMS 0x000000060ac00000| PB 0x000000060ac00000| Untracked |  0
|  26|0x000000060b000000, 0x000000060b400000, 0x000000060b400000|100%| O|  |TAMS 0x000000060b000000| PB 0x000000060b000000| Untracked |  0
|  27|0x000000060b400000, 0x000000060b800000, 0x000000060b800000|100%| O|  |TAMS 0x000000060b400000| PB 0x000000060b400000| Untracked |  0
|  28|0x000000060b800000, 0x000000060bc00000, 0x000000060bc00000|100%|HS|  |TAMS 0x000000060b800000| PB 0x000000060b800000| Complete |  0
|  29|0x000000060bc00000, 0x000000060c000000, 0x000000060c000000|100%| O|  |TAMS 0x000000060bc00000| PB 0x000000060bc00000| Untracked |  0
|  30|0x000000060c000000, 0x000000060c400000, 0x000000060c400000|100%| O|  |TAMS 0x000000060c000000| PB 0x000000060c000000| Untracked |  0
|  31|0x000000060c400000, 0x000000060c800000, 0x000000060c800000|100%|HS|  |TAMS 0x000000060c400000| PB 0x000000060c400000| Complete |  0
|  32|0x000000060c800000, 0x000000060cc00000, 0x000000060cc00000|100%| O|  |TAMS 0x000000060c800000| PB 0x000000060c800000| Untracked |  0
|  33|0x000000060cc00000, 0x000000060cffff88, 0x000000060d000000| 99%| O|  |TAMS 0x000000060cc00000| PB 0x000000060cc00000| Untracked |  0
|  34|0x000000060d000000, 0x000000060d400000, 0x000000060d400000|100%| O|  |TAMS 0x000000060d000000| PB 0x000000060d000000| Untracked |  0
|  35|0x000000060d400000, 0x000000060d800000, 0x000000060d800000|100%| O|  |TAMS 0x000000060d400000| PB 0x000000060d400000| Untracked |  0
|  36|0x000000060d800000, 0x000000060dc00000, 0x000000060dc00000|100%| O|  |TAMS 0x000000060d800000| PB 0x000000060d800000| Untracked |  0
|  37|0x000000060dc00000, 0x000000060e000000, 0x000000060e000000|100%| O|  |TAMS 0x000000060dc00000| PB 0x000000060dc00000| Untracked |  0
|  38|0x000000060e000000, 0x000000060e400000, 0x000000060e400000|100%| O|  |TAMS 0x000000060e000000| PB 0x000000060e000000| Untracked |  0
|  39|0x000000060e400000, 0x000000060e400000, 0x000000060e800000|  0%| F|  |TAMS 0x000000060e400000| PB 0x000000060e400000| Untracked |  0
|  40|0x000000060e800000, 0x000000060ebfffe8, 0x000000060ec00000| 99%| O|  |TAMS 0x000000060e800000| PB 0x000000060e800000| Untracked |  0
|  41|0x000000060ec00000, 0x000000060f000000, 0x000000060f000000|100%| O|  |TAMS 0x000000060ec00000| PB 0x000000060ec00000| Untracked |  0
|  42|0x000000060f000000, 0x000000060f3ffff8, 0x000000060f400000| 99%| O|  |TAMS 0x000000060f000000| PB 0x000000060f000000| Untracked |  0
|  43|0x000000060f400000, 0x000000060f800000, 0x000000060f800000|100%| O|  |TAMS 0x000000060f400000| PB 0x000000060f400000| Untracked |  0
|  44|0x000000060f800000, 0x000000060fc00000, 0x000000060fc00000|100%| O|  |TAMS 0x000000060f800000| PB 0x000000060f800000| Untracked |  0
|  45|0x000000060fc00000, 0x000000060fc00000, 0x0000000610000000|  0%| F|  |TAMS 0x000000060fc00000| PB 0x000000060fc00000| Untracked |  0
|  46|0x0000000610000000, 0x0000000610000000, 0x0000000610400000|  0%| F|  |TAMS 0x0000000610000000| PB 0x0000000610000000| Untracked |  0
|  47|0x0000000610400000, 0x0000000610800000, 0x0000000610800000|100%| O|  |TAMS 0x0000000610400000| PB 0x0000000610400000| Untracked |  0
|  48|0x0000000610800000, 0x0000000610c00000, 0x0000000610c00000|100%| O|  |TAMS 0x0000000610800000| PB 0x0000000610800000| Untracked |  0
|  49|0x0000000610c00000, 0x0000000611000000, 0x0000000611000000|100%| O|  |TAMS 0x0000000610c00000| PB 0x0000000610c00000| Untracked |  0
|  50|0x0000000611000000, 0x0000000611400000, 0x0000000611400000|100%| O|  |TAMS 0x0000000611000000| PB 0x0000000611000000| Untracked |  0
|  51|0x0000000611400000, 0x0000000611800000, 0x0000000611800000|100%| O|  |TAMS 0x0000000611400000| PB 0x0000000611400000| Untracked |  0
|  52|0x0000000611800000, 0x0000000611bffff8, 0x0000000611c00000| 99%| O|  |TAMS 0x0000000611800000| PB 0x0000000611800000| Untracked |  0
|  53|0x0000000611c00000, 0x0000000612000000, 0x0000000612000000|100%| O|  |TAMS 0x0000000611c00000| PB 0x0000000611c00000| Untracked |  0
|  54|0x0000000612000000, 0x0000000612000000, 0x0000000612400000|  0%| F|  |TAMS 0x0000000612000000| PB 0x0000000612000000| Untracked |  0
|  55|0x0000000612400000, 0x0000000612800000, 0x0000000612800000|100%|HS|  |TAMS 0x0000000612400000| PB 0x0000000612400000| Complete |  0
|  56|0x0000000612800000, 0x0000000612c00000, 0x0000000612c00000|100%| O|  |TAMS 0x0000000612800000| PB 0x0000000612800000| Untracked |  0
|  57|0x0000000612c00000, 0x0000000613000000, 0x0000000613000000|100%| O|  |TAMS 0x0000000612c00000| PB 0x0000000612c00000| Untracked |  0
|  58|0x0000000613000000, 0x0000000613400000, 0x0000000613400000|100%| O|  |TAMS 0x0000000613000000| PB 0x0000000613000000| Untracked |  0
|  59|0x0000000613400000, 0x00000006137fdcc8, 0x0000000613800000| 99%| O|  |TAMS 0x0000000613400000| PB 0x0000000613400000| Untracked |  0
|  60|0x0000000613800000, 0x0000000613c00000, 0x0000000613c00000|100%| O|  |TAMS 0x0000000613800000| PB 0x0000000613800000| Untracked |  0
|  61|0x0000000613c00000, 0x0000000614000000, 0x0000000614000000|100%| O|  |TAMS 0x0000000613c00000| PB 0x0000000613c00000| Untracked |  0
|  62|0x0000000614000000, 0x00000006143f07d0, 0x0000000614400000| 98%| O|  |TAMS 0x0000000614000000| PB 0x0000000614000000| Untracked |  0
|  63|0x0000000614400000, 0x0000000614800000, 0x0000000614800000|100%| O|  |TAMS 0x0000000614400000| PB 0x0000000614400000| Untracked |  0
|  64|0x0000000614800000, 0x0000000614c00000, 0x0000000614c00000|100%| O|  |TAMS 0x0000000614800000| PB 0x0000000614800000| Untracked |  0
|  65|0x0000000614c00000, 0x0000000614fffff0, 0x0000000615000000| 99%| O|  |TAMS 0x0000000614c00000| PB 0x0000000614c00000| Untracked |  0
|  66|0x0000000615000000, 0x0000000615400000, 0x0000000615400000|100%| O|  |TAMS 0x0000000615000000| PB 0x0000000615000000| Untracked |  0
|  67|0x0000000615400000, 0x0000000615800000, 0x0000000615800000|100%| O|  |TAMS 0x0000000615400000| PB 0x0000000615400000| Untracked |  0
|  68|0x0000000615800000, 0x0000000615c00000, 0x0000000615c00000|100%| O|  |TAMS 0x0000000615800000| PB 0x0000000615800000| Untracked |  0
|  69|0x0000000615c00000, 0x0000000616000000, 0x0000000616000000|100%| O|  |TAMS 0x0000000615c00000| PB 0x0000000615c00000| Untracked |  0
|  70|0x0000000616000000, 0x0000000616400000, 0x0000000616400000|100%| O|  |TAMS 0x0000000616000000| PB 0x0000000616000000| Untracked |  0
|  71|0x0000000616400000, 0x0000000616800000, 0x0000000616800000|100%| O|  |TAMS 0x0000000616400000| PB 0x0000000616400000| Untracked |  0
|  72|0x0000000616800000, 0x0000000616c00000, 0x0000000616c00000|100%| O|  |TAMS 0x0000000616800000| PB 0x0000000616800000| Untracked |  0
|  73|0x0000000616c00000, 0x0000000617000000, 0x0000000617000000|100%| O|  |TAMS 0x0000000616c00000| PB 0x0000000616c00000| Untracked |  0
|  74|0x0000000617000000, 0x0000000617400000, 0x0000000617400000|100%| O|  |TAMS 0x0000000617000000| PB 0x0000000617000000| Untracked |  0
|  75|0x0000000617400000, 0x0000000617800000, 0x0000000617800000|100%| O|  |TAMS 0x0000000617400000| PB 0x0000000617400000| Untracked |  0
|  76|0x0000000617800000, 0x0000000617c00000, 0x0000000617c00000|100%| O|  |TAMS 0x0000000617800000| PB 0x0000000617800000| Untracked |  0
|  77|0x0000000617c00000, 0x0000000618000000, 0x0000000618000000|100%| O|  |TAMS 0x0000000617c00000| PB 0x0000000617c00000| Untracked |  0
|  78|0x0000000618000000, 0x0000000618400000, 0x0000000618400000|100%| O|  |TAMS 0x0000000618000000| PB 0x0000000618000000| Untracked |  0
|  79|0x0000000618400000, 0x0000000618800000, 0x0000000618800000|100%| O|  |TAMS 0x0000000618400000| PB 0x0000000618400000| Untracked |  0
|  80|0x0000000618800000, 0x0000000618bfffe0, 0x0000000618c00000| 99%| O|  |TAMS 0x0000000618800000| PB 0x0000000618800000| Untracked |  0
|  81|0x0000000618c00000, 0x0000000618fffff8, 0x0000000619000000| 99%| O|  |TAMS 0x0000000618c00000| PB 0x0000000618c00000| Untracked |  0
|  82|0x0000000619000000, 0x00000006193fffe8, 0x0000000619400000| 99%| O|  |TAMS 0x0000000619000000| PB 0x0000000619000000| Untracked |  0
|  83|0x0000000619400000, 0x00000006197ffff8, 0x0000000619800000| 99%| O|  |TAMS 0x0000000619400000| PB 0x0000000619400000| Untracked |  0
|  84|0x0000000619800000, 0x0000000619c00000, 0x0000000619c00000|100%| O|  |TAMS 0x0000000619800000| PB 0x0000000619800000| Untracked |  0
|  85|0x0000000619c00000, 0x0000000619f690f0, 0x000000061a000000| 85%| O|  |TAMS 0x0000000619c00000| PB 0x0000000619c00000| Untracked |  0
|  86|0x000000061a000000, 0x000000061a3ffff8, 0x000000061a400000| 99%| O|  |TAMS 0x000000061a000000| PB 0x000000061a000000| Untracked |  0
|  87|0x000000061a400000, 0x000000061a800000, 0x000000061a800000|100%| O|  |TAMS 0x000000061a400000| PB 0x000000061a400000| Untracked |  0
|  88|0x000000061a800000, 0x000000061ac00000, 0x000000061ac00000|100%| O|  |TAMS 0x000000061a800000| PB 0x000000061a800000| Untracked |  0
|  89|0x000000061ac00000, 0x000000061afffff8, 0x000000061b000000| 99%| O|  |TAMS 0x000000061ac00000| PB 0x000000061ac00000| Untracked |  0
|  90|0x000000061b000000, 0x000000061b3fffe8, 0x000000061b400000| 99%| O|  |TAMS 0x000000061b000000| PB 0x000000061b000000| Untracked |  0
|  91|0x000000061b400000, 0x000000061b800000, 0x000000061b800000|100%| O|  |TAMS 0x000000061b400000| PB 0x000000061b400000| Untracked |  0
|  92|0x000000061b800000, 0x000000061bc00000, 0x000000061bc00000|100%| O|  |TAMS 0x000000061b800000| PB 0x000000061b800000| Untracked |  0
|  93|0x000000061bc00000, 0x000000061c000000, 0x000000061c000000|100%| O|  |TAMS 0x000000061bc00000| PB 0x000000061bc00000| Untracked |  0
|  94|0x000000061c000000, 0x000000061c400000, 0x000000061c400000|100%| O|  |TAMS 0x000000061c000000| PB 0x000000061c000000| Untracked |  0
|  95|0x000000061c400000, 0x000000061c800000, 0x000000061c800000|100%| O|  |TAMS 0x000000061c400000| PB 0x000000061c400000| Untracked |  0
|  96|0x000000061c800000, 0x000000061cc00000, 0x000000061cc00000|100%| O|  |TAMS 0x000000061c800000| PB 0x000000061c800000| Untracked |  0
|  97|0x000000061cc00000, 0x000000061d000000, 0x000000061d000000|100%| O|  |TAMS 0x000000061cc00000| PB 0x000000061cc00000| Untracked |  0
|  98|0x000000061d000000, 0x000000061d400000, 0x000000061d400000|100%| O|  |TAMS 0x000000061d000000| PB 0x000000061d000000| Untracked |  0
|  99|0x000000061d400000, 0x000000061d800000, 0x000000061d800000|100%| O|  |TAMS 0x000000061d400000| PB 0x000000061d400000| Untracked |  0
| 100|0x000000061d800000, 0x000000061dc00000, 0x000000061dc00000|100%| O|  |TAMS 0x000000061d800000| PB 0x000000061d800000| Untracked |  0
| 101|0x000000061dc00000, 0x000000061e000000, 0x000000061e000000|100%| O|  |TAMS 0x000000061dc00000| PB 0x000000061dc00000| Untracked |  0
| 102|0x000000061e000000, 0x000000061e400000, 0x000000061e400000|100%| O|  |TAMS 0x000000061e000000| PB 0x000000061e000000| Untracked |  0
| 103|0x000000061e400000, 0x000000061e800000, 0x000000061e800000|100%| O|  |TAMS 0x000000061e400000| PB 0x000000061e400000| Untracked |  0
| 104|0x000000061e800000, 0x000000061ec00000, 0x000000061ec00000|100%| O|  |TAMS 0x000000061e800000| PB 0x000000061e800000| Untracked |  0
| 105|0x000000061ec00000, 0x000000061f000000, 0x000000061f000000|100%| O|  |TAMS 0x000000061ec00000| PB 0x000000061ec00000| Untracked |  0
| 106|0x000000061f000000, 0x000000061f400000, 0x000000061f400000|100%| O|  |TAMS 0x000000061f000000| PB 0x000000061f000000| Untracked |  0
| 107|0x000000061f400000, 0x000000061f7fffe8, 0x000000061f800000| 99%| O|  |TAMS 0x000000061f400000| PB 0x000000061f400000| Untracked |  0
| 108|0x000000061f800000, 0x000000061fc00000, 0x000000061fc00000|100%| O|  |TAMS 0x000000061f800000| PB 0x000000061f800000| Untracked |  0
| 109|0x000000061fc00000, 0x0000000620000000, 0x0000000620000000|100%| O|  |TAMS 0x000000061fc00000| PB 0x000000061fc00000| Untracked |  0
| 110|0x0000000620000000, 0x0000000620400000, 0x0000000620400000|100%| O|  |TAMS 0x0000000620000000| PB 0x0000000620000000| Untracked |  0
| 111|0x0000000620400000, 0x00000006207f77a0, 0x0000000620800000| 99%| O|  |TAMS 0x0000000620400000| PB 0x0000000620400000| Untracked |  0
| 112|0x0000000620800000, 0x0000000620c00000, 0x0000000620c00000|100%| O|  |TAMS 0x0000000620800000| PB 0x0000000620800000| Untracked |  0
| 113|0x0000000620c00000, 0x0000000620fef7d8, 0x0000000621000000| 98%| O|  |TAMS 0x0000000620c00000| PB 0x0000000620c00000| Untracked |  0
| 114|0x0000000621000000, 0x0000000621400000, 0x0000000621400000|100%| O|  |TAMS 0x0000000621000000| PB 0x0000000621000000| Untracked |  0
| 115|0x0000000621400000, 0x00000006217fffc0, 0x0000000621800000| 99%| O|  |TAMS 0x0000000621400000| PB 0x0000000621400000| Untracked |  0
| 116|0x0000000621800000, 0x0000000621bfffd0, 0x0000000621c00000| 99%| O|  |TAMS 0x0000000621800000| PB 0x0000000621800000| Untracked |  0
| 117|0x0000000621c00000, 0x0000000622000000, 0x0000000622000000|100%| O|  |TAMS 0x0000000621c00000| PB 0x0000000621c00000| Untracked |  0
| 118|0x0000000622000000, 0x00000006223f1608, 0x0000000622400000| 98%| O|  |TAMS 0x0000000622000000| PB 0x0000000622000000| Untracked |  0
| 119|0x0000000622400000, 0x0000000622800000, 0x0000000622800000|100%| O|  |TAMS 0x0000000622400000| PB 0x0000000622400000| Untracked |  0
| 120|0x0000000622800000, 0x0000000622c00000, 0x0000000622c00000|100%| O|  |TAMS 0x0000000622800000| PB 0x0000000622800000| Untracked |  0
| 121|0x0000000622c00000, 0x0000000623000000, 0x0000000623000000|100%| O|  |TAMS 0x0000000622c00000| PB 0x0000000622c00000| Untracked |  0
| 122|0x0000000623000000, 0x0000000623400000, 0x0000000623400000|100%| O|  |TAMS 0x0000000623000000| PB 0x0000000623000000| Untracked |  0
| 123|0x0000000623400000, 0x0000000623800000, 0x0000000623800000|100%| O|  |TAMS 0x0000000623400000| PB 0x0000000623400000| Untracked |  0
| 124|0x0000000623800000, 0x0000000623c00000, 0x0000000623c00000|100%| O|  |TAMS 0x0000000623800000| PB 0x0000000623800000| Untracked |  0
| 125|0x0000000623c00000, 0x0000000624000000, 0x0000000624000000|100%| O|  |TAMS 0x0000000623c00000| PB 0x0000000623c00000| Untracked |  0
| 126|0x0000000624000000, 0x0000000624400000, 0x0000000624400000|100%| O|  |TAMS 0x0000000624000000| PB 0x0000000624000000| Untracked |  0
| 127|0x0000000624400000, 0x0000000624800000, 0x0000000624800000|100%|HS|  |TAMS 0x0000000624400000| PB 0x0000000624400000| Complete |  0
| 128|0x0000000624800000, 0x0000000624bfec78, 0x0000000624c00000| 99%| O|  |TAMS 0x0000000624800000| PB 0x0000000624800000| Untracked |  0
| 129|0x0000000624c00000, 0x0000000625000000, 0x0000000625000000|100%|HS|  |TAMS 0x0000000624c00000| PB 0x0000000624c00000| Untracked |  0
| 130|0x0000000625000000, 0x00000006253ed0e8, 0x0000000625400000| 98%| O|  |TAMS 0x0000000625000000| PB 0x0000000625000000| Untracked |  0
| 131|0x0000000625400000, 0x00000006257fffe8, 0x0000000625800000| 99%| O|  |TAMS 0x0000000625400000| PB 0x0000000625400000| Untracked |  0
| 132|0x0000000625800000, 0x0000000625bc2090, 0x0000000625c00000| 93%| O|  |TAMS 0x0000000625800000| PB 0x0000000625800000| Untracked |  0
| 133|0x0000000625c00000, 0x0000000626000000, 0x0000000626000000|100%| O|  |TAMS 0x0000000625c00000| PB 0x0000000625c00000| Untracked |  0
| 134|0x0000000626000000, 0x0000000626400000, 0x0000000626400000|100%| O|  |TAMS 0x0000000626000000| PB 0x0000000626000000| Untracked |  0
| 135|0x0000000626400000, 0x0000000626800000, 0x0000000626800000|100%| O|  |TAMS 0x0000000626400000| PB 0x0000000626400000| Untracked |  0
| 136|0x0000000626800000, 0x0000000626c00000, 0x0000000626c00000|100%| O|  |TAMS 0x0000000626800000| PB 0x0000000626800000| Untracked |  0
| 137|0x0000000626c00000, 0x0000000627000000, 0x0000000627000000|100%| O|  |TAMS 0x0000000626c00000| PB 0x0000000626c00000| Untracked |  0
| 138|0x0000000627000000, 0x0000000627400000, 0x0000000627400000|100%| O|  |TAMS 0x0000000627000000| PB 0x0000000627000000| Untracked |  0
| 139|0x0000000627400000, 0x0000000627800000, 0x0000000627800000|100%| O|  |TAMS 0x0000000627400000| PB 0x0000000627400000| Untracked |  0
| 140|0x0000000627800000, 0x0000000627c00000, 0x0000000627c00000|100%| O|  |TAMS 0x0000000627800000| PB 0x0000000627800000| Untracked |  0
| 141|0x0000000627c00000, 0x0000000628000000, 0x0000000628000000|100%| O|  |TAMS 0x0000000627c00000| PB 0x0000000627c00000| Untracked |  0
| 142|0x0000000628000000, 0x0000000628400000, 0x0000000628400000|100%| O|  |TAMS 0x0000000628000000| PB 0x0000000628000000| Untracked |  0
| 143|0x0000000628400000, 0x0000000628800000, 0x0000000628800000|100%| O|  |TAMS 0x0000000628400000| PB 0x0000000628400000| Untracked |  0
| 144|0x0000000628800000, 0x0000000628c00000, 0x0000000628c00000|100%| O|  |TAMS 0x0000000628800000| PB 0x0000000628800000| Untracked |  0
| 145|0x0000000628c00000, 0x0000000629000000, 0x0000000629000000|100%| O|  |TAMS 0x0000000628c00000| PB 0x0000000628c00000| Untracked |  0
| 146|0x0000000629000000, 0x0000000629400000, 0x0000000629400000|100%| O|  |TAMS 0x0000000629000000| PB 0x0000000629000000| Untracked |  0
| 147|0x0000000629400000, 0x0000000629800000, 0x0000000629800000|100%| O|  |TAMS 0x0000000629400000| PB 0x0000000629400000| Untracked |  0
| 148|0x0000000629800000, 0x0000000629c00000, 0x0000000629c00000|100%| O|  |TAMS 0x0000000629800000| PB 0x0000000629800000| Untracked |  0
| 149|0x0000000629c00000, 0x000000062a000000, 0x000000062a000000|100%| O|  |TAMS 0x0000000629c00000| PB 0x0000000629c00000| Untracked |  0
| 150|0x000000062a000000, 0x000000062a400000, 0x000000062a400000|100%| O|  |TAMS 0x000000062a000000| PB 0x000000062a000000| Untracked |  0
| 151|0x000000062a400000, 0x000000062a800000, 0x000000062a800000|100%| O|  |TAMS 0x000000062a400000| PB 0x000000062a400000| Untracked |  0
| 152|0x000000062a800000, 0x000000062ac00000, 0x000000062ac00000|100%| O|  |TAMS 0x000000062a800000| PB 0x000000062a800000| Untracked |  0
| 153|0x000000062ac00000, 0x000000062b000000, 0x000000062b000000|100%| O|  |TAMS 0x000000062ac00000| PB 0x000000062ac00000| Untracked |  0
| 154|0x000000062b000000, 0x000000062b400000, 0x000000062b400000|100%| O|  |TAMS 0x000000062b000000| PB 0x000000062b000000| Untracked |  0
| 155|0x000000062b400000, 0x000000062b7fffe0, 0x000000062b800000| 99%| O|  |TAMS 0x000000062b400000| PB 0x000000062b400000| Untracked |  0
| 156|0x000000062b800000, 0x000000062bc00000, 0x000000062bc00000|100%| O|  |TAMS 0x000000062b800000| PB 0x000000062b800000| Untracked |  0
| 157|0x000000062bc00000, 0x000000062c000000, 0x000000062c000000|100%| O|  |TAMS 0x000000062bc00000| PB 0x000000062bc00000| Untracked |  0
| 158|0x000000062c000000, 0x000000062c400000, 0x000000062c400000|100%| O|  |TAMS 0x000000062c000000| PB 0x000000062c000000| Untracked |  0
| 159|0x000000062c400000, 0x000000062c800000, 0x000000062c800000|100%| O|  |TAMS 0x000000062c400000| PB 0x000000062c400000| Untracked |  0
| 160|0x000000062c800000, 0x000000062cc00000, 0x000000062cc00000|100%| O|  |TAMS 0x000000062c800000| PB 0x000000062c800000| Untracked |  0
| 161|0x000000062cc00000, 0x000000062d000000, 0x000000062d000000|100%| O|  |TAMS 0x000000062cc00000| PB 0x000000062cc00000| Untracked |  0
| 162|0x000000062d000000, 0x000000062d400000, 0x000000062d400000|100%| O|  |TAMS 0x000000062d000000| PB 0x000000062d000000| Untracked |  0
| 163|0x000000062d400000, 0x000000062d800000, 0x000000062d800000|100%| O|  |TAMS 0x000000062d400000| PB 0x000000062d400000| Untracked |  0
| 164|0x000000062d800000, 0x000000062dc00000, 0x000000062dc00000|100%| O|  |TAMS 0x000000062d800000| PB 0x000000062d800000| Untracked |  0
| 165|0x000000062dc00000, 0x000000062e000000, 0x000000062e000000|100%| O|  |TAMS 0x000000062dc00000| PB 0x000000062dc00000| Untracked |  0
| 166|0x000000062e000000, 0x000000062e400000, 0x000000062e400000|100%| O|  |TAMS 0x000000062e000000| PB 0x000000062e000000| Untracked |  0
| 167|0x000000062e400000, 0x000000062e7fffd8, 0x000000062e800000| 99%| O|  |TAMS 0x000000062e400000| PB 0x000000062e400000| Untracked |  0
| 168|0x000000062e800000, 0x000000062ebffff8, 0x000000062ec00000| 99%| O|  |TAMS 0x000000062e800000| PB 0x000000062e800000| Untracked |  0
| 169|0x000000062ec00000, 0x000000062f000000, 0x000000062f000000|100%| O|  |TAMS 0x000000062ec00000| PB 0x000000062ec00000| Untracked |  0
| 170|0x000000062f000000, 0x000000062f3ffff0, 0x000000062f400000| 99%| O|  |TAMS 0x000000062f000000| PB 0x000000062f000000| Untracked |  0
| 171|0x000000062f400000, 0x000000062f800000, 0x000000062f800000|100%| O|  |TAMS 0x000000062f400000| PB 0x000000062f400000| Untracked |  0
| 172|0x000000062f800000, 0x000000062fc00000, 0x000000062fc00000|100%| O|  |TAMS 0x000000062f800000| PB 0x000000062f800000| Untracked |  0
| 173|0x000000062fc00000, 0x000000062fd51e68, 0x0000000630000000| 32%| O|  |TAMS 0x000000062fc00000| PB 0x000000062fc00000| Untracked |  0
| 174|0x0000000630000000, 0x0000000630400000, 0x0000000630400000|100%| O|  |TAMS 0x0000000630000000| PB 0x0000000630000000| Untracked |  0
| 175|0x0000000630400000, 0x0000000630800000, 0x0000000630800000|100%| O|  |TAMS 0x0000000630400000| PB 0x0000000630400000| Untracked |  0
| 176|0x0000000630800000, 0x0000000630c00000, 0x0000000630c00000|100%| O|  |TAMS 0x0000000630800000| PB 0x0000000630800000| Untracked |  0
| 177|0x0000000630c00000, 0x0000000630fffff0, 0x0000000631000000| 99%| O|  |TAMS 0x0000000630c00000| PB 0x0000000630c00000| Untracked |  0
| 178|0x0000000631000000, 0x0000000631400000, 0x0000000631400000|100%| O|  |TAMS 0x0000000631000000| PB 0x0000000631000000| Untracked |  0
| 179|0x0000000631400000, 0x00000006317ffff0, 0x0000000631800000| 99%| O|  |TAMS 0x0000000631400000| PB 0x0000000631400000| Untracked |  0
| 180|0x0000000631800000, 0x0000000631bffff0, 0x0000000631c00000| 99%| O|  |TAMS 0x0000000631800000| PB 0x0000000631800000| Untracked |  0
| 181|0x0000000631c00000, 0x0000000632000000, 0x0000000632000000|100%| O|  |TAMS 0x0000000631c00000| PB 0x0000000631c00000| Untracked |  0
| 182|0x0000000632000000, 0x0000000632400000, 0x0000000632400000|100%| O|  |TAMS 0x0000000632000000| PB 0x0000000632000000| Untracked |  0
| 183|0x0000000632400000, 0x00000006327ffff8, 0x0000000632800000| 99%| O|  |TAMS 0x0000000632400000| PB 0x0000000632400000| Untracked |  0
| 184|0x0000000632800000, 0x0000000632bbf348, 0x0000000632c00000| 93%| O|  |TAMS 0x0000000632800000| PB 0x0000000632800000| Untracked |  0
| 185|0x0000000632c00000, 0x0000000633000000, 0x0000000633000000|100%| O|  |TAMS 0x0000000632c00000| PB 0x0000000632c00000| Untracked |  0
| 186|0x0000000633000000, 0x0000000633400000, 0x0000000633400000|100%| O|  |TAMS 0x0000000633000000| PB 0x0000000633000000| Untracked |  0
| 187|0x0000000633400000, 0x0000000633800000, 0x0000000633800000|100%| O|  |TAMS 0x0000000633400000| PB 0x0000000633400000| Untracked |  0
| 188|0x0000000633800000, 0x0000000633c00000, 0x0000000633c00000|100%| O|  |TAMS 0x0000000633800000| PB 0x0000000633800000| Untracked |  0
| 189|0x0000000633c00000, 0x0000000634000000, 0x0000000634000000|100%| O|  |TAMS 0x0000000633c00000| PB 0x0000000633c00000| Untracked |  0
| 190|0x0000000634000000, 0x0000000634400000, 0x0000000634400000|100%| O|  |TAMS 0x0000000634000000| PB 0x0000000634000000| Untracked |  0
| 191|0x0000000634400000, 0x0000000634800000, 0x0000000634800000|100%| O|  |TAMS 0x0000000634400000| PB 0x0000000634400000| Untracked |  0
| 192|0x0000000634800000, 0x0000000634c00000, 0x0000000634c00000|100%| O|  |TAMS 0x0000000634800000| PB 0x0000000634800000| Untracked |  0
| 193|0x0000000634c00000, 0x0000000635000000, 0x0000000635000000|100%|HS|  |TAMS 0x0000000634c00000| PB 0x0000000634c00000| Complete |  0
| 194|0x0000000635000000, 0x0000000635400000, 0x0000000635400000|100%|HC|  |TAMS 0x0000000635000000| PB 0x0000000635000000| Complete |  0
| 195|0x0000000635400000, 0x0000000635800000, 0x0000000635800000|100%|HC|  |TAMS 0x0000000635400000| PB 0x0000000635400000| Complete |  0
| 196|0x0000000635800000, 0x0000000635c00000, 0x0000000635c00000|100%|HC|  |TAMS 0x0000000635800000| PB 0x0000000635800000| Complete |  0
| 197|0x0000000635c00000, 0x0000000636000000, 0x0000000636000000|100%|HC|  |TAMS 0x0000000635c00000| PB 0x0000000635c00000| Complete |  0
| 198|0x0000000636000000, 0x0000000636400000, 0x0000000636400000|100%| O|  |TAMS 0x0000000636000000| PB 0x0000000636000000| Untracked |  0
| 199|0x0000000636400000, 0x0000000636800000, 0x0000000636800000|100%| O|  |TAMS 0x0000000636400000| PB 0x0000000636400000| Untracked |  0
| 200|0x0000000636800000, 0x0000000636c00000, 0x0000000636c00000|100%| O|  |TAMS 0x0000000636800000| PB 0x0000000636800000| Untracked |  0
| 201|0x0000000636c00000, 0x0000000637000000, 0x0000000637000000|100%| O|  |TAMS 0x0000000636c00000| PB 0x0000000636c00000| Untracked |  0
| 202|0x0000000637000000, 0x0000000637400000, 0x0000000637400000|100%| O|  |TAMS 0x0000000637000000| PB 0x0000000637000000| Untracked |  0
| 203|0x0000000637400000, 0x0000000637800000, 0x0000000637800000|100%| O|  |TAMS 0x0000000637400000| PB 0x0000000637400000| Untracked |  0
| 204|0x0000000637800000, 0x0000000637c00000, 0x0000000637c00000|100%| O|  |TAMS 0x0000000637800000| PB 0x0000000637800000| Untracked |  0
| 205|0x0000000637c00000, 0x0000000638000000, 0x0000000638000000|100%| O|  |TAMS 0x0000000637c00000| PB 0x0000000637c00000| Untracked |  0
| 206|0x0000000638000000, 0x0000000638400000, 0x0000000638400000|100%| O|  |TAMS 0x0000000638000000| PB 0x0000000638000000| Untracked |  0
| 207|0x0000000638400000, 0x0000000638800000, 0x0000000638800000|100%| O|  |TAMS 0x0000000638400000| PB 0x0000000638400000| Untracked |  0
| 208|0x0000000638800000, 0x0000000638c00000, 0x0000000638c00000|100%| O|  |TAMS 0x0000000638800000| PB 0x0000000638800000| Untracked |  0
| 209|0x0000000638c00000, 0x0000000639000000, 0x0000000639000000|100%| O|  |TAMS 0x0000000638c00000| PB 0x0000000638c00000| Untracked |  0
| 210|0x0000000639000000, 0x0000000639400000, 0x0000000639400000|100%| O|  |TAMS 0x0000000639000000| PB 0x0000000639000000| Untracked |  0
| 211|0x0000000639400000, 0x0000000639800000, 0x0000000639800000|100%| O|  |TAMS 0x0000000639400000| PB 0x0000000639400000| Untracked |  0
| 212|0x0000000639800000, 0x0000000639c00000, 0x0000000639c00000|100%| O|  |TAMS 0x0000000639800000| PB 0x0000000639800000| Untracked |  0
| 213|0x0000000639c00000, 0x000000063a000000, 0x000000063a000000|100%| O|  |TAMS 0x0000000639c00000| PB 0x0000000639c00000| Untracked |  0
| 214|0x000000063a000000, 0x000000063a400000, 0x000000063a400000|100%| O|  |TAMS 0x000000063a000000| PB 0x000000063a000000| Untracked |  0
| 215|0x000000063a400000, 0x000000063a800000, 0x000000063a800000|100%| O|  |TAMS 0x000000063a400000| PB 0x000000063a400000| Untracked |  0
| 216|0x000000063a800000, 0x000000063ac00000, 0x000000063ac00000|100%| O|  |TAMS 0x000000063a800000| PB 0x000000063a800000| Untracked |  0
| 217|0x000000063ac00000, 0x000000063b000000, 0x000000063b000000|100%| O|  |TAMS 0x000000063ac00000| PB 0x000000063ac00000| Untracked |  0
| 218|0x000000063b000000, 0x000000063b400000, 0x000000063b400000|100%| O|  |TAMS 0x000000063b000000| PB 0x000000063b000000| Untracked |  0
| 219|0x000000063b400000, 0x000000063b800000, 0x000000063b800000|100%| O|  |TAMS 0x000000063b400000| PB 0x000000063b400000| Untracked |  0
| 220|0x000000063b800000, 0x000000063bc00000, 0x000000063bc00000|100%| O|  |TAMS 0x000000063b800000| PB 0x000000063b800000| Untracked |  0
| 221|0x000000063bc00000, 0x000000063c000000, 0x000000063c000000|100%| O|  |TAMS 0x000000063bc00000| PB 0x000000063bc00000| Untracked |  0
| 222|0x000000063c000000, 0x000000063c400000, 0x000000063c400000|100%| O|  |TAMS 0x000000063c000000| PB 0x000000063c000000| Untracked |  0
| 223|0x000000063c400000, 0x000000063c800000, 0x000000063c800000|100%| O|  |TAMS 0x000000063c400000| PB 0x000000063c400000| Untracked |  0
| 224|0x000000063c800000, 0x000000063cc00000, 0x000000063cc00000|100%| O|  |TAMS 0x000000063c800000| PB 0x000000063c800000| Untracked |  0
| 225|0x000000063cc00000, 0x000000063d000000, 0x000000063d000000|100%| O|  |TAMS 0x000000063cc00000| PB 0x000000063cc00000| Untracked |  0
| 226|0x000000063d000000, 0x000000063d400000, 0x000000063d400000|100%| O|  |TAMS 0x000000063d000000| PB 0x000000063d000000| Untracked |  0
| 227|0x000000063d400000, 0x000000063d800000, 0x000000063d800000|100%| O|  |TAMS 0x000000063d400000| PB 0x000000063d400000| Untracked |  0
| 228|0x000000063d800000, 0x000000063dc00000, 0x000000063dc00000|100%| O|  |TAMS 0x000000063d800000| PB 0x000000063d800000| Untracked |  0
| 229|0x000000063dc00000, 0x000000063e000000, 0x000000063e000000|100%| O|  |TAMS 0x000000063dc00000| PB 0x000000063dc00000| Untracked |  0
| 230|0x000000063e000000, 0x000000063e400000, 0x000000063e400000|100%| O|  |TAMS 0x000000063e000000| PB 0x000000063e000000| Untracked |  0
| 231|0x000000063e400000, 0x000000063e800000, 0x000000063e800000|100%| O|  |TAMS 0x000000063e400000| PB 0x000000063e400000| Untracked |  0
| 232|0x000000063e800000, 0x000000063ec00000, 0x000000063ec00000|100%| O|  |TAMS 0x000000063e800000| PB 0x000000063e800000| Untracked |  0
| 233|0x000000063ec00000, 0x000000063f000000, 0x000000063f000000|100%| O|  |TAMS 0x000000063ec00000| PB 0x000000063ec00000| Untracked |  0
| 234|0x000000063f000000, 0x000000063f3ffff0, 0x000000063f400000| 99%| O|  |TAMS 0x000000063f000000| PB 0x000000063f000000| Untracked |  0
| 235|0x000000063f400000, 0x000000063f7ffff0, 0x000000063f800000| 99%| O|  |TAMS 0x000000063f400000| PB 0x000000063f400000| Untracked |  0
| 236|0x000000063f800000, 0x000000063fae4718, 0x000000063fc00000| 72%| O|  |TAMS 0x000000063f800000| PB 0x000000063f800000| Untracked |  0
| 237|0x000000063fc00000, 0x000000063ffff0b8, 0x0000000640000000| 99%| O|  |TAMS 0x000000063fc00000| PB 0x000000063fc00000| Untracked |  0
| 238|0x0000000640000000, 0x0000000640310e88, 0x0000000640400000| 76%| O|  |TAMS 0x0000000640000000| PB 0x0000000640000000| Untracked |  0
| 239|0x0000000640400000, 0x0000000640800000, 0x0000000640800000|100%| O|  |TAMS 0x0000000640400000| PB 0x0000000640400000| Untracked |  0
| 240|0x0000000640800000, 0x0000000640c00000, 0x0000000640c00000|100%| O|  |TAMS 0x0000000640800000| PB 0x0000000640800000| Untracked |  0
| 241|0x0000000640c00000, 0x0000000641000000, 0x0000000641000000|100%| O|  |TAMS 0x0000000640c00000| PB 0x0000000640c00000| Untracked |  0
| 242|0x0000000641000000, 0x0000000641400000, 0x0000000641400000|100%| O|  |TAMS 0x0000000641000000| PB 0x0000000641000000| Untracked |  0
| 243|0x0000000641400000, 0x0000000641800000, 0x0000000641800000|100%| O|  |TAMS 0x0000000641400000| PB 0x0000000641400000| Untracked |  0
| 244|0x0000000641800000, 0x0000000641c00000, 0x0000000641c00000|100%| O|  |TAMS 0x0000000641800000| PB 0x0000000641800000| Untracked |  0
| 245|0x0000000641c00000, 0x0000000642000000, 0x0000000642000000|100%| O|  |TAMS 0x0000000641c00000| PB 0x0000000641c00000| Untracked |  0
| 246|0x0000000642000000, 0x0000000642400000, 0x0000000642400000|100%| O|  |TAMS 0x0000000642000000| PB 0x0000000642000000| Untracked |  0
| 247|0x0000000642400000, 0x0000000642800000, 0x0000000642800000|100%| O|  |TAMS 0x0000000642400000| PB 0x0000000642400000| Untracked |  0
| 248|0x0000000642800000, 0x0000000642c00000, 0x0000000642c00000|100%| O|  |TAMS 0x0000000642800000| PB 0x0000000642800000| Untracked |  0
| 249|0x0000000642c00000, 0x0000000643000000, 0x0000000643000000|100%| O|  |TAMS 0x0000000642c00000| PB 0x0000000642c00000| Untracked |  0
| 250|0x0000000643000000, 0x0000000643400000, 0x0000000643400000|100%| O|  |TAMS 0x0000000643000000| PB 0x0000000643000000| Untracked |  0
| 251|0x0000000643400000, 0x0000000643800000, 0x0000000643800000|100%| O|  |TAMS 0x0000000643400000| PB 0x0000000643400000| Untracked |  0
| 252|0x0000000643800000, 0x0000000643c00000, 0x0000000643c00000|100%| O|  |TAMS 0x0000000643800000| PB 0x0000000643800000| Untracked |  0
| 253|0x0000000643c00000, 0x0000000644000000, 0x0000000644000000|100%| O|  |TAMS 0x0000000643c00000| PB 0x0000000643c00000| Untracked |  0
| 254|0x0000000644000000, 0x0000000644400000, 0x0000000644400000|100%| O|  |TAMS 0x0000000644000000| PB 0x0000000644000000| Untracked |  0
| 255|0x0000000644400000, 0x0000000644800000, 0x0000000644800000|100%| O|  |TAMS 0x0000000644400000| PB 0x0000000644400000| Untracked |  0
| 256|0x0000000644800000, 0x0000000644c00000, 0x0000000644c00000|100%| O|  |TAMS 0x0000000644800000| PB 0x0000000644800000| Untracked |  0
| 257|0x0000000644c00000, 0x0000000645000000, 0x0000000645000000|100%| O|  |TAMS 0x0000000644c00000| PB 0x0000000644c00000| Untracked |  0
| 258|0x0000000645000000, 0x0000000645400000, 0x0000000645400000|100%| O|  |TAMS 0x0000000645000000| PB 0x0000000645000000| Untracked |  0
| 259|0x0000000645400000, 0x0000000645800000, 0x0000000645800000|100%| O|  |TAMS 0x0000000645400000| PB 0x0000000645400000| Untracked |  0
| 260|0x0000000645800000, 0x0000000645c00000, 0x0000000645c00000|100%| O|  |TAMS 0x0000000645800000| PB 0x0000000645800000| Untracked |  0
| 261|0x0000000645c00000, 0x0000000646000000, 0x0000000646000000|100%| O|  |TAMS 0x0000000645c00000| PB 0x0000000645c00000| Untracked |  0
| 262|0x0000000646000000, 0x0000000646400000, 0x0000000646400000|100%| O|  |TAMS 0x0000000646000000| PB 0x0000000646000000| Untracked |  0
| 263|0x0000000646400000, 0x0000000646800000, 0x0000000646800000|100%| O|  |TAMS 0x0000000646400000| PB 0x0000000646400000| Untracked |  0
| 264|0x0000000646800000, 0x0000000646c00000, 0x0000000646c00000|100%| O|  |TAMS 0x0000000646800000| PB 0x0000000646800000| Untracked |  0
| 265|0x0000000646c00000, 0x0000000647000000, 0x0000000647000000|100%| O|  |TAMS 0x0000000646c00000| PB 0x0000000646c00000| Untracked |  0
| 266|0x0000000647000000, 0x0000000647400000, 0x0000000647400000|100%| O|  |TAMS 0x0000000647000000| PB 0x0000000647000000| Untracked |  0
| 267|0x0000000647400000, 0x0000000647800000, 0x0000000647800000|100%| O|  |TAMS 0x0000000647400000| PB 0x0000000647400000| Untracked |  0
| 268|0x0000000647800000, 0x0000000647c00000, 0x0000000647c00000|100%| O|  |TAMS 0x0000000647800000| PB 0x0000000647800000| Untracked |  0
| 269|0x0000000647c00000, 0x0000000648000000, 0x0000000648000000|100%| O|  |TAMS 0x0000000647c00000| PB 0x0000000647c00000| Untracked |  0
| 270|0x0000000648000000, 0x0000000648400000, 0x0000000648400000|100%| O|  |TAMS 0x0000000648000000| PB 0x0000000648000000| Untracked |  0
| 271|0x0000000648400000, 0x0000000648800000, 0x0000000648800000|100%| O|  |TAMS 0x0000000648400000| PB 0x0000000648400000| Untracked |  0
| 272|0x0000000648800000, 0x0000000648c00000, 0x0000000648c00000|100%| O|  |TAMS 0x0000000648800000| PB 0x0000000648800000| Untracked |  0
| 273|0x0000000648c00000, 0x0000000649000000, 0x0000000649000000|100%| O|  |TAMS 0x0000000648c00000| PB 0x0000000648c00000| Untracked |  0
| 274|0x0000000649000000, 0x0000000649400000, 0x0000000649400000|100%| O|  |TAMS 0x0000000649000000| PB 0x0000000649000000| Untracked |  0
| 275|0x0000000649400000, 0x0000000649800000, 0x0000000649800000|100%| O|  |TAMS 0x0000000649400000| PB 0x0000000649400000| Untracked |  0
| 276|0x0000000649800000, 0x0000000649c00000, 0x0000000649c00000|100%| O|  |TAMS 0x0000000649800000| PB 0x0000000649800000| Untracked |  0
| 277|0x0000000649c00000, 0x000000064a000000, 0x000000064a000000|100%| O|  |TAMS 0x0000000649c00000| PB 0x0000000649c00000| Untracked |  0
| 278|0x000000064a000000, 0x000000064a400000, 0x000000064a400000|100%| O|  |TAMS 0x000000064a000000| PB 0x000000064a000000| Untracked |  0
| 279|0x000000064a400000, 0x000000064a800000, 0x000000064a800000|100%| O|  |TAMS 0x000000064a400000| PB 0x000000064a400000| Untracked |  0
| 280|0x000000064a800000, 0x000000064ac00000, 0x000000064ac00000|100%| O|  |TAMS 0x000000064a800000| PB 0x000000064a800000| Untracked |  0
| 281|0x000000064ac00000, 0x000000064b000000, 0x000000064b000000|100%| O|  |TAMS 0x000000064ac00000| PB 0x000000064ac00000| Untracked |  0
| 282|0x000000064b000000, 0x000000064b400000, 0x000000064b400000|100%| O|  |TAMS 0x000000064b000000| PB 0x000000064b000000| Untracked |  0
| 283|0x000000064b400000, 0x000000064b800000, 0x000000064b800000|100%| O|  |TAMS 0x000000064b400000| PB 0x000000064b400000| Untracked |  0
| 284|0x000000064b800000, 0x000000064bc00000, 0x000000064bc00000|100%| O|  |TAMS 0x000000064b800000| PB 0x000000064b800000| Untracked |  0
| 285|0x000000064bc00000, 0x000000064c000000, 0x000000064c000000|100%| O|  |TAMS 0x000000064bc00000| PB 0x000000064bc00000| Untracked |  0
| 286|0x000000064c000000, 0x000000064c400000, 0x000000064c400000|100%| O|  |TAMS 0x000000064c000000| PB 0x000000064c000000| Untracked |  0
| 287|0x000000064c400000, 0x000000064c800000, 0x000000064c800000|100%| O|  |TAMS 0x000000064c400000| PB 0x000000064c400000| Untracked |  0
| 288|0x000000064c800000, 0x000000064cc00000, 0x000000064cc00000|100%| O|  |TAMS 0x000000064c800000| PB 0x000000064c800000| Untracked |  0
| 289|0x000000064cc00000, 0x000000064d000000, 0x000000064d000000|100%| O|  |TAMS 0x000000064cc00000| PB 0x000000064cc00000| Untracked |  0
| 290|0x000000064d000000, 0x000000064d400000, 0x000000064d400000|100%| O|  |TAMS 0x000000064d000000| PB 0x000000064d000000| Untracked |  0
| 291|0x000000064d400000, 0x000000064d800000, 0x000000064d800000|100%|HS|  |TAMS 0x000000064d400000| PB 0x000000064d400000| Complete |  0
| 292|0x000000064d800000, 0x000000064dc00000, 0x000000064dc00000|100%| O|  |TAMS 0x000000064d800000| PB 0x000000064d800000| Untracked |  0
| 293|0x000000064dc00000, 0x000000064e000000, 0x000000064e000000|100%| O|  |TAMS 0x000000064dc00000| PB 0x000000064dc00000| Untracked |  0
| 294|0x000000064e000000, 0x000000064e400000, 0x000000064e400000|100%| O|  |TAMS 0x000000064e000000| PB 0x000000064e000000| Untracked |  0
| 295|0x000000064e400000, 0x000000064e800000, 0x000000064e800000|100%|HS|  |TAMS 0x000000064e400000| PB 0x000000064e400000| Complete |  0
| 296|0x000000064e800000, 0x000000064ec00000, 0x000000064ec00000|100%|HC|  |TAMS 0x000000064e800000| PB 0x000000064e800000| Complete |  0
| 297|0x000000064ec00000, 0x000000064f000000, 0x000000064f000000|100%|HC|  |TAMS 0x000000064ec00000| PB 0x000000064ec00000| Complete |  0
| 298|0x000000064f000000, 0x000000064f400000, 0x000000064f400000|100%|HC|  |TAMS 0x000000064f000000| PB 0x000000064f000000| Complete |  0
| 299|0x000000064f400000, 0x000000064f800000, 0x000000064f800000|100%|HC|  |TAMS 0x000000064f400000| PB 0x000000064f400000| Complete |  0
| 300|0x000000064f800000, 0x000000064fc00000, 0x000000064fc00000|100%|HS|  |TAMS 0x000000064f800000| PB 0x000000064f800000| Complete |  0
| 301|0x000000064fc00000, 0x0000000650000000, 0x0000000650000000|100%|HS|  |TAMS 0x000000064fc00000| PB 0x000000064fc00000| Complete |  0
| 302|0x0000000650000000, 0x0000000650400000, 0x0000000650400000|100%| O|  |TAMS 0x0000000650000000| PB 0x0000000650000000| Untracked |  0
| 303|0x0000000650400000, 0x0000000650800000, 0x0000000650800000|100%| O|  |TAMS 0x0000000650400000| PB 0x0000000650400000| Untracked |  0
| 304|0x0000000650800000, 0x0000000650c00000, 0x0000000650c00000|100%| O|  |TAMS 0x0000000650800000| PB 0x0000000650800000| Untracked |  0
| 305|0x0000000650c00000, 0x0000000651000000, 0x0000000651000000|100%|HS|  |TAMS 0x0000000650c00000| PB 0x0000000650c00000| Complete |  0
| 306|0x0000000651000000, 0x0000000651400000, 0x0000000651400000|100%|HS|  |TAMS 0x0000000651000000| PB 0x0000000651000000| Complete |  0
| 307|0x0000000651400000, 0x0000000651800000, 0x0000000651800000|100%|HS|  |TAMS 0x0000000651400000| PB 0x0000000651400000| Complete |  0
| 308|0x0000000651800000, 0x0000000651c00000, 0x0000000651c00000|100%|HS|  |TAMS 0x0000000651800000| PB 0x0000000651800000| Complete |  0
| 309|0x0000000651c00000, 0x0000000652000000, 0x0000000652000000|100%|HS|  |TAMS 0x0000000651c00000| PB 0x0000000651c00000| Complete |  0
| 310|0x0000000652000000, 0x0000000652400000, 0x0000000652400000|100%|HS|  |TAMS 0x0000000652000000| PB 0x0000000652000000| Complete |  0
| 311|0x0000000652400000, 0x0000000652800000, 0x0000000652800000|100%|HS|  |TAMS 0x0000000652400000| PB 0x0000000652400000| Complete |  0
| 312|0x0000000652800000, 0x0000000652c00000, 0x0000000652c00000|100%| O|  |TAMS 0x0000000652800000| PB 0x0000000652800000| Untracked |  0
| 313|0x0000000652c00000, 0x0000000653000000, 0x0000000653000000|100%| O|  |TAMS 0x0000000652c00000| PB 0x0000000652c00000| Untracked |  0
| 314|0x0000000653000000, 0x0000000653400000, 0x0000000653400000|100%|HS|  |TAMS 0x0000000653000000| PB 0x0000000653000000| Complete |  0
| 315|0x0000000653400000, 0x0000000653800000, 0x0000000653800000|100%|HC|  |TAMS 0x0000000653400000| PB 0x0000000653400000| Complete |  0
| 316|0x0000000653800000, 0x0000000653c00000, 0x0000000653c00000|100%|HC|  |TAMS 0x0000000653800000| PB 0x0000000653800000| Complete |  0
| 317|0x0000000653c00000, 0x0000000654000000, 0x0000000654000000|100%|HS|  |TAMS 0x0000000653c00000| PB 0x0000000653c00000| Complete |  0
| 318|0x0000000654000000, 0x0000000654400000, 0x0000000654400000|100%|HC|  |TAMS 0x0000000654000000| PB 0x0000000654000000| Complete |  0
| 319|0x0000000654400000, 0x0000000654800000, 0x0000000654800000|100%|HC|  |TAMS 0x0000000654400000| PB 0x0000000654400000| Complete |  0
| 320|0x0000000654800000, 0x0000000654c00000, 0x0000000654c00000|100%| O|  |TAMS 0x0000000654800000| PB 0x0000000654800000| Untracked |  0
| 321|0x0000000654c00000, 0x0000000655000000, 0x0000000655000000|100%| O|  |TAMS 0x0000000654c00000| PB 0x0000000654c00000| Untracked |  0
| 322|0x0000000655000000, 0x0000000655400000, 0x0000000655400000|100%| O|  |TAMS 0x0000000655000000| PB 0x0000000655000000| Untracked |  0
| 323|0x0000000655400000, 0x0000000655800000, 0x0000000655800000|100%|HS|  |TAMS 0x0000000655400000| PB 0x0000000655400000| Complete |  0
| 324|0x0000000655800000, 0x0000000655c00000, 0x0000000655c00000|100%|HC|  |TAMS 0x0000000655800000| PB 0x0000000655800000| Complete |  0
| 325|0x0000000655c00000, 0x0000000656000000, 0x0000000656000000|100%|HC|  |TAMS 0x0000000655c00000| PB 0x0000000655c00000| Complete |  0
| 326|0x0000000656000000, 0x0000000656400000, 0x0000000656400000|100%| O|  |TAMS 0x0000000656000000| PB 0x0000000656000000| Untracked |  0
| 327|0x0000000656400000, 0x0000000656800000, 0x0000000656800000|100%|HS|  |TAMS 0x0000000656400000| PB 0x0000000656400000| Complete |  0
| 328|0x0000000656800000, 0x0000000656c00000, 0x0000000656c00000|100%|HC|  |TAMS 0x0000000656800000| PB 0x0000000656800000| Complete |  0
| 329|0x0000000656c00000, 0x0000000657000000, 0x0000000657000000|100%|HC|  |TAMS 0x0000000656c00000| PB 0x0000000656c00000| Complete |  0
| 330|0x0000000657000000, 0x0000000657400000, 0x0000000657400000|100%| O|  |TAMS 0x0000000657000000| PB 0x0000000657000000| Untracked |  0
| 331|0x0000000657400000, 0x0000000657800000, 0x0000000657800000|100%| O|  |TAMS 0x0000000657400000| PB 0x0000000657400000| Untracked |  0
| 332|0x0000000657800000, 0x0000000657c00000, 0x0000000657c00000|100%| O|  |TAMS 0x0000000657800000| PB 0x0000000657800000| Untracked |  0
| 333|0x0000000657c00000, 0x0000000658000000, 0x0000000658000000|100%|HS|  |TAMS 0x0000000657c00000| PB 0x0000000657c00000| Complete |  0
| 334|0x0000000658000000, 0x0000000658400000, 0x0000000658400000|100%|HC|  |TAMS 0x0000000658000000| PB 0x0000000658000000| Complete |  0
| 335|0x0000000658400000, 0x0000000658800000, 0x0000000658800000|100%|HC|  |TAMS 0x0000000658400000| PB 0x0000000658400000| Complete |  0
| 336|0x0000000658800000, 0x0000000658c00000, 0x0000000658c00000|100%|HS|  |TAMS 0x0000000658800000| PB 0x0000000658800000| Complete |  0
| 337|0x0000000658c00000, 0x0000000659000000, 0x0000000659000000|100%|HC|  |TAMS 0x0000000658c00000| PB 0x0000000658c00000| Complete |  0
| 338|0x0000000659000000, 0x0000000659400000, 0x0000000659400000|100%|HC|  |TAMS 0x0000000659000000| PB 0x0000000659000000| Complete |  0
| 339|0x0000000659400000, 0x0000000659800000, 0x0000000659800000|100%|HC|  |TAMS 0x0000000659400000| PB 0x0000000659400000| Complete |  0
| 340|0x0000000659800000, 0x0000000659c00000, 0x0000000659c00000|100%|HC|  |TAMS 0x0000000659800000| PB 0x0000000659800000| Complete |  0
| 341|0x0000000659c00000, 0x000000065a000000, 0x000000065a000000|100%|HS|  |TAMS 0x0000000659c00000| PB 0x0000000659c00000| Complete |  0
| 342|0x000000065a000000, 0x000000065a400000, 0x000000065a400000|100%|HC|  |TAMS 0x000000065a000000| PB 0x000000065a000000| Complete |  0
| 343|0x000000065a400000, 0x000000065a800000, 0x000000065a800000|100%|HC|  |TAMS 0x000000065a400000| PB 0x000000065a400000| Complete |  0
| 344|0x000000065a800000, 0x000000065ac00000, 0x000000065ac00000|100%| O|  |TAMS 0x000000065a800000| PB 0x000000065a800000| Untracked |  0
| 345|0x000000065ac00000, 0x000000065b000000, 0x000000065b000000|100%| O|  |TAMS 0x000000065ac00000| PB 0x000000065ac00000| Untracked |  0
| 346|0x000000065b000000, 0x000000065b400000, 0x000000065b400000|100%| O|  |TAMS 0x000000065b000000| PB 0x000000065b000000| Untracked |  0
| 347|0x000000065b400000, 0x000000065b800000, 0x000000065b800000|100%|HS|  |TAMS 0x000000065b400000| PB 0x000000065b400000| Complete |  0
| 348|0x000000065b800000, 0x000000065bc00000, 0x000000065bc00000|100%|HC|  |TAMS 0x000000065b800000| PB 0x000000065b800000| Complete |  0
| 349|0x000000065bc00000, 0x000000065c000000, 0x000000065c000000|100%|HC|  |TAMS 0x000000065bc00000| PB 0x000000065bc00000| Complete |  0
| 350|0x000000065c000000, 0x000000065c400000, 0x000000065c400000|100%| O|  |TAMS 0x000000065c000000| PB 0x000000065c000000| Untracked |  0
| 351|0x000000065c400000, 0x000000065c800000, 0x000000065c800000|100%|HS|  |TAMS 0x000000065c400000| PB 0x000000065c400000| Complete |  0
| 352|0x000000065c800000, 0x000000065cc00000, 0x000000065cc00000|100%|HC|  |TAMS 0x000000065c800000| PB 0x000000065c800000| Complete |  0
| 353|0x000000065cc00000, 0x000000065d000000, 0x000000065d000000|100%|HC|  |TAMS 0x000000065cc00000| PB 0x000000065cc00000| Complete |  0
| 354|0x000000065d000000, 0x000000065d400000, 0x000000065d400000|100%|HS|  |TAMS 0x000000065d000000| PB 0x000000065d000000| Complete |  0
| 355|0x000000065d400000, 0x000000065d800000, 0x000000065d800000|100%|HS|  |TAMS 0x000000065d400000| PB 0x000000065d400000| Complete |  0
| 356|0x000000065d800000, 0x000000065dc00000, 0x000000065dc00000|100%|HS|  |TAMS 0x000000065d800000| PB 0x000000065d800000| Complete |  0
| 357|0x000000065dc00000, 0x000000065e000000, 0x000000065e000000|100%|HS|  |TAMS 0x000000065dc00000| PB 0x000000065dc00000| Complete |  0
| 358|0x000000065e000000, 0x000000065e400000, 0x000000065e400000|100%|HS|  |TAMS 0x000000065e000000| PB 0x000000065e000000| Complete |  0
| 359|0x000000065e400000, 0x000000065e800000, 0x000000065e800000|100%|HS|  |TAMS 0x000000065e400000| PB 0x000000065e400000| Complete |  0
| 360|0x000000065e800000, 0x000000065ec00000, 0x000000065ec00000|100%|HS|  |TAMS 0x000000065e800000| PB 0x000000065e800000| Complete |  0
| 361|0x000000065ec00000, 0x000000065f000000, 0x000000065f000000|100%|HS|  |TAMS 0x000000065ec00000| PB 0x000000065ec00000| Complete |  0
| 362|0x000000065f000000, 0x000000065f400000, 0x000000065f400000|100%|HS|  |TAMS 0x000000065f000000| PB 0x000000065f000000| Complete |  0
| 363|0x000000065f400000, 0x000000065f800000, 0x000000065f800000|100%|HS|  |TAMS 0x000000065f400000| PB 0x000000065f400000| Complete |  0
| 364|0x000000065f800000, 0x000000065fc00000, 0x000000065fc00000|100%|HS|  |TAMS 0x000000065f800000| PB 0x000000065f800000| Complete |  0
| 365|0x000000065fc00000, 0x0000000660000000, 0x0000000660000000|100%|HS|  |TAMS 0x000000065fc00000| PB 0x000000065fc00000| Complete |  0
| 366|0x0000000660000000, 0x0000000660400000, 0x0000000660400000|100%|HS|  |TAMS 0x0000000660000000| PB 0x0000000660000000| Complete |  0
| 367|0x0000000660400000, 0x0000000660800000, 0x0000000660800000|100%|HS|  |TAMS 0x0000000660400000| PB 0x0000000660400000| Complete |  0
| 368|0x0000000660800000, 0x0000000660c00000, 0x0000000660c00000|100%|HS|  |TAMS 0x0000000660800000| PB 0x0000000660800000| Complete |  0
| 369|0x0000000660c00000, 0x0000000661000000, 0x0000000661000000|100%|HS|  |TAMS 0x0000000660c00000| PB 0x0000000660c00000| Complete |  0
| 370|0x0000000661000000, 0x0000000661400000, 0x0000000661400000|100%|HS|  |TAMS 0x0000000661000000| PB 0x0000000661000000| Complete |  0
| 371|0x0000000661400000, 0x0000000661800000, 0x0000000661800000|100%|HS|  |TAMS 0x0000000661400000| PB 0x0000000661400000| Complete |  0
| 372|0x0000000661800000, 0x0000000661c00000, 0x0000000661c00000|100%|HS|  |TAMS 0x0000000661800000| PB 0x0000000661800000| Complete |  0
| 373|0x0000000661c00000, 0x0000000662000000, 0x0000000662000000|100%|HS|  |TAMS 0x0000000661c00000| PB 0x0000000661c00000| Complete |  0
| 374|0x0000000662000000, 0x0000000662400000, 0x0000000662400000|100%|HS|  |TAMS 0x0000000662000000| PB 0x0000000662000000| Complete |  0
| 375|0x0000000662400000, 0x0000000662800000, 0x0000000662800000|100%|HS|  |TAMS 0x0000000662400000| PB 0x0000000662400000| Complete |  0
| 376|0x0000000662800000, 0x0000000662c00000, 0x0000000662c00000|100%|HS|  |TAMS 0x0000000662800000| PB 0x0000000662800000| Complete |  0
| 377|0x0000000662c00000, 0x0000000663000000, 0x0000000663000000|100%|HS|  |TAMS 0x0000000662c00000| PB 0x0000000662c00000| Complete |  0
| 378|0x0000000663000000, 0x0000000663400000, 0x0000000663400000|100%| O|  |TAMS 0x0000000663000000| PB 0x0000000663000000| Untracked |  0
| 379|0x0000000663400000, 0x0000000663800000, 0x0000000663800000|100%| O|  |TAMS 0x0000000663400000| PB 0x0000000663400000| Untracked |  0
| 380|0x0000000663800000, 0x0000000663c00000, 0x0000000663c00000|100%| O|  |TAMS 0x0000000663800000| PB 0x0000000663800000| Untracked |  0
| 381|0x0000000663c00000, 0x0000000664000000, 0x0000000664000000|100%| O|  |TAMS 0x0000000663c00000| PB 0x0000000663c00000| Untracked |  0
| 382|0x0000000664000000, 0x0000000664400000, 0x0000000664400000|100%| O|  |TAMS 0x0000000664000000| PB 0x0000000664000000| Untracked |  0
| 383|0x0000000664400000, 0x0000000664800000, 0x0000000664800000|100%| O|  |TAMS 0x0000000664400000| PB 0x0000000664400000| Untracked |  0
| 384|0x0000000664800000, 0x0000000664c00000, 0x0000000664c00000|100%| O|  |TAMS 0x0000000664800000| PB 0x0000000664800000| Untracked |  0
| 385|0x0000000664c00000, 0x0000000665000000, 0x0000000665000000|100%| O|  |TAMS 0x0000000664c00000| PB 0x0000000664c00000| Untracked |  0
| 386|0x0000000665000000, 0x0000000665400000, 0x0000000665400000|100%| O|  |TAMS 0x0000000665000000| PB 0x0000000665000000| Untracked |  0
| 387|0x0000000665400000, 0x0000000665800000, 0x0000000665800000|100%| O|  |TAMS 0x0000000665400000| PB 0x0000000665400000| Untracked |  0
| 388|0x0000000665800000, 0x0000000665c00000, 0x0000000665c00000|100%| O|  |TAMS 0x0000000665800000| PB 0x0000000665800000| Untracked |  0
| 389|0x0000000665c00000, 0x0000000666000000, 0x0000000666000000|100%| O|  |TAMS 0x0000000665c00000| PB 0x0000000665c00000| Untracked |  0
| 390|0x0000000666000000, 0x0000000666400000, 0x0000000666400000|100%| O|  |TAMS 0x0000000666000000| PB 0x0000000666000000| Untracked |  0
| 391|0x0000000666400000, 0x0000000666800000, 0x0000000666800000|100%| O|  |TAMS 0x0000000666400000| PB 0x0000000666400000| Untracked |  0
| 392|0x0000000666800000, 0x0000000666c00000, 0x0000000666c00000|100%| O|  |TAMS 0x0000000666800000| PB 0x0000000666800000| Untracked |  0
| 393|0x0000000666c00000, 0x0000000667000000, 0x0000000667000000|100%| O|  |TAMS 0x0000000666c00000| PB 0x0000000666c00000| Untracked |  0
| 394|0x0000000667000000, 0x0000000667400000, 0x0000000667400000|100%| O|  |TAMS 0x0000000667000000| PB 0x0000000667000000| Untracked |  0
| 395|0x0000000667400000, 0x0000000667800000, 0x0000000667800000|100%| O|  |TAMS 0x0000000667400000| PB 0x0000000667400000| Untracked |  0
| 396|0x0000000667800000, 0x0000000667c00000, 0x0000000667c00000|100%| O|  |TAMS 0x0000000667800000| PB 0x0000000667800000| Untracked |  0
| 397|0x0000000667c00000, 0x0000000668000000, 0x0000000668000000|100%| O|  |TAMS 0x0000000667c00000| PB 0x0000000667c00000| Untracked |  0
| 398|0x0000000668000000, 0x0000000668400000, 0x0000000668400000|100%| O|  |TAMS 0x0000000668000000| PB 0x0000000668000000| Untracked |  0
| 399|0x0000000668400000, 0x0000000668800000, 0x0000000668800000|100%| O|  |TAMS 0x0000000668400000| PB 0x0000000668400000| Untracked |  0
| 400|0x0000000668800000, 0x0000000668c00000, 0x0000000668c00000|100%| O|  |TAMS 0x0000000668800000| PB 0x0000000668800000| Untracked |  0
| 401|0x0000000668c00000, 0x0000000669000000, 0x0000000669000000|100%| O|  |TAMS 0x0000000668c00000| PB 0x0000000668c00000| Untracked |  0
| 402|0x0000000669000000, 0x0000000669400000, 0x0000000669400000|100%| O|  |TAMS 0x0000000669000000| PB 0x0000000669000000| Untracked |  0
| 403|0x0000000669400000, 0x0000000669800000, 0x0000000669800000|100%| O|  |TAMS 0x0000000669400000| PB 0x0000000669400000| Untracked |  0
| 404|0x0000000669800000, 0x0000000669c00000, 0x0000000669c00000|100%| O|  |TAMS 0x0000000669800000| PB 0x0000000669800000| Untracked |  0
| 405|0x0000000669c00000, 0x000000066a000000, 0x000000066a000000|100%| O|  |TAMS 0x0000000669c00000| PB 0x0000000669c00000| Untracked |  0
| 406|0x000000066a000000, 0x000000066a400000, 0x000000066a400000|100%| O|  |TAMS 0x000000066a000000| PB 0x000000066a000000| Untracked |  0
| 407|0x000000066a400000, 0x000000066a800000, 0x000000066a800000|100%| O|  |TAMS 0x000000066a400000| PB 0x000000066a400000| Untracked |  0
| 408|0x000000066a800000, 0x000000066a800000, 0x000000066ac00000|  0%| F|  |TAMS 0x000000066a800000| PB 0x000000066a800000| Untracked |  0
| 409|0x000000066ac00000, 0x000000066b000000, 0x000000066b000000|100%| O|  |TAMS 0x000000066ac00000| PB 0x000000066ac00000| Untracked |  0
| 410|0x000000066b000000, 0x000000066b400000, 0x000000066b400000|100%| O|  |TAMS 0x000000066b000000| PB 0x000000066b000000| Untracked |  0
| 411|0x000000066b400000, 0x000000066b800000, 0x000000066b800000|100%| O|  |TAMS 0x000000066b400000| PB 0x000000066b400000| Untracked |  0
| 412|0x000000066b800000, 0x000000066bc00000, 0x000000066bc00000|100%| O|  |TAMS 0x000000066b800000| PB 0x000000066b800000| Untracked |  0
| 413|0x000000066bc00000, 0x000000066c000000, 0x000000066c000000|100%| O|  |TAMS 0x000000066bc00000| PB 0x000000066bc00000| Untracked |  0
| 414|0x000000066c000000, 0x000000066c400000, 0x000000066c400000|100%| O|  |TAMS 0x000000066c000000| PB 0x000000066c000000| Untracked |  0
| 415|0x000000066c400000, 0x000000066c800000, 0x000000066c800000|100%| O|  |TAMS 0x000000066c400000| PB 0x000000066c400000| Untracked |  0
| 416|0x000000066c800000, 0x000000066cc00000, 0x000000066cc00000|100%| O|  |TAMS 0x000000066c800000| PB 0x000000066c800000| Untracked |  0
| 417|0x000000066cc00000, 0x000000066d000000, 0x000000066d000000|100%| O|  |TAMS 0x000000066cc00000| PB 0x000000066cc00000| Untracked |  0
| 418|0x000000066d000000, 0x000000066d400000, 0x000000066d400000|100%| O|  |TAMS 0x000000066d000000| PB 0x000000066d000000| Untracked |  0
| 419|0x000000066d400000, 0x000000066d800000, 0x000000066d800000|100%| O|  |TAMS 0x000000066d400000| PB 0x000000066d400000| Untracked |  0
| 420|0x000000066d800000, 0x000000066dc00000, 0x000000066dc00000|100%| O|  |TAMS 0x000000066d800000| PB 0x000000066d800000| Untracked |  0
| 421|0x000000066dc00000, 0x000000066e000000, 0x000000066e000000|100%| O|  |TAMS 0x000000066dc00000| PB 0x000000066dc00000| Untracked |  0
| 422|0x000000066e000000, 0x000000066e400000, 0x000000066e400000|100%| O|  |TAMS 0x000000066e000000| PB 0x000000066e000000| Untracked |  0
| 423|0x000000066e400000, 0x000000066e800000, 0x000000066e800000|100%| O|  |TAMS 0x000000066e400000| PB 0x000000066e400000| Untracked |  0
| 424|0x000000066e800000, 0x000000066ec00000, 0x000000066ec00000|100%| O|  |TAMS 0x000000066e800000| PB 0x000000066e800000| Untracked |  0
| 425|0x000000066ec00000, 0x000000066f000000, 0x000000066f000000|100%| O|  |TAMS 0x000000066ec00000| PB 0x000000066ec00000| Untracked |  0
| 426|0x000000066f000000, 0x000000066f400000, 0x000000066f400000|100%| O|  |TAMS 0x000000066f000000| PB 0x000000066f000000| Untracked |  0
| 427|0x000000066f400000, 0x000000066f800000, 0x000000066f800000|100%| O|  |TAMS 0x000000066f400000| PB 0x000000066f400000| Untracked |  0
| 428|0x000000066f800000, 0x000000066fc00000, 0x000000066fc00000|100%| O|  |TAMS 0x000000066f800000| PB 0x000000066f800000| Untracked |  0
| 429|0x000000066fc00000, 0x0000000670000000, 0x0000000670000000|100%| O|  |TAMS 0x000000066fc00000| PB 0x000000066fc00000| Untracked |  0
| 430|0x0000000670000000, 0x0000000670400000, 0x0000000670400000|100%| O|  |TAMS 0x0000000670000000| PB 0x0000000670000000| Untracked |  0
| 431|0x0000000670400000, 0x0000000670591110, 0x0000000670800000| 39%| O|  |TAMS 0x0000000670400000| PB 0x0000000670400000| Untracked |  0
| 432|0x0000000670800000, 0x0000000670800000, 0x0000000670c00000|  0%| F|  |TAMS 0x0000000670800000| PB 0x0000000670800000| Untracked |  0
| 433|0x0000000670c00000, 0x0000000670c00000, 0x0000000671000000|  0%| F|  |TAMS 0x0000000670c00000| PB 0x0000000670c00000| Untracked |  0
| 434|0x0000000671000000, 0x0000000671000000, 0x0000000671400000|  0%| F|  |TAMS 0x0000000671000000| PB 0x0000000671000000| Untracked |  0
| 435|0x0000000671400000, 0x0000000671400000, 0x0000000671800000|  0%| F|  |TAMS 0x0000000671400000| PB 0x0000000671400000| Untracked |  0
| 436|0x0000000671800000, 0x0000000671800000, 0x0000000671c00000|  0%| F|  |TAMS 0x0000000671800000| PB 0x0000000671800000| Untracked |  0
| 437|0x0000000671c00000, 0x0000000671c00000, 0x0000000672000000|  0%| F|  |TAMS 0x0000000671c00000| PB 0x0000000671c00000| Untracked |  0
| 438|0x0000000672000000, 0x0000000672000000, 0x0000000672400000|  0%| F|  |TAMS 0x0000000672000000| PB 0x0000000672000000| Untracked |  0
| 439|0x0000000672400000, 0x0000000672400000, 0x0000000672800000|  0%| F|  |TAMS 0x0000000672400000| PB 0x0000000672400000| Untracked |  0
| 440|0x0000000672800000, 0x0000000672800000, 0x0000000672c00000|  0%| F|  |TAMS 0x0000000672800000| PB 0x0000000672800000| Untracked |  0
| 441|0x0000000672c00000, 0x0000000672c00000, 0x0000000673000000|  0%| F|  |TAMS 0x0000000672c00000| PB 0x0000000672c00000| Untracked |  0
| 442|0x0000000673000000, 0x0000000673400000, 0x0000000673400000|100%| O|  |TAMS 0x0000000673000000| PB 0x0000000673000000| Untracked |  0
| 443|0x0000000673400000, 0x0000000673800000, 0x0000000673800000|100%| O|  |TAMS 0x0000000673400000| PB 0x0000000673400000| Untracked |  0
| 444|0x0000000673800000, 0x0000000673c00000, 0x0000000673c00000|100%| O|  |TAMS 0x0000000673800000| PB 0x0000000673800000| Untracked |  0
| 445|0x0000000673c00000, 0x0000000674000000, 0x0000000674000000|100%| O|  |TAMS 0x0000000673c00000| PB 0x0000000673c00000| Untracked |  0
| 446|0x0000000674000000, 0x0000000674000000, 0x0000000674400000|  0%| F|  |TAMS 0x0000000674000000| PB 0x0000000674000000| Untracked |  0
| 447|0x0000000674400000, 0x0000000674400000, 0x0000000674800000|  0%| F|  |TAMS 0x0000000674400000| PB 0x0000000674400000| Untracked |  0
| 448|0x0000000674800000, 0x0000000674800000, 0x0000000674c00000|  0%| F|  |TAMS 0x0000000674800000| PB 0x0000000674800000| Untracked |  0
| 449|0x0000000674c00000, 0x0000000674c00000, 0x0000000675000000|  0%| F|  |TAMS 0x0000000674c00000| PB 0x0000000674c00000| Untracked |  0
| 450|0x0000000675000000, 0x0000000675400000, 0x0000000675400000|100%| O|  |TAMS 0x0000000675000000| PB 0x0000000675000000| Untracked |  0
| 451|0x0000000675400000, 0x0000000675400000, 0x0000000675800000|  0%| F|  |TAMS 0x0000000675400000| PB 0x0000000675400000| Untracked |  0
| 452|0x0000000675800000, 0x0000000675c00000, 0x0000000675c00000|100%| O|  |TAMS 0x0000000675800000| PB 0x0000000675800000| Untracked |  0
| 453|0x0000000675c00000, 0x0000000676000000, 0x0000000676000000|100%| O|  |TAMS 0x0000000675c00000| PB 0x0000000675c00000| Untracked |  0
| 454|0x0000000676000000, 0x0000000676400000, 0x0000000676400000|100%| O|  |TAMS 0x0000000676000000| PB 0x0000000676000000| Untracked |  0
| 455|0x0000000676400000, 0x0000000676800000, 0x0000000676800000|100%| O|  |TAMS 0x0000000676400000| PB 0x0000000676400000| Untracked |  0
| 456|0x0000000676800000, 0x0000000676800000, 0x0000000676c00000|  0%| F|  |TAMS 0x0000000676800000| PB 0x0000000676800000| Untracked |  0
| 457|0x0000000676c00000, 0x0000000677000000, 0x0000000677000000|100%| O|  |TAMS 0x0000000676c00000| PB 0x0000000676c00000| Untracked |  0
| 458|0x0000000677000000, 0x0000000677000000, 0x0000000677400000|  0%| F|  |TAMS 0x0000000677000000| PB 0x0000000677000000| Untracked |  0
| 459|0x0000000677400000, 0x0000000677400000, 0x0000000677800000|  0%| F|  |TAMS 0x0000000677400000| PB 0x0000000677400000| Untracked |  0
| 460|0x0000000677800000, 0x0000000677c00000, 0x0000000677c00000|100%| O|  |TAMS 0x0000000677800000| PB 0x0000000677800000| Untracked |  0
| 461|0x0000000677c00000, 0x0000000677c00000, 0x0000000678000000|  0%| F|  |TAMS 0x0000000677c00000| PB 0x0000000677c00000| Untracked |  0
| 462|0x0000000678000000, 0x0000000678400000, 0x0000000678400000|100%| O|  |TAMS 0x0000000678000000| PB 0x0000000678000000| Untracked |  0
| 463|0x0000000678400000, 0x0000000678400000, 0x0000000678800000|  0%| F|  |TAMS 0x0000000678400000| PB 0x0000000678400000| Untracked |  0
| 464|0x0000000678800000, 0x0000000678c00000, 0x0000000678c00000|100%| O|  |TAMS 0x0000000678800000| PB 0x0000000678800000| Untracked |  0
| 465|0x0000000678c00000, 0x0000000678c00000, 0x0000000679000000|  0%| F|  |TAMS 0x0000000678c00000| PB 0x0000000678c00000| Untracked |  0
| 466|0x0000000679000000, 0x0000000679000000, 0x0000000679400000|  0%| F|  |TAMS 0x0000000679000000| PB 0x0000000679000000| Untracked |  0
| 467|0x0000000679400000, 0x0000000679400000, 0x0000000679800000|  0%| F|  |TAMS 0x0000000679400000| PB 0x0000000679400000| Untracked |  0
| 468|0x0000000679800000, 0x0000000679800000, 0x0000000679c00000|  0%| F|  |TAMS 0x0000000679800000| PB 0x0000000679800000| Untracked |  0
| 469|0x0000000679c00000, 0x000000067a000000, 0x000000067a000000|100%| O|  |TAMS 0x0000000679c00000| PB 0x0000000679c00000| Untracked |  0
| 470|0x000000067a000000, 0x000000067a400000, 0x000000067a400000|100%| O|  |TAMS 0x000000067a000000| PB 0x000000067a000000| Untracked |  0
| 471|0x000000067a400000, 0x000000067a800000, 0x000000067a800000|100%| O|  |TAMS 0x000000067a400000| PB 0x000000067a400000| Untracked |  0
| 472|0x000000067a800000, 0x000000067ac00000, 0x000000067ac00000|100%| O|  |TAMS 0x000000067a800000| PB 0x000000067a800000| Untracked |  0
| 473|0x000000067ac00000, 0x000000067ac00000, 0x000000067b000000|  0%| F|  |TAMS 0x000000067ac00000| PB 0x000000067ac00000| Untracked |  0
| 474|0x000000067b000000, 0x000000067b400000, 0x000000067b400000|100%| O|  |TAMS 0x000000067b000000| PB 0x000000067b000000| Untracked |  0
| 475|0x000000067b400000, 0x000000067b800000, 0x000000067b800000|100%| O|  |TAMS 0x000000067b400000| PB 0x000000067b400000| Untracked |  0
| 476|0x000000067b800000, 0x000000067b800000, 0x000000067bc00000|  0%| F|  |TAMS 0x000000067b800000| PB 0x000000067b800000| Untracked |  0
| 477|0x000000067bc00000, 0x000000067bc00000, 0x000000067c000000|  0%| F|  |TAMS 0x000000067bc00000| PB 0x000000067bc00000| Untracked |  0
| 478|0x000000067c000000, 0x000000067c000000, 0x000000067c400000|  0%| F|  |TAMS 0x000000067c000000| PB 0x000000067c000000| Untracked |  0
| 479|0x000000067c400000, 0x000000067c400000, 0x000000067c800000|  0%| F|  |TAMS 0x000000067c400000| PB 0x000000067c400000| Untracked |  0
| 480|0x000000067c800000, 0x000000067cc00000, 0x000000067cc00000|100%| O|  |TAMS 0x000000067c800000| PB 0x000000067c800000| Untracked |  0
| 481|0x000000067cc00000, 0x000000067d000000, 0x000000067d000000|100%| O|  |TAMS 0x000000067cc00000| PB 0x000000067cc00000| Untracked |  0
| 482|0x000000067d000000, 0x000000067d400000, 0x000000067d400000|100%| O|  |TAMS 0x000000067d000000| PB 0x000000067d000000| Untracked |  0
| 483|0x000000067d400000, 0x000000067d800000, 0x000000067d800000|100%| O|  |TAMS 0x000000067d400000| PB 0x000000067d400000| Untracked |  0
| 484|0x000000067d800000, 0x000000067d800000, 0x000000067dc00000|  0%| F|  |TAMS 0x000000067d800000| PB 0x000000067d800000| Untracked |  0
| 485|0x000000067dc00000, 0x000000067dc00000, 0x000000067e000000|  0%| F|  |TAMS 0x000000067dc00000| PB 0x000000067dc00000| Untracked |  0
| 486|0x000000067e000000, 0x000000067e400000, 0x000000067e400000|100%| O|  |TAMS 0x000000067e000000| PB 0x000000067e000000| Untracked |  0
| 487|0x000000067e400000, 0x000000067e400000, 0x000000067e800000|  0%| F|  |TAMS 0x000000067e400000| PB 0x000000067e400000| Untracked |  0
| 488|0x000000067e800000, 0x000000067e800000, 0x000000067ec00000|  0%| F|  |TAMS 0x000000067e800000| PB 0x000000067e800000| Untracked |  0
| 489|0x000000067ec00000, 0x000000067ecc12e0, 0x000000067f000000| 18%| S|CS|TAMS 0x000000067ec00000| PB 0x000000067ec00000| Complete |  0
| 490|0x000000067f000000, 0x000000067f400000, 0x000000067f400000|100%| S|CS|TAMS 0x000000067f000000| PB 0x000000067f000000| Complete |  0
| 491|0x000000067f400000, 0x000000067f400000, 0x000000067f800000|  0%| F|  |TAMS 0x000000067f400000| PB 0x000000067f400000| Untracked |  0
| 492|0x000000067f800000, 0x000000067f800000, 0x000000067fc00000|  0%| F|  |TAMS 0x000000067f800000| PB 0x000000067f800000| Untracked |  0
| 493|0x000000067fc00000, 0x000000067fc00000, 0x0000000680000000|  0%| F|  |TAMS 0x000000067fc00000| PB 0x000000067fc00000| Untracked |  0
| 494|0x0000000680000000, 0x0000000680000000, 0x0000000680400000|  0%| F|  |TAMS 0x0000000680000000| PB 0x0000000680000000| Untracked |  0
| 495|0x0000000680400000, 0x0000000680800000, 0x0000000680800000|100%| S|CS|TAMS 0x0000000680400000| PB 0x0000000680400000| Complete |  0
| 496|0x0000000680800000, 0x0000000680c00000, 0x0000000680c00000|100%| S|CS|TAMS 0x0000000680800000| PB 0x0000000680800000| Complete |  0
| 497|0x0000000680c00000, 0x0000000681000000, 0x0000000681000000|100%| S|CS|TAMS 0x0000000680c00000| PB 0x0000000680c00000| Complete |  0
| 498|0x0000000681000000, 0x0000000681400000, 0x0000000681400000|100%| S|CS|TAMS 0x0000000681000000| PB 0x0000000681000000| Complete |  0
| 499|0x0000000681400000, 0x0000000681800000, 0x0000000681800000|100%| S|CS|TAMS 0x0000000681400000| PB 0x0000000681400000| Complete |  0
| 500|0x0000000681800000, 0x0000000681c00000, 0x0000000681c00000|100%| S|CS|TAMS 0x0000000681800000| PB 0x0000000681800000| Complete |  0
| 501|0x0000000681c00000, 0x0000000681c00000, 0x0000000682000000|  0%| F|  |TAMS 0x0000000681c00000| PB 0x0000000681c00000| Untracked |  0
| 502|0x0000000682000000, 0x0000000682000000, 0x0000000682400000|  0%| F|  |TAMS 0x0000000682000000| PB 0x0000000682000000| Untracked |  0
| 503|0x0000000682400000, 0x0000000682400000, 0x0000000682800000|  0%| F|  |TAMS 0x0000000682400000| PB 0x0000000682400000| Untracked |  0
| 504|0x0000000682800000, 0x0000000682800000, 0x0000000682c00000|  0%| F|  |TAMS 0x0000000682800000| PB 0x0000000682800000| Untracked |  0
| 505|0x0000000682c00000, 0x0000000682c00000, 0x0000000683000000|  0%| F|  |TAMS 0x0000000682c00000| PB 0x0000000682c00000| Untracked |  0
| 506|0x0000000683000000, 0x0000000683000000, 0x0000000683400000|  0%| F|  |TAMS 0x0000000683000000| PB 0x0000000683000000| Untracked |  0
| 507|0x0000000683400000, 0x0000000683800000, 0x0000000683800000|100%| S|CS|TAMS 0x0000000683400000| PB 0x0000000683400000| Complete |  0
| 508|0x0000000683800000, 0x0000000683800000, 0x0000000683c00000|  0%| F|  |TAMS 0x0000000683800000| PB 0x0000000683800000| Untracked |  0
| 509|0x0000000683c00000, 0x0000000683c00000, 0x0000000684000000|  0%| F|  |TAMS 0x0000000683c00000| PB 0x0000000683c00000| Untracked |  0
| 510|0x0000000684000000, 0x0000000684000000, 0x0000000684400000|  0%| F|  |TAMS 0x0000000684000000| PB 0x0000000684000000| Untracked |  0
| 511|0x0000000684400000, 0x0000000684400000, 0x0000000684800000|  0%| F|  |TAMS 0x0000000684400000| PB 0x0000000684400000| Untracked |  0
| 512|0x0000000684800000, 0x0000000684800000, 0x0000000684c00000|  0%| F|  |TAMS 0x0000000684800000| PB 0x0000000684800000| Untracked |  0
| 513|0x0000000684c00000, 0x0000000684c00000, 0x0000000685000000|  0%| F|  |TAMS 0x0000000684c00000| PB 0x0000000684c00000| Untracked |  0
| 514|0x0000000685000000, 0x0000000685000000, 0x0000000685400000|  0%| F|  |TAMS 0x0000000685000000| PB 0x0000000685000000| Untracked |  0
| 515|0x0000000685400000, 0x0000000685400000, 0x0000000685800000|  0%| F|  |TAMS 0x0000000685400000| PB 0x0000000685400000| Untracked |  0
| 516|0x0000000685800000, 0x0000000685800000, 0x0000000685c00000|  0%| F|  |TAMS 0x0000000685800000| PB 0x0000000685800000| Untracked |  0
| 517|0x0000000685c00000, 0x0000000685c00000, 0x0000000686000000|  0%| F|  |TAMS 0x0000000685c00000| PB 0x0000000685c00000| Untracked |  0
| 518|0x0000000686000000, 0x0000000686000000, 0x0000000686400000|  0%| F|  |TAMS 0x0000000686000000| PB 0x0000000686000000| Untracked |  0
| 519|0x0000000686400000, 0x0000000686400000, 0x0000000686800000|  0%| F|  |TAMS 0x0000000686400000| PB 0x0000000686400000| Untracked |  0
| 520|0x0000000686800000, 0x0000000686800000, 0x0000000686c00000|  0%| F|  |TAMS 0x0000000686800000| PB 0x0000000686800000| Untracked |  0
| 521|0x0000000686c00000, 0x0000000686c00000, 0x0000000687000000|  0%| F|  |TAMS 0x0000000686c00000| PB 0x0000000686c00000| Untracked |  0
| 522|0x0000000687000000, 0x0000000687000000, 0x0000000687400000|  0%| F|  |TAMS 0x0000000687000000| PB 0x0000000687000000| Untracked |  0
| 523|0x0000000687400000, 0x0000000687400000, 0x0000000687800000|  0%| F|  |TAMS 0x0000000687400000| PB 0x0000000687400000| Untracked |  0
| 524|0x0000000687800000, 0x0000000687800000, 0x0000000687c00000|  0%| F|  |TAMS 0x0000000687800000| PB 0x0000000687800000| Untracked |  0
| 525|0x0000000687c00000, 0x0000000687c00000, 0x0000000688000000|  0%| F|  |TAMS 0x0000000687c00000| PB 0x0000000687c00000| Untracked |  0
| 526|0x0000000688000000, 0x0000000688000000, 0x0000000688400000|  0%| F|  |TAMS 0x0000000688000000| PB 0x0000000688000000| Untracked |  0
| 527|0x0000000688400000, 0x0000000688400000, 0x0000000688800000|  0%| F|  |TAMS 0x0000000688400000| PB 0x0000000688400000| Untracked |  0
| 528|0x0000000688800000, 0x0000000688800000, 0x0000000688c00000|  0%| F|  |TAMS 0x0000000688800000| PB 0x0000000688800000| Untracked |  0
| 529|0x0000000688c00000, 0x0000000688c00000, 0x0000000689000000|  0%| F|  |TAMS 0x0000000688c00000| PB 0x0000000688c00000| Untracked |  0
| 530|0x0000000689000000, 0x0000000689000000, 0x0000000689400000|  0%| F|  |TAMS 0x0000000689000000| PB 0x0000000689000000| Untracked |  0
| 531|0x0000000689400000, 0x0000000689400000, 0x0000000689800000|  0%| F|  |TAMS 0x0000000689400000| PB 0x0000000689400000| Untracked |  0
| 532|0x0000000689800000, 0x0000000689800000, 0x0000000689c00000|  0%| F|  |TAMS 0x0000000689800000| PB 0x0000000689800000| Untracked |  0
| 533|0x0000000689c00000, 0x0000000689c00000, 0x000000068a000000|  0%| F|  |TAMS 0x0000000689c00000| PB 0x0000000689c00000| Untracked |  0
| 534|0x000000068a000000, 0x000000068a000000, 0x000000068a400000|  0%| F|  |TAMS 0x000000068a000000| PB 0x000000068a000000| Untracked |  0
| 535|0x000000068a400000, 0x000000068a400000, 0x000000068a800000|  0%| F|  |TAMS 0x000000068a400000| PB 0x000000068a400000| Untracked |  0
| 536|0x000000068a800000, 0x000000068a800000, 0x000000068ac00000|  0%| F|  |TAMS 0x000000068a800000| PB 0x000000068a800000| Untracked |  0
| 537|0x000000068ac00000, 0x000000068ac00000, 0x000000068b000000|  0%| F|  |TAMS 0x000000068ac00000| PB 0x000000068ac00000| Untracked |  0
| 538|0x000000068b000000, 0x000000068b000000, 0x000000068b400000|  0%| F|  |TAMS 0x000000068b000000| PB 0x000000068b000000| Untracked |  0
| 539|0x000000068b400000, 0x000000068b400000, 0x000000068b800000|  0%| F|  |TAMS 0x000000068b400000| PB 0x000000068b400000| Untracked |  0
| 540|0x000000068b800000, 0x000000068b800000, 0x000000068bc00000|  0%| F|  |TAMS 0x000000068b800000| PB 0x000000068b800000| Untracked |  0
| 541|0x000000068bc00000, 0x000000068bc00000, 0x000000068c000000|  0%| F|  |TAMS 0x000000068bc00000| PB 0x000000068bc00000| Untracked |  0
| 542|0x000000068c000000, 0x000000068c000000, 0x000000068c400000|  0%| F|  |TAMS 0x000000068c000000| PB 0x000000068c000000| Untracked |  0
| 543|0x000000068c400000, 0x000000068c400000, 0x000000068c800000|  0%| F|  |TAMS 0x000000068c400000| PB 0x000000068c400000| Untracked |  0
| 544|0x000000068c800000, 0x000000068c800000, 0x000000068cc00000|  0%| F|  |TAMS 0x000000068c800000| PB 0x000000068c800000| Untracked |  0
| 545|0x000000068cc00000, 0x000000068cc00000, 0x000000068d000000|  0%| F|  |TAMS 0x000000068cc00000| PB 0x000000068cc00000| Untracked |  0
| 546|0x000000068d000000, 0x000000068d000000, 0x000000068d400000|  0%| F|  |TAMS 0x000000068d000000| PB 0x000000068d000000| Untracked |  0
| 547|0x000000068d400000, 0x000000068d400000, 0x000000068d800000|  0%| F|  |TAMS 0x000000068d400000| PB 0x000000068d400000| Untracked |  0
| 548|0x000000068d800000, 0x000000068d800000, 0x000000068dc00000|  0%| F|  |TAMS 0x000000068d800000| PB 0x000000068d800000| Untracked |  0
| 549|0x000000068dc00000, 0x000000068dc00000, 0x000000068e000000|  0%| F|  |TAMS 0x000000068dc00000| PB 0x000000068dc00000| Untracked |  0
| 550|0x000000068e000000, 0x000000068e000000, 0x000000068e400000|  0%| F|  |TAMS 0x000000068e000000| PB 0x000000068e000000| Untracked |  0
| 551|0x000000068e400000, 0x000000068e400000, 0x000000068e800000|  0%| F|  |TAMS 0x000000068e400000| PB 0x000000068e400000| Untracked |  0
| 552|0x000000068e800000, 0x000000068e800000, 0x000000068ec00000|  0%| F|  |TAMS 0x000000068e800000| PB 0x000000068e800000| Untracked |  0
| 553|0x000000068ec00000, 0x000000068ec00000, 0x000000068f000000|  0%| F|  |TAMS 0x000000068ec00000| PB 0x000000068ec00000| Untracked |  0
| 554|0x000000068f000000, 0x000000068f000000, 0x000000068f400000|  0%| F|  |TAMS 0x000000068f000000| PB 0x000000068f000000| Untracked |  0
| 555|0x000000068f400000, 0x000000068f400000, 0x000000068f800000|  0%| F|  |TAMS 0x000000068f400000| PB 0x000000068f400000| Untracked |  0
| 556|0x000000068f800000, 0x000000068f800000, 0x000000068fc00000|  0%| F|  |TAMS 0x000000068f800000| PB 0x000000068f800000| Untracked |  0
| 557|0x000000068fc00000, 0x000000068fc00000, 0x0000000690000000|  0%| F|  |TAMS 0x000000068fc00000| PB 0x000000068fc00000| Untracked |  0
| 558|0x0000000690000000, 0x0000000690000000, 0x0000000690400000|  0%| F|  |TAMS 0x0000000690000000| PB 0x0000000690000000| Untracked |  0
| 559|0x0000000690400000, 0x0000000690400000, 0x0000000690800000|  0%| F|  |TAMS 0x0000000690400000| PB 0x0000000690400000| Untracked |  0
| 560|0x0000000690800000, 0x0000000690800000, 0x0000000690c00000|  0%| F|  |TAMS 0x0000000690800000| PB 0x0000000690800000| Untracked |  0
| 561|0x0000000690c00000, 0x0000000690c00000, 0x0000000691000000|  0%| F|  |TAMS 0x0000000690c00000| PB 0x0000000690c00000| Untracked |  0
| 562|0x0000000691000000, 0x0000000691000000, 0x0000000691400000|  0%| F|  |TAMS 0x0000000691000000| PB 0x0000000691000000| Untracked |  0
| 563|0x0000000691400000, 0x0000000691400000, 0x0000000691800000|  0%| F|  |TAMS 0x0000000691400000| PB 0x0000000691400000| Untracked |  0
| 564|0x0000000691800000, 0x0000000691800000, 0x0000000691c00000|  0%| F|  |TAMS 0x0000000691800000| PB 0x0000000691800000| Untracked |  0
| 565|0x0000000691c00000, 0x0000000691c00000, 0x0000000692000000|  0%| F|  |TAMS 0x0000000691c00000| PB 0x0000000691c00000| Untracked |  0
| 566|0x0000000692000000, 0x0000000692000000, 0x0000000692400000|  0%| F|  |TAMS 0x0000000692000000| PB 0x0000000692000000| Untracked |  0
| 567|0x0000000692400000, 0x0000000692400000, 0x0000000692800000|  0%| F|  |TAMS 0x0000000692400000| PB 0x0000000692400000| Untracked |  0
| 568|0x0000000692800000, 0x0000000692800000, 0x0000000692c00000|  0%| F|  |TAMS 0x0000000692800000| PB 0x0000000692800000| Untracked |  0
| 569|0x0000000692c00000, 0x0000000692c00000, 0x0000000693000000|  0%| F|  |TAMS 0x0000000692c00000| PB 0x0000000692c00000| Untracked |  0
| 570|0x0000000693000000, 0x0000000693000000, 0x0000000693400000|  0%| F|  |TAMS 0x0000000693000000| PB 0x0000000693000000| Untracked |  0
| 571|0x0000000693400000, 0x0000000693400000, 0x0000000693800000|  0%| F|  |TAMS 0x0000000693400000| PB 0x0000000693400000| Untracked |  0
| 572|0x0000000693800000, 0x0000000693800000, 0x0000000693c00000|  0%| F|  |TAMS 0x0000000693800000| PB 0x0000000693800000| Untracked |  0
| 573|0x0000000693c00000, 0x0000000693c00000, 0x0000000694000000|  0%| F|  |TAMS 0x0000000693c00000| PB 0x0000000693c00000| Untracked |  0
| 574|0x0000000694000000, 0x0000000694000000, 0x0000000694400000|  0%| F|  |TAMS 0x0000000694000000| PB 0x0000000694000000| Untracked |  0
| 575|0x0000000694400000, 0x0000000694400000, 0x0000000694800000|  0%| F|  |TAMS 0x0000000694400000| PB 0x0000000694400000| Untracked |  0
| 576|0x0000000694800000, 0x0000000694800000, 0x0000000694c00000|  0%| F|  |TAMS 0x0000000694800000| PB 0x0000000694800000| Untracked |  0
| 577|0x0000000694c00000, 0x0000000694c00000, 0x0000000695000000|  0%| F|  |TAMS 0x0000000694c00000| PB 0x0000000694c00000| Untracked |  0
| 578|0x0000000695000000, 0x0000000695000000, 0x0000000695400000|  0%| F|  |TAMS 0x0000000695000000| PB 0x0000000695000000| Untracked |  0
| 579|0x0000000695400000, 0x0000000695400000, 0x0000000695800000|  0%| F|  |TAMS 0x0000000695400000| PB 0x0000000695400000| Untracked |  0
| 580|0x0000000695800000, 0x0000000695800000, 0x0000000695c00000|  0%| F|  |TAMS 0x0000000695800000| PB 0x0000000695800000| Untracked |  0
| 581|0x0000000695c00000, 0x0000000695c00000, 0x0000000696000000|  0%| F|  |TAMS 0x0000000695c00000| PB 0x0000000695c00000| Untracked |  0
| 582|0x0000000696000000, 0x0000000696000000, 0x0000000696400000|  0%| F|  |TAMS 0x0000000696000000| PB 0x0000000696000000| Untracked |  0
| 583|0x0000000696400000, 0x0000000696400000, 0x0000000696800000|  0%| F|  |TAMS 0x0000000696400000| PB 0x0000000696400000| Untracked |  0
| 584|0x0000000696800000, 0x0000000696800000, 0x0000000696c00000|  0%| F|  |TAMS 0x0000000696800000| PB 0x0000000696800000| Untracked |  0
| 585|0x0000000696c00000, 0x0000000696c00000, 0x0000000697000000|  0%| F|  |TAMS 0x0000000696c00000| PB 0x0000000696c00000| Untracked |  0
| 586|0x0000000697000000, 0x0000000697000000, 0x0000000697400000|  0%| F|  |TAMS 0x0000000697000000| PB 0x0000000697000000| Untracked |  0
| 587|0x0000000697400000, 0x0000000697400000, 0x0000000697800000|  0%| F|  |TAMS 0x0000000697400000| PB 0x0000000697400000| Untracked |  0
| 588|0x0000000697800000, 0x0000000697800000, 0x0000000697c00000|  0%| F|  |TAMS 0x0000000697800000| PB 0x0000000697800000| Untracked |  0
| 589|0x0000000697c00000, 0x0000000697c00000, 0x0000000698000000|  0%| F|  |TAMS 0x0000000697c00000| PB 0x0000000697c00000| Untracked |  0
| 590|0x0000000698000000, 0x0000000698000000, 0x0000000698400000|  0%| F|  |TAMS 0x0000000698000000| PB 0x0000000698000000| Untracked |  0
| 591|0x0000000698400000, 0x0000000698400000, 0x0000000698800000|  0%| F|  |TAMS 0x0000000698400000| PB 0x0000000698400000| Untracked |  0
| 592|0x0000000698800000, 0x0000000698800000, 0x0000000698c00000|  0%| F|  |TAMS 0x0000000698800000| PB 0x0000000698800000| Untracked |  0
| 593|0x0000000698c00000, 0x0000000698c00000, 0x0000000699000000|  0%| F|  |TAMS 0x0000000698c00000| PB 0x0000000698c00000| Untracked |  0
| 594|0x0000000699000000, 0x0000000699000000, 0x0000000699400000|  0%| F|  |TAMS 0x0000000699000000| PB 0x0000000699000000| Untracked |  0
| 595|0x0000000699400000, 0x0000000699400000, 0x0000000699800000|  0%| F|  |TAMS 0x0000000699400000| PB 0x0000000699400000| Untracked |  0
| 596|0x0000000699800000, 0x0000000699800000, 0x0000000699c00000|  0%| F|  |TAMS 0x0000000699800000| PB 0x0000000699800000| Untracked |  0
| 597|0x0000000699c00000, 0x0000000699c00000, 0x000000069a000000|  0%| F|  |TAMS 0x0000000699c00000| PB 0x0000000699c00000| Untracked |  0
| 598|0x000000069a000000, 0x000000069a000000, 0x000000069a400000|  0%| F|  |TAMS 0x000000069a000000| PB 0x000000069a000000| Untracked |  0
| 599|0x000000069a400000, 0x000000069a400000, 0x000000069a800000|  0%| F|  |TAMS 0x000000069a400000| PB 0x000000069a400000| Untracked |  0
| 600|0x000000069a800000, 0x000000069a800000, 0x000000069ac00000|  0%| F|  |TAMS 0x000000069a800000| PB 0x000000069a800000| Untracked |  0
| 601|0x000000069ac00000, 0x000000069ac00000, 0x000000069b000000|  0%| F|  |TAMS 0x000000069ac00000| PB 0x000000069ac00000| Untracked |  0
| 602|0x000000069b000000, 0x000000069b000000, 0x000000069b400000|  0%| F|  |TAMS 0x000000069b000000| PB 0x000000069b000000| Untracked |  0
| 603|0x000000069b400000, 0x000000069b400000, 0x000000069b800000|  0%| F|  |TAMS 0x000000069b400000| PB 0x000000069b400000| Untracked |  0
| 604|0x000000069b800000, 0x000000069b800000, 0x000000069bc00000|  0%| F|  |TAMS 0x000000069b800000| PB 0x000000069b800000| Untracked |  0
| 605|0x000000069bc00000, 0x000000069bc00000, 0x000000069c000000|  0%| F|  |TAMS 0x000000069bc00000| PB 0x000000069bc00000| Untracked |  0
| 606|0x000000069c000000, 0x000000069c000000, 0x000000069c400000|  0%| F|  |TAMS 0x000000069c000000| PB 0x000000069c000000| Untracked |  0
| 607|0x000000069c400000, 0x000000069c400000, 0x000000069c800000|  0%| F|  |TAMS 0x000000069c400000| PB 0x000000069c400000| Untracked |  0
| 608|0x000000069c800000, 0x000000069c800000, 0x000000069cc00000|  0%| F|  |TAMS 0x000000069c800000| PB 0x000000069c800000| Untracked |  0
| 609|0x000000069cc00000, 0x000000069cc00000, 0x000000069d000000|  0%| F|  |TAMS 0x000000069cc00000| PB 0x000000069cc00000| Untracked |  0
| 610|0x000000069d000000, 0x000000069d000000, 0x000000069d400000|  0%| F|  |TAMS 0x000000069d000000| PB 0x000000069d000000| Untracked |  0
| 611|0x000000069d400000, 0x000000069d400000, 0x000000069d800000|  0%| F|  |TAMS 0x000000069d400000| PB 0x000000069d400000| Untracked |  0
| 612|0x000000069d800000, 0x000000069d800000, 0x000000069dc00000|  0%| F|  |TAMS 0x000000069d800000| PB 0x000000069d800000| Untracked |  0
| 613|0x000000069dc00000, 0x000000069dc00000, 0x000000069e000000|  0%| F|  |TAMS 0x000000069dc00000| PB 0x000000069dc00000| Untracked |  0
| 614|0x000000069e000000, 0x000000069e000000, 0x000000069e400000|  0%| F|  |TAMS 0x000000069e000000| PB 0x000000069e000000| Untracked |  0
| 615|0x000000069e400000, 0x000000069e400000, 0x000000069e800000|  0%| F|  |TAMS 0x000000069e400000| PB 0x000000069e400000| Untracked |  0
| 616|0x000000069e800000, 0x000000069e800000, 0x000000069ec00000|  0%| F|  |TAMS 0x000000069e800000| PB 0x000000069e800000| Untracked |  0
| 617|0x000000069ec00000, 0x000000069ec00000, 0x000000069f000000|  0%| F|  |TAMS 0x000000069ec00000| PB 0x000000069ec00000| Untracked |  0
| 618|0x000000069f000000, 0x000000069f000000, 0x000000069f400000|  0%| F|  |TAMS 0x000000069f000000| PB 0x000000069f000000| Untracked |  0
| 619|0x000000069f400000, 0x000000069f400000, 0x000000069f800000|  0%| F|  |TAMS 0x000000069f400000| PB 0x000000069f400000| Untracked |  0
| 620|0x000000069f800000, 0x000000069f800000, 0x000000069fc00000|  0%| F|  |TAMS 0x000000069f800000| PB 0x000000069f800000| Untracked |  0
| 621|0x000000069fc00000, 0x000000069fc00000, 0x00000006a0000000|  0%| F|  |TAMS 0x000000069fc00000| PB 0x000000069fc00000| Untracked |  0
| 622|0x00000006a0000000, 0x00000006a0000000, 0x00000006a0400000|  0%| F|  |TAMS 0x00000006a0000000| PB 0x00000006a0000000| Untracked |  0
| 623|0x00000006a0400000, 0x00000006a0400000, 0x00000006a0800000|  0%| F|  |TAMS 0x00000006a0400000| PB 0x00000006a0400000| Untracked |  0
| 624|0x00000006a0800000, 0x00000006a0800000, 0x00000006a0c00000|  0%| F|  |TAMS 0x00000006a0800000| PB 0x00000006a0800000| Untracked |  0
| 625|0x00000006a0c00000, 0x00000006a0c00000, 0x00000006a1000000|  0%| F|  |TAMS 0x00000006a0c00000| PB 0x00000006a0c00000| Untracked |  0
| 626|0x00000006a1000000, 0x00000006a1000000, 0x00000006a1400000|  0%| F|  |TAMS 0x00000006a1000000| PB 0x00000006a1000000| Untracked |  0
| 627|0x00000006a1400000, 0x00000006a1400000, 0x00000006a1800000|  0%| F|  |TAMS 0x00000006a1400000| PB 0x00000006a1400000| Untracked |  0
| 628|0x00000006a1800000, 0x00000006a1800000, 0x00000006a1c00000|  0%| F|  |TAMS 0x00000006a1800000| PB 0x00000006a1800000| Untracked |  0
| 629|0x00000006a1c00000, 0x00000006a1c00000, 0x00000006a2000000|  0%| F|  |TAMS 0x00000006a1c00000| PB 0x00000006a1c00000| Untracked |  0
| 630|0x00000006a2000000, 0x00000006a2000000, 0x00000006a2400000|  0%| F|  |TAMS 0x00000006a2000000| PB 0x00000006a2000000| Untracked |  0
| 631|0x00000006a2400000, 0x00000006a2400000, 0x00000006a2800000|  0%| F|  |TAMS 0x00000006a2400000| PB 0x00000006a2400000| Untracked |  0
| 632|0x00000006a2800000, 0x00000006a2800000, 0x00000006a2c00000|  0%| F|  |TAMS 0x00000006a2800000| PB 0x00000006a2800000| Untracked |  0
| 633|0x00000006a2c00000, 0x00000006a2c00000, 0x00000006a3000000|  0%| F|  |TAMS 0x00000006a2c00000| PB 0x00000006a2c00000| Untracked |  0
| 634|0x00000006a3000000, 0x00000006a32938f0, 0x00000006a3400000| 64%| E|  |TAMS 0x00000006a3000000| PB 0x00000006a3000000| Complete |  0
| 635|0x00000006a3400000, 0x00000006a3800000, 0x00000006a3800000|100%| E|CS|TAMS 0x00000006a3400000| PB 0x00000006a3400000| Complete |  0
| 636|0x00000006a3800000, 0x00000006a3c00000, 0x00000006a3c00000|100%| E|CS|TAMS 0x00000006a3800000| PB 0x00000006a3800000| Complete |  0
| 637|0x00000006a3c00000, 0x00000006a4000000, 0x00000006a4000000|100%| E|CS|TAMS 0x00000006a3c00000| PB 0x00000006a3c00000| Complete |  0
| 638|0x00000006a4000000, 0x00000006a4400000, 0x00000006a4400000|100%| E|CS|TAMS 0x00000006a4000000| PB 0x00000006a4000000| Complete |  0
| 639|0x00000006a4400000, 0x00000006a4800000, 0x00000006a4800000|100%| E|CS|TAMS 0x00000006a4400000| PB 0x00000006a4400000| Complete |  0
| 640|0x00000006a4800000, 0x00000006a4c00000, 0x00000006a4c00000|100%| E|CS|TAMS 0x00000006a4800000| PB 0x00000006a4800000| Complete |  0
| 641|0x00000006a4c00000, 0x00000006a5000000, 0x00000006a5000000|100%| E|CS|TAMS 0x00000006a4c00000| PB 0x00000006a4c00000| Complete |  0
| 642|0x00000006a5000000, 0x00000006a5400000, 0x00000006a5400000|100%| E|CS|TAMS 0x00000006a5000000| PB 0x00000006a5000000| Complete |  0
| 643|0x00000006a5400000, 0x00000006a5800000, 0x00000006a5800000|100%| E|CS|TAMS 0x00000006a5400000| PB 0x00000006a5400000| Complete |  0
| 644|0x00000006a5800000, 0x00000006a5c00000, 0x00000006a5c00000|100%| E|CS|TAMS 0x00000006a5800000| PB 0x00000006a5800000| Complete |  0
| 645|0x00000006a5c00000, 0x00000006a6000000, 0x00000006a6000000|100%| E|CS|TAMS 0x00000006a5c00000| PB 0x00000006a5c00000| Complete |  0
| 646|0x00000006a6000000, 0x00000006a6400000, 0x00000006a6400000|100%| E|CS|TAMS 0x00000006a6000000| PB 0x00000006a6000000| Complete |  0
| 647|0x00000006a6400000, 0x00000006a6800000, 0x00000006a6800000|100%| E|CS|TAMS 0x00000006a6400000| PB 0x00000006a6400000| Complete |  0
| 648|0x00000006a6800000, 0x00000006a6c00000, 0x00000006a6c00000|100%| E|CS|TAMS 0x00000006a6800000| PB 0x00000006a6800000| Complete |  0
| 649|0x00000006a6c00000, 0x00000006a7000000, 0x00000006a7000000|100%| E|CS|TAMS 0x00000006a6c00000| PB 0x00000006a6c00000| Complete |  0
| 650|0x00000006a7000000, 0x00000006a7400000, 0x00000006a7400000|100%| E|CS|TAMS 0x00000006a7000000| PB 0x00000006a7000000| Complete |  0
| 651|0x00000006a7400000, 0x00000006a7800000, 0x00000006a7800000|100%| E|CS|TAMS 0x00000006a7400000| PB 0x00000006a7400000| Complete |  0
| 652|0x00000006a7800000, 0x00000006a7c00000, 0x00000006a7c00000|100%| E|CS|TAMS 0x00000006a7800000| PB 0x00000006a7800000| Complete |  0
| 653|0x00000006a7c00000, 0x00000006a8000000, 0x00000006a8000000|100%| E|CS|TAMS 0x00000006a7c00000| PB 0x00000006a7c00000| Complete |  0
| 654|0x00000006a8000000, 0x00000006a8400000, 0x00000006a8400000|100%| E|CS|TAMS 0x00000006a8000000| PB 0x00000006a8000000| Complete |  0
| 655|0x00000006a8400000, 0x00000006a8800000, 0x00000006a8800000|100%| E|CS|TAMS 0x00000006a8400000| PB 0x00000006a8400000| Complete |  0
| 656|0x00000006a8800000, 0x00000006a8c00000, 0x00000006a8c00000|100%| E|CS|TAMS 0x00000006a8800000| PB 0x00000006a8800000| Complete |  0
| 657|0x00000006a8c00000, 0x00000006a9000000, 0x00000006a9000000|100%| E|CS|TAMS 0x00000006a8c00000| PB 0x00000006a8c00000| Complete |  0
| 658|0x00000006a9000000, 0x00000006a9400000, 0x00000006a9400000|100%| E|CS|TAMS 0x00000006a9000000| PB 0x00000006a9000000| Complete |  0
| 659|0x00000006a9400000, 0x00000006a9800000, 0x00000006a9800000|100%| E|CS|TAMS 0x00000006a9400000| PB 0x00000006a9400000| Complete |  0
| 660|0x00000006a9800000, 0x00000006a9c00000, 0x00000006a9c00000|100%| E|CS|TAMS 0x00000006a9800000| PB 0x00000006a9800000| Complete |  0
| 661|0x00000006a9c00000, 0x00000006aa000000, 0x00000006aa000000|100%| E|CS|TAMS 0x00000006a9c00000| PB 0x00000006a9c00000| Complete |  0
| 662|0x00000006aa000000, 0x00000006aa400000, 0x00000006aa400000|100%| E|CS|TAMS 0x00000006aa000000| PB 0x00000006aa000000| Complete |  0
| 663|0x00000006aa400000, 0x00000006aa800000, 0x00000006aa800000|100%| E|CS|TAMS 0x00000006aa400000| PB 0x00000006aa400000| Complete |  0
| 664|0x00000006aa800000, 0x00000006aac00000, 0x00000006aac00000|100%| E|CS|TAMS 0x00000006aa800000| PB 0x00000006aa800000| Complete |  0
| 665|0x00000006aac00000, 0x00000006ab000000, 0x00000006ab000000|100%| E|CS|TAMS 0x00000006aac00000| PB 0x00000006aac00000| Complete |  0
| 666|0x00000006ab000000, 0x00000006ab400000, 0x00000006ab400000|100%| E|CS|TAMS 0x00000006ab000000| PB 0x00000006ab000000| Complete |  0
| 667|0x00000006ab400000, 0x00000006ab800000, 0x00000006ab800000|100%| E|CS|TAMS 0x00000006ab400000| PB 0x00000006ab400000| Complete |  0
| 668|0x00000006ab800000, 0x00000006abc00000, 0x00000006abc00000|100%| E|CS|TAMS 0x00000006ab800000| PB 0x00000006ab800000| Complete |  0
| 669|0x00000006abc00000, 0x00000006ac000000, 0x00000006ac000000|100%| E|CS|TAMS 0x00000006abc00000| PB 0x00000006abc00000| Complete |  0
| 670|0x00000006ac000000, 0x00000006ac400000, 0x00000006ac400000|100%| E|CS|TAMS 0x00000006ac000000| PB 0x00000006ac000000| Complete |  0
| 671|0x00000006ac400000, 0x00000006ac800000, 0x00000006ac800000|100%| E|CS|TAMS 0x00000006ac400000| PB 0x00000006ac400000| Complete |  0
| 672|0x00000006ac800000, 0x00000006acc00000, 0x00000006acc00000|100%| E|CS|TAMS 0x00000006ac800000| PB 0x00000006ac800000| Complete |  0
| 673|0x00000006acc00000, 0x00000006ad000000, 0x00000006ad000000|100%| E|CS|TAMS 0x00000006acc00000| PB 0x00000006acc00000| Complete |  0
| 674|0x00000006ad000000, 0x00000006ad400000, 0x00000006ad400000|100%| E|CS|TAMS 0x00000006ad000000| PB 0x00000006ad000000| Complete |  0
| 675|0x00000006ad400000, 0x00000006ad800000, 0x00000006ad800000|100%| E|CS|TAMS 0x00000006ad400000| PB 0x00000006ad400000| Complete |  0
| 676|0x00000006ad800000, 0x00000006adc00000, 0x00000006adc00000|100%| E|CS|TAMS 0x00000006ad800000| PB 0x00000006ad800000| Complete |  0
| 677|0x00000006adc00000, 0x00000006ae000000, 0x00000006ae000000|100%| E|CS|TAMS 0x00000006adc00000| PB 0x00000006adc00000| Complete |  0
| 678|0x00000006ae000000, 0x00000006ae400000, 0x00000006ae400000|100%| E|CS|TAMS 0x00000006ae000000| PB 0x00000006ae000000| Complete |  0
| 679|0x00000006ae400000, 0x00000006ae800000, 0x00000006ae800000|100%| E|CS|TAMS 0x00000006ae400000| PB 0x00000006ae400000| Complete |  0
| 680|0x00000006ae800000, 0x00000006aec00000, 0x00000006aec00000|100%| E|CS|TAMS 0x00000006ae800000| PB 0x00000006ae800000| Complete |  0
| 681|0x00000006aec00000, 0x00000006af000000, 0x00000006af000000|100%| E|CS|TAMS 0x00000006aec00000| PB 0x00000006aec00000| Complete |  0
| 682|0x00000006af000000, 0x00000006af400000, 0x00000006af400000|100%| E|CS|TAMS 0x00000006af000000| PB 0x00000006af000000| Complete |  0
| 683|0x00000006af400000, 0x00000006af800000, 0x00000006af800000|100%| E|CS|TAMS 0x00000006af400000| PB 0x00000006af400000| Complete |  0
| 684|0x00000006af800000, 0x00000006afc00000, 0x00000006afc00000|100%| E|CS|TAMS 0x00000006af800000| PB 0x00000006af800000| Complete |  0
| 685|0x00000006afc00000, 0x00000006b0000000, 0x00000006b0000000|100%| E|CS|TAMS 0x00000006afc00000| PB 0x00000006afc00000| Complete |  0
| 686|0x00000006b0000000, 0x00000006b0400000, 0x00000006b0400000|100%| E|CS|TAMS 0x00000006b0000000| PB 0x00000006b0000000| Complete |  0
| 687|0x00000006b0400000, 0x00000006b0800000, 0x00000006b0800000|100%| E|CS|TAMS 0x00000006b0400000| PB 0x00000006b0400000| Complete |  0
| 688|0x00000006b0800000, 0x00000006b0c00000, 0x00000006b0c00000|100%| E|CS|TAMS 0x00000006b0800000| PB 0x00000006b0800000| Complete |  0
| 689|0x00000006b0c00000, 0x00000006b1000000, 0x00000006b1000000|100%| E|CS|TAMS 0x00000006b0c00000| PB 0x00000006b0c00000| Complete |  0
| 690|0x00000006b1000000, 0x00000006b1400000, 0x00000006b1400000|100%| E|CS|TAMS 0x00000006b1000000| PB 0x00000006b1000000| Complete |  0
| 691|0x00000006b1400000, 0x00000006b1800000, 0x00000006b1800000|100%| E|CS|TAMS 0x00000006b1400000| PB 0x00000006b1400000| Complete |  0
| 692|0x00000006b1800000, 0x00000006b1c00000, 0x00000006b1c00000|100%| E|CS|TAMS 0x00000006b1800000| PB 0x00000006b1800000| Complete |  0
| 693|0x00000006b1c00000, 0x00000006b2000000, 0x00000006b2000000|100%| E|CS|TAMS 0x00000006b1c00000| PB 0x00000006b1c00000| Complete |  0
| 694|0x00000006b2000000, 0x00000006b2400000, 0x00000006b2400000|100%| E|CS|TAMS 0x00000006b2000000| PB 0x00000006b2000000| Complete |  0
| 695|0x00000006b2400000, 0x00000006b2800000, 0x00000006b2800000|100%| E|CS|TAMS 0x00000006b2400000| PB 0x00000006b2400000| Complete |  0
| 696|0x00000006b2800000, 0x00000006b2c00000, 0x00000006b2c00000|100%| E|CS|TAMS 0x00000006b2800000| PB 0x00000006b2800000| Complete |  0
| 697|0x00000006b2c00000, 0x00000006b3000000, 0x00000006b3000000|100%| E|CS|TAMS 0x00000006b2c00000| PB 0x00000006b2c00000| Complete |  0
| 698|0x00000006b3000000, 0x00000006b3400000, 0x00000006b3400000|100%| E|CS|TAMS 0x00000006b3000000| PB 0x00000006b3000000| Complete |  0
| 699|0x00000006b3400000, 0x00000006b3800000, 0x00000006b3800000|100%| E|CS|TAMS 0x00000006b3400000| PB 0x00000006b3400000| Complete |  0
| 700|0x00000006b3800000, 0x00000006b3c00000, 0x00000006b3c00000|100%| E|CS|TAMS 0x00000006b3800000| PB 0x00000006b3800000| Complete |  0
| 701|0x00000006b3c00000, 0x00000006b4000000, 0x00000006b4000000|100%| E|CS|TAMS 0x00000006b3c00000| PB 0x00000006b3c00000| Complete |  0
| 702|0x00000006b4000000, 0x00000006b4400000, 0x00000006b4400000|100%| E|CS|TAMS 0x00000006b4000000| PB 0x00000006b4000000| Complete |  0
| 703|0x00000006b4400000, 0x00000006b4800000, 0x00000006b4800000|100%| E|CS|TAMS 0x00000006b4400000| PB 0x00000006b4400000| Complete |  0
| 704|0x00000006b4800000, 0x00000006b4c00000, 0x00000006b4c00000|100%| E|CS|TAMS 0x00000006b4800000| PB 0x00000006b4800000| Complete |  0
| 705|0x00000006b4c00000, 0x00000006b5000000, 0x00000006b5000000|100%| E|CS|TAMS 0x00000006b4c00000| PB 0x00000006b4c00000| Complete |  0
| 706|0x00000006b5000000, 0x00000006b5400000, 0x00000006b5400000|100%| E|CS|TAMS 0x00000006b5000000| PB 0x00000006b5000000| Complete |  0
| 707|0x00000006b5400000, 0x00000006b5800000, 0x00000006b5800000|100%| E|CS|TAMS 0x00000006b5400000| PB 0x00000006b5400000| Complete |  0
| 708|0x00000006b5800000, 0x00000006b5c00000, 0x00000006b5c00000|100%| E|CS|TAMS 0x00000006b5800000| PB 0x00000006b5800000| Complete |  0
| 709|0x00000006b5c00000, 0x00000006b6000000, 0x00000006b6000000|100%| E|CS|TAMS 0x00000006b5c00000| PB 0x00000006b5c00000| Complete |  0
| 710|0x00000006b6000000, 0x00000006b6400000, 0x00000006b6400000|100%| E|CS|TAMS 0x00000006b6000000| PB 0x00000006b6000000| Complete |  0
| 711|0x00000006b6400000, 0x00000006b6800000, 0x00000006b6800000|100%| E|CS|TAMS 0x00000006b6400000| PB 0x00000006b6400000| Complete |  0
| 712|0x00000006b6800000, 0x00000006b6c00000, 0x00000006b6c00000|100%| E|CS|TAMS 0x00000006b6800000| PB 0x00000006b6800000| Complete |  0
| 713|0x00000006b6c00000, 0x00000006b7000000, 0x00000006b7000000|100%| E|CS|TAMS 0x00000006b6c00000| PB 0x00000006b6c00000| Complete |  0
| 714|0x00000006b7000000, 0x00000006b7400000, 0x00000006b7400000|100%| E|CS|TAMS 0x00000006b7000000| PB 0x00000006b7000000| Complete |  0
| 715|0x00000006b7400000, 0x00000006b7800000, 0x00000006b7800000|100%| E|CS|TAMS 0x00000006b7400000| PB 0x00000006b7400000| Complete |  0
| 716|0x00000006b7800000, 0x00000006b7c00000, 0x00000006b7c00000|100%| E|CS|TAMS 0x00000006b7800000| PB 0x00000006b7800000| Complete |  0
| 717|0x00000006b7c00000, 0x00000006b8000000, 0x00000006b8000000|100%| E|CS|TAMS 0x00000006b7c00000| PB 0x00000006b7c00000| Complete |  0
| 718|0x00000006b8000000, 0x00000006b8400000, 0x00000006b8400000|100%| E|CS|TAMS 0x00000006b8000000| PB 0x00000006b8000000| Complete |  0
| 719|0x00000006b8400000, 0x00000006b8800000, 0x00000006b8800000|100%| E|CS|TAMS 0x00000006b8400000| PB 0x00000006b8400000| Complete |  0
| 720|0x00000006b8800000, 0x00000006b8c00000, 0x00000006b8c00000|100%| E|CS|TAMS 0x00000006b8800000| PB 0x00000006b8800000| Complete |  0
| 721|0x00000006b8c00000, 0x00000006b9000000, 0x00000006b9000000|100%| E|CS|TAMS 0x00000006b8c00000| PB 0x00000006b8c00000| Complete |  0
| 722|0x00000006b9000000, 0x00000006b9400000, 0x00000006b9400000|100%| E|CS|TAMS 0x00000006b9000000| PB 0x00000006b9000000| Complete |  0
| 723|0x00000006b9400000, 0x00000006b9800000, 0x00000006b9800000|100%| E|CS|TAMS 0x00000006b9400000| PB 0x00000006b9400000| Complete |  0
| 724|0x00000006b9800000, 0x00000006b9c00000, 0x00000006b9c00000|100%| E|CS|TAMS 0x00000006b9800000| PB 0x00000006b9800000| Complete |  0
| 725|0x00000006b9c00000, 0x00000006ba000000, 0x00000006ba000000|100%| E|CS|TAMS 0x00000006b9c00000| PB 0x00000006b9c00000| Complete |  0
| 726|0x00000006ba000000, 0x00000006ba400000, 0x00000006ba400000|100%| E|CS|TAMS 0x00000006ba000000| PB 0x00000006ba000000| Complete |  0
| 727|0x00000006ba400000, 0x00000006ba800000, 0x00000006ba800000|100%| E|CS|TAMS 0x00000006ba400000| PB 0x00000006ba400000| Complete |  0
| 728|0x00000006ba800000, 0x00000006bac00000, 0x00000006bac00000|100%| E|CS|TAMS 0x00000006ba800000| PB 0x00000006ba800000| Complete |  0
| 729|0x00000006bac00000, 0x00000006bb000000, 0x00000006bb000000|100%| E|CS|TAMS 0x00000006bac00000| PB 0x00000006bac00000| Complete |  0
| 730|0x00000006bb000000, 0x00000006bb400000, 0x00000006bb400000|100%| E|CS|TAMS 0x00000006bb000000| PB 0x00000006bb000000| Complete |  0
| 731|0x00000006bb400000, 0x00000006bb800000, 0x00000006bb800000|100%| E|CS|TAMS 0x00000006bb400000| PB 0x00000006bb400000| Complete |  0
| 732|0x00000006bb800000, 0x00000006bbc00000, 0x00000006bbc00000|100%| E|CS|TAMS 0x00000006bb800000| PB 0x00000006bb800000| Complete |  0
| 733|0x00000006bbc00000, 0x00000006bc000000, 0x00000006bc000000|100%| E|CS|TAMS 0x00000006bbc00000| PB 0x00000006bbc00000| Complete |  0
| 734|0x00000006bc000000, 0x00000006bc400000, 0x00000006bc400000|100%| E|CS|TAMS 0x00000006bc000000| PB 0x00000006bc000000| Complete |  0
| 735|0x00000006bc400000, 0x00000006bc800000, 0x00000006bc800000|100%| E|CS|TAMS 0x00000006bc400000| PB 0x00000006bc400000| Complete |  0
| 736|0x00000006bc800000, 0x00000006bcc00000, 0x00000006bcc00000|100%| E|CS|TAMS 0x00000006bc800000| PB 0x00000006bc800000| Complete |  0
| 737|0x00000006bcc00000, 0x00000006bd000000, 0x00000006bd000000|100%| E|CS|TAMS 0x00000006bcc00000| PB 0x00000006bcc00000| Complete |  0
| 738|0x00000006bd000000, 0x00000006bd400000, 0x00000006bd400000|100%| E|CS|TAMS 0x00000006bd000000| PB 0x00000006bd000000| Complete |  0
| 739|0x00000006bd400000, 0x00000006bd800000, 0x00000006bd800000|100%| E|CS|TAMS 0x00000006bd400000| PB 0x00000006bd400000| Complete |  0
| 740|0x00000006bd800000, 0x00000006bdc00000, 0x00000006bdc00000|100%| E|CS|TAMS 0x00000006bd800000| PB 0x00000006bd800000| Complete |  0
| 741|0x00000006bdc00000, 0x00000006be000000, 0x00000006be000000|100%| E|CS|TAMS 0x00000006bdc00000| PB 0x00000006bdc00000| Complete |  0
| 742|0x00000006be000000, 0x00000006be400000, 0x00000006be400000|100%| E|CS|TAMS 0x00000006be000000| PB 0x00000006be000000| Complete |  0
| 743|0x00000006be400000, 0x00000006be800000, 0x00000006be800000|100%| E|CS|TAMS 0x00000006be400000| PB 0x00000006be400000| Complete |  0
| 744|0x00000006be800000, 0x00000006bec00000, 0x00000006bec00000|100%| E|CS|TAMS 0x00000006be800000| PB 0x00000006be800000| Complete |  0
| 745|0x00000006bec00000, 0x00000006bf000000, 0x00000006bf000000|100%| E|CS|TAMS 0x00000006bec00000| PB 0x00000006bec00000| Complete |  0
| 746|0x00000006bf000000, 0x00000006bf400000, 0x00000006bf400000|100%| E|CS|TAMS 0x00000006bf000000| PB 0x00000006bf000000| Complete |  2
| 747|0x00000006bf400000, 0x00000006bf800000, 0x00000006bf800000|100%| E|CS|TAMS 0x00000006bf400000| PB 0x00000006bf400000| Complete |  0
| 748|0x00000006bf800000, 0x00000006bfc00000, 0x00000006bfc00000|100%| E|CS|TAMS 0x00000006bf800000| PB 0x00000006bf800000| Complete |  0
| 749|0x00000006bfc00000, 0x00000006c0000000, 0x00000006c0000000|100%| E|CS|TAMS 0x00000006bfc00000| PB 0x00000006bfc00000| Complete |  2
| 750|0x00000006c0000000, 0x00000006c0400000, 0x00000006c0400000|100%| E|CS|TAMS 0x00000006c0000000| PB 0x00000006c0000000| Complete |  0
| 751|0x00000006c0400000, 0x00000006c0800000, 0x00000006c0800000|100%| E|CS|TAMS 0x00000006c0400000| PB 0x00000006c0400000| Complete |  0
| 752|0x00000006c0800000, 0x00000006c0c00000, 0x00000006c0c00000|100%| E|CS|TAMS 0x00000006c0800000| PB 0x00000006c0800000| Complete |  0
| 753|0x00000006c0c00000, 0x00000006c1000000, 0x00000006c1000000|100%| E|CS|TAMS 0x00000006c0c00000| PB 0x00000006c0c00000| Complete |  0
| 754|0x00000006c1000000, 0x00000006c1400000, 0x00000006c1400000|100%| E|CS|TAMS 0x00000006c1000000| PB 0x00000006c1000000| Complete |  0
| 755|0x00000006c1400000, 0x00000006c1800000, 0x00000006c1800000|100%| E|CS|TAMS 0x00000006c1400000| PB 0x00000006c1400000| Complete |  0
| 756|0x00000006c1800000, 0x00000006c1c00000, 0x00000006c1c00000|100%| E|CS|TAMS 0x00000006c1800000| PB 0x00000006c1800000| Complete |  0
| 757|0x00000006c1c00000, 0x00000006c2000000, 0x00000006c2000000|100%| E|CS|TAMS 0x00000006c1c00000| PB 0x00000006c1c00000| Complete |  0
| 758|0x00000006c2000000, 0x00000006c2400000, 0x00000006c2400000|100%| E|CS|TAMS 0x00000006c2000000| PB 0x00000006c2000000| Complete |  0
| 759|0x00000006c2400000, 0x00000006c2800000, 0x00000006c2800000|100%| E|CS|TAMS 0x00000006c2400000| PB 0x00000006c2400000| Complete |  0
| 760|0x00000006c2800000, 0x00000006c2c00000, 0x00000006c2c00000|100%| E|CS|TAMS 0x00000006c2800000| PB 0x00000006c2800000| Complete |  0
| 761|0x00000006c2c00000, 0x00000006c3000000, 0x00000006c3000000|100%| E|CS|TAMS 0x00000006c2c00000| PB 0x00000006c2c00000| Complete |  0
| 762|0x00000006c3000000, 0x00000006c3400000, 0x00000006c3400000|100%| E|CS|TAMS 0x00000006c3000000| PB 0x00000006c3000000| Complete |  0
| 763|0x00000006c3400000, 0x00000006c3800000, 0x00000006c3800000|100%| E|CS|TAMS 0x00000006c3400000| PB 0x00000006c3400000| Complete |  0
| 764|0x00000006c3800000, 0x00000006c3c00000, 0x00000006c3c00000|100%| E|CS|TAMS 0x00000006c3800000| PB 0x00000006c3800000| Complete |  0
| 765|0x00000006c3c00000, 0x00000006c4000000, 0x00000006c4000000|100%| E|CS|TAMS 0x00000006c3c00000| PB 0x00000006c3c00000| Complete |  0
| 766|0x00000006c4000000, 0x00000006c4400000, 0x00000006c4400000|100%| E|CS|TAMS 0x00000006c4000000| PB 0x00000006c4000000| Complete |  0
| 767|0x00000006c4400000, 0x00000006c4800000, 0x00000006c4800000|100%| E|CS|TAMS 0x00000006c4400000| PB 0x00000006c4400000| Complete |  0
| 768|0x00000006c4800000, 0x00000006c4c00000, 0x00000006c4c00000|100%| E|CS|TAMS 0x00000006c4800000| PB 0x00000006c4800000| Complete |  0
| 769|0x00000006c4c00000, 0x00000006c5000000, 0x00000006c5000000|100%| E|CS|TAMS 0x00000006c4c00000| PB 0x00000006c4c00000| Complete |  0
| 770|0x00000006c5000000, 0x00000006c5400000, 0x00000006c5400000|100%| E|CS|TAMS 0x00000006c5000000| PB 0x00000006c5000000| Complete |  0
| 771|0x00000006c5400000, 0x00000006c5800000, 0x00000006c5800000|100%| E|CS|TAMS 0x00000006c5400000| PB 0x00000006c5400000| Complete |  0
| 772|0x00000006c5800000, 0x00000006c5c00000, 0x00000006c5c00000|100%| E|CS|TAMS 0x00000006c5800000| PB 0x00000006c5800000| Complete |  0
| 773|0x00000006c5c00000, 0x00000006c6000000, 0x00000006c6000000|100%| E|CS|TAMS 0x00000006c5c00000| PB 0x00000006c5c00000| Complete |  0
| 774|0x00000006c6000000, 0x00000006c6400000, 0x00000006c6400000|100%| E|CS|TAMS 0x00000006c6000000| PB 0x00000006c6000000| Complete |  0
| 775|0x00000006c6400000, 0x00000006c6800000, 0x00000006c6800000|100%| E|CS|TAMS 0x00000006c6400000| PB 0x00000006c6400000| Complete |  0
| 776|0x00000006c6800000, 0x00000006c6c00000, 0x00000006c6c00000|100%| E|CS|TAMS 0x00000006c6800000| PB 0x00000006c6800000| Complete |  0
| 777|0x00000006c6c00000, 0x00000006c7000000, 0x00000006c7000000|100%| E|CS|TAMS 0x00000006c6c00000| PB 0x00000006c6c00000| Complete |  0
| 778|0x00000006c7000000, 0x00000006c7400000, 0x00000006c7400000|100%| E|CS|TAMS 0x00000006c7000000| PB 0x00000006c7000000| Complete |  0
| 779|0x00000006c7400000, 0x00000006c7800000, 0x00000006c7800000|100%| E|CS|TAMS 0x00000006c7400000| PB 0x00000006c7400000| Complete |  0
| 780|0x00000006c7800000, 0x00000006c7c00000, 0x00000006c7c00000|100%| E|CS|TAMS 0x00000006c7800000| PB 0x00000006c7800000| Complete |  0
| 781|0x00000006c7c00000, 0x00000006c8000000, 0x00000006c8000000|100%| E|CS|TAMS 0x00000006c7c00000| PB 0x00000006c7c00000| Complete |  0
| 782|0x00000006c8000000, 0x00000006c8400000, 0x00000006c8400000|100%| E|CS|TAMS 0x00000006c8000000| PB 0x00000006c8000000| Complete |  0
| 783|0x00000006c8400000, 0x00000006c8800000, 0x00000006c8800000|100%| E|CS|TAMS 0x00000006c8400000| PB 0x00000006c8400000| Complete |  0
| 784|0x00000006c8800000, 0x00000006c8c00000, 0x00000006c8c00000|100%| E|CS|TAMS 0x00000006c8800000| PB 0x00000006c8800000| Complete |  0
| 785|0x00000006c8c00000, 0x00000006c9000000, 0x00000006c9000000|100%| E|CS|TAMS 0x00000006c8c00000| PB 0x00000006c8c00000| Complete |  0
| 786|0x00000006c9000000, 0x00000006c9400000, 0x00000006c9400000|100%| E|CS|TAMS 0x00000006c9000000| PB 0x00000006c9000000| Complete |  0
| 787|0x00000006c9400000, 0x00000006c9800000, 0x00000006c9800000|100%| E|CS|TAMS 0x00000006c9400000| PB 0x00000006c9400000| Complete |  0
|1973|0x00000007f1c00000, 0x00000007f2000000, 0x00000007f2000000|100%| E|CS|TAMS 0x00000007f1c00000| PB 0x00000007f1c00000| Complete |  0
|1974|0x00000007f2000000, 0x00000007f2400000, 0x00000007f2400000|100%| E|CS|TAMS 0x00000007f2000000| PB 0x00000007f2000000| Complete |  0
|1975|0x00000007f2400000, 0x00000007f2800000, 0x00000007f2800000|100%| O|  |TAMS 0x00000007f2400000| PB 0x00000007f2400000| Untracked |  0
|1976|0x00000007f2800000, 0x00000007f2c00000, 0x00000007f2c00000|100%| O|  |TAMS 0x00000007f2800000| PB 0x00000007f2800000| Untracked |  0
|1977|0x00000007f2c00000, 0x00000007f3000000, 0x00000007f3000000|100%| O|  |TAMS 0x00000007f2c00000| PB 0x00000007f2c00000| Untracked |  0
|1978|0x00000007f3000000, 0x00000007f3400000, 0x00000007f3400000|100%| E|CS|TAMS 0x00000007f3000000| PB 0x00000007f3000000| Complete |  0
|1979|0x00000007f3400000, 0x00000007f3800000, 0x00000007f3800000|100%| O|  |TAMS 0x00000007f3400000| PB 0x00000007f3400000| Untracked |  0
|1980|0x00000007f3800000, 0x00000007f3c00000, 0x00000007f3c00000|100%| E|CS|TAMS 0x00000007f3800000| PB 0x00000007f3800000| Complete |  0
|1981|0x00000007f3c00000, 0x00000007f4000000, 0x00000007f4000000|100%| E|CS|TAMS 0x00000007f3c00000| PB 0x00000007f3c00000| Complete |  0
|1982|0x00000007f4000000, 0x00000007f4400000, 0x00000007f4400000|100%| E|CS|TAMS 0x00000007f4000000| PB 0x00000007f4000000| Complete |  0
|1983|0x00000007f4400000, 0x00000007f4800000, 0x00000007f4800000|100%| E|CS|TAMS 0x00000007f4400000| PB 0x00000007f4400000| Complete |  0
|1984|0x00000007f4800000, 0x00000007f4c00000, 0x00000007f4c00000|100%| O|  |TAMS 0x00000007f4800000| PB 0x00000007f4800000| Untracked |  0
|1985|0x00000007f4c00000, 0x00000007f5000000, 0x00000007f5000000|100%| E|CS|TAMS 0x00000007f4c00000| PB 0x00000007f4c00000| Complete |  0
|1986|0x00000007f5000000, 0x00000007f5400000, 0x00000007f5400000|100%| O|  |TAMS 0x00000007f5000000| PB 0x00000007f5000000| Untracked |  0
|1987|0x00000007f5400000, 0x00000007f5800000, 0x00000007f5800000|100%| E|CS|TAMS 0x00000007f5400000| PB 0x00000007f5400000| Complete |  0
|1988|0x00000007f5800000, 0x00000007f5c00000, 0x00000007f5c00000|100%| E|CS|TAMS 0x00000007f5800000| PB 0x00000007f5800000| Complete |  0
|1989|0x00000007f5c00000, 0x00000007f6000000, 0x00000007f6000000|100%| E|CS|TAMS 0x00000007f5c00000| PB 0x00000007f5c00000| Complete |  0
|1990|0x00000007f6000000, 0x00000007f6400000, 0x00000007f6400000|100%| E|CS|TAMS 0x00000007f6000000| PB 0x00000007f6000000| Complete |  0
|1991|0x00000007f6400000, 0x00000007f6800000, 0x00000007f6800000|100%| E|CS|TAMS 0x00000007f6400000| PB 0x00000007f6400000| Complete |  0
|1992|0x00000007f6800000, 0x00000007f6c00000, 0x00000007f6c00000|100%| E|CS|TAMS 0x00000007f6800000| PB 0x00000007f6800000| Complete |  0
|1993|0x00000007f6c00000, 0x00000007f7000000, 0x00000007f7000000|100%| E|CS|TAMS 0x00000007f6c00000| PB 0x00000007f6c00000| Complete |  0
|1994|0x00000007f7000000, 0x00000007f7400000, 0x00000007f7400000|100%| E|CS|TAMS 0x00000007f7000000| PB 0x00000007f7000000| Complete |  0
|1995|0x00000007f7400000, 0x00000007f7800000, 0x00000007f7800000|100%| E|CS|TAMS 0x00000007f7400000| PB 0x00000007f7400000| Complete |  0
|1996|0x00000007f7800000, 0x00000007f7c00000, 0x00000007f7c00000|100%| O|  |TAMS 0x00000007f7800000| PB 0x00000007f7800000| Untracked |  0
|1997|0x00000007f7c00000, 0x00000007f8000000, 0x00000007f8000000|100%| E|CS|TAMS 0x00000007f7c00000| PB 0x00000007f7c00000| Complete |  0
|1998|0x00000007f8000000, 0x00000007f8400000, 0x00000007f8400000|100%| O|  |TAMS 0x00000007f8000000| PB 0x00000007f8000000| Untracked |  0
|1999|0x00000007f8400000, 0x00000007f8800000, 0x00000007f8800000|100%| E|CS|TAMS 0x00000007f8400000| PB 0x00000007f8400000| Complete |  0
|2000|0x00000007f8800000, 0x00000007f8c00000, 0x00000007f8c00000|100%| E|CS|TAMS 0x00000007f8800000| PB 0x00000007f8800000| Complete |  0
|2001|0x00000007f8c00000, 0x00000007f9000000, 0x00000007f9000000|100%| E|CS|TAMS 0x00000007f8c00000| PB 0x00000007f8c00000| Complete |  0
|2002|0x00000007f9000000, 0x00000007f9400000, 0x00000007f9400000|100%| E|CS|TAMS 0x00000007f9000000| PB 0x00000007f9000000| Complete |  0
|2003|0x00000007f9400000, 0x00000007f9800000, 0x00000007f9800000|100%| E|CS|TAMS 0x00000007f9400000| PB 0x00000007f9400000| Complete |  0
|2004|0x00000007f9800000, 0x00000007f9c00000, 0x00000007f9c00000|100%| E|CS|TAMS 0x00000007f9800000| PB 0x00000007f9800000| Complete |  0
|2005|0x00000007f9c00000, 0x00000007fa000000, 0x00000007fa000000|100%| E|CS|TAMS 0x00000007f9c00000| PB 0x00000007f9c00000| Complete |  0
|2006|0x00000007fa000000, 0x00000007fa400000, 0x00000007fa400000|100%| E|CS|TAMS 0x00000007fa000000| PB 0x00000007fa000000| Complete |  0
|2007|0x00000007fa400000, 0x00000007fa800000, 0x00000007fa800000|100%| E|CS|TAMS 0x00000007fa400000| PB 0x00000007fa400000| Complete |  0
|2008|0x00000007fa800000, 0x00000007fac00000, 0x00000007fac00000|100%| E|CS|TAMS 0x00000007fa800000| PB 0x00000007fa800000| Complete |  0
|2009|0x00000007fac00000, 0x00000007fb000000, 0x00000007fb000000|100%| E|CS|TAMS 0x00000007fac00000| PB 0x00000007fac00000| Complete |  0
|2010|0x00000007fb000000, 0x00000007fb400000, 0x00000007fb400000|100%| E|CS|TAMS 0x00000007fb000000| PB 0x00000007fb000000| Complete |  0
|2011|0x00000007fb400000, 0x00000007fb800000, 0x00000007fb800000|100%| E|CS|TAMS 0x00000007fb400000| PB 0x00000007fb400000| Complete |  0
|2012|0x00000007fb800000, 0x00000007fbc00000, 0x00000007fbc00000|100%| E|CS|TAMS 0x00000007fb800000| PB 0x00000007fb800000| Complete |  0
|2013|0x00000007fbc00000, 0x00000007fc000000, 0x00000007fc000000|100%| E|CS|TAMS 0x00000007fbc00000| PB 0x00000007fbc00000| Complete |  0
|2014|0x00000007fc000000, 0x00000007fc400000, 0x00000007fc400000|100%| E|CS|TAMS 0x00000007fc000000| PB 0x00000007fc000000| Complete |  0
|2015|0x00000007fc400000, 0x00000007fc800000, 0x00000007fc800000|100%| E|CS|TAMS 0x00000007fc400000| PB 0x00000007fc400000| Complete |  0
|2016|0x00000007fc800000, 0x00000007fcc00000, 0x00000007fcc00000|100%| E|CS|TAMS 0x00000007fc800000| PB 0x00000007fc800000| Complete |  0
|2017|0x00000007fcc00000, 0x00000007fd000000, 0x00000007fd000000|100%| E|CS|TAMS 0x00000007fcc00000| PB 0x00000007fcc00000| Complete |  0
|2018|0x00000007fd000000, 0x00000007fd400000, 0x00000007fd400000|100%| E|CS|TAMS 0x00000007fd000000| PB 0x00000007fd000000| Complete |  0
|2019|0x00000007fd400000, 0x00000007fd800000, 0x00000007fd800000|100%| E|CS|TAMS 0x00000007fd400000| PB 0x00000007fd400000| Complete |  0
|2020|0x00000007fd800000, 0x00000007fdc00000, 0x00000007fdc00000|100%| E|CS|TAMS 0x00000007fd800000| PB 0x00000007fd800000| Complete |  0
|2021|0x00000007fdc00000, 0x00000007fe000000, 0x00000007fe000000|100%| E|CS|TAMS 0x00000007fdc00000| PB 0x00000007fdc00000| Complete |  0
|2022|0x00000007fe000000, 0x00000007fe400000, 0x00000007fe400000|100%| E|CS|TAMS 0x00000007fe000000| PB 0x00000007fe000000| Complete |  0
|2023|0x00000007fe400000, 0x00000007fe800000, 0x00000007fe800000|100%| E|CS|TAMS 0x00000007fe400000| PB 0x00000007fe400000| Complete |  0
|2024|0x00000007fe800000, 0x00000007fec00000, 0x00000007fec00000|100%| E|CS|TAMS 0x00000007fe800000| PB 0x00000007fe800000| Complete |  0
|2025|0x00000007fec00000, 0x00000007ff000000, 0x00000007ff000000|100%| E|CS|TAMS 0x00000007fec00000| PB 0x00000007fec00000| Complete |  0
|2026|0x00000007ff000000, 0x00000007ff400000, 0x00000007ff400000|100%| E|CS|TAMS 0x00000007ff000000| PB 0x00000007ff000000| Complete |  0
|2027|0x00000007ff400000, 0x00000007ff800000, 0x00000007ff800000|100%| E|CS|TAMS 0x00000007ff400000| PB 0x00000007ff400000| Complete |  0
|2028|0x00000007ff800000, 0x00000007ffc00000, 0x00000007ffc00000|100%| E|CS|TAMS 0x00000007ff800000| PB 0x00000007ff800000| Complete |  0
|2029|0x00000007ffc00000, 0x0000000800000000, 0x0000000800000000|100%| E|CS|TAMS 0x00000007ffc00000| PB 0x00000007ffc00000| Complete |  0

Card table byte_map: [0x000002a871b70000,0x000002a872b50000] _byte_map_base: 0x000002a86eb4c000

Marking Bits: (CMBitMap*) 0x000002a8585c1ba0
 Bits: [0x000002a872b50000, 0x000002a87aa30000)

Polling page: 0x000002a856030000

Metaspace:
Metaspace        used 445128K, committed 451264K, reserved 1441792K
 class space     used 69036K, committed 71808K, reserved 1048576K

Usage:
  Non-class:    367.28 MB used.
      Class:     67.42 MB used.
       Both:    434.70 MB used.

Virtual space:
  Non-class space:      384.00 MB reserved,     370.56 MB ( 97%) committed,  6 nodes.
      Class space:        1.00 GB reserved,      70.12 MB (  7%) committed,  1 nodes.
             Both:        1.38 GB reserved,     440.69 MB ( 31%) committed. 

Chunk freelists:
   Non-Class:  13.48 MB
       Class:  9.76 MB
        Both:  23.24 MB

MaxMetaspaceSize: unlimited
CompressedClassSpaceSize: 1.00 GB
Initial GC threshold: 21.00 MB
Current GC threshold: 734.31 MB
CDS: on
 - commit_granule_bytes: 65536.
 - commit_granule_words: 8192.
 - virtual_space_node_default_size: 8388608.
 - enlarge_chunks_in_place: 1.
UseCompressedClassPointers 1, UseCompactObjectHeaders 0
Narrow klass pointer bits 32, Max shift 3
Narrow klass base: 0x0000000084000000, Narrow klass shift: 0
Encoding Range: [0x0000000084000000 - 0x0000000184000000), (4294967296 bytes)
Klass Range:    [0x0000000084010000 - 0x00000000c5000000), (1090453504 bytes)
Klass ID Range:  [65536 - 1090519033) (1090453497)
Protection zone: [0x0000000084000000 - 0x0000000084010000), (65536 bytes)


Internal statistics:

num_allocs_failed_limit: 3.
num_arena_births: 7504.
num_arena_deaths: 112.
num_vsnodes_births: 7.
num_vsnodes_deaths: 0.
num_space_committed: 7049.
num_space_uncommitted: 5.
num_chunks_returned_to_freelist: 229.
num_chunks_taken_from_freelist: 28890.
num_chunk_merges: 73.
num_chunk_splits: 19504.
num_chunks_enlarged: 11901.
num_inconsistent_stats: 0.

CodeHeap 'non-profiled nmethods': size=119232Kb used=19013Kb max_used=28990Kb free=100219Kb
 bounds [0x000002a868930000, 0x000002a86a580000, 0x000002a86fda0000]
CodeHeap 'profiled nmethods': size=119104Kb used=22635Kb max_used=49211Kb free=96468Kb
 bounds [0x000002a860da0000, 0x000002a863db0000, 0x000002a8681f0000]
CodeHeap 'non-nmethods': size=7424Kb used=3245Kb max_used=5221Kb free=4178Kb
 bounds [0x000002a8681f0000, 0x000002a868720000, 0x000002a868930000]
CodeCache: size=245760Kb, used=44893Kb, max_used=83422Kb, free=200865Kb
 total_blobs=20024, nmethods=17685, adapters=2226, full_count=0
Compilation: enabled, stopped_count=0, restarted_count=0

Compilation events (20 events):
Event: 6740.530 Thread 0x000002a827cf2360 nmethod 62012 0x000002a868e5c488 code [0x000002a868e5c580, 0x000002a868e5c6b8]
Event: 6742.965 Thread 0x000002a87ad1a160 62014       3       jdk.internal.math.FloatToDecimal::toChars (130 bytes)
Event: 6742.966 Thread 0x000002a87ad1a160 nmethod 62014 0x000002a86131ea88 code [0x000002a86131eb80, 0x000002a86131f0e0]
Event: 6764.964 Thread 0x000002a87ad1a160 62015       3       java.math.BigDecimal::bigMultiplyPowerTen (33 bytes)
Event: 6764.965 Thread 0x000002a87ad1a160 nmethod 62015 0x000002a861dd8e88 code [0x000002a861dd8f80, 0x000002a861dd91e0]
Event: 6765.058 Thread 0x000002a87ad1a160 62016       3       java.util.concurrent.ForkJoinPool::runWorker (433 bytes)
Event: 6766.893 Thread 0x000002a87ad1a160 nmethod 62016 0x000002a86100c488 code [0x000002a86100c580, 0x000002a86100d7a0]
Event: 6766.893 Thread 0x000002a87ad1a160 62017       3       java.math.BigDecimal::add (107 bytes)
Event: 6766.894 Thread 0x000002a87ad1a160 nmethod 62017 0x000002a860ff0488 code [0x000002a860ff0580, 0x000002a860ff0e00]
Event: 6767.312 Thread 0x000002a87ad1a160 62018   !   3       me.lucko.spark.paper.common.util.RollingAverage::add (77 bytes)
Event: 6767.312 Thread 0x000002a87ad1a160 nmethod 62018 0x000002a8611a7d08 code [0x000002a8611a7e00, 0x000002a8611a8578]
Event: 6767.360 Thread 0x000002a87ad1a160 62019       3       java.math.BigDecimal::add (113 bytes)
Event: 6767.360 Thread 0x000002a87ad1a160 nmethod 62019 0x000002a8615b6388 code [0x000002a8615b6480, 0x000002a8615b67e0]
Event: 6769.137 Thread 0x000002a87ad1a160 62020   !   3       studio.trc.bukkit.litesignin.thread.LiteSignInThread::run (144 bytes)
Event: 6769.933 Thread 0x000002a87ad1a160 nmethod 62020 0x000002a8610da708 code [0x000002a8610da820, 0x000002a8610dc230]
Event: 6769.962 Thread 0x000002a87ad07cb0 62021       4       java.math.BigDecimal::checkScale (58 bytes)
Event: 6769.963 Thread 0x000002a87ad07cb0 nmethod 62021 0x000002a868e5ee88 code [0x000002a868e5ef80, 0x000002a868e5f020]
Event: 6773.858 Thread 0x000002a87ad07cb0 62022       4       com.mojang.jtracy.DiscontinuousFrame::end (15 bytes)
Event: 6773.859 Thread 0x000002a87ad07cb0 nmethod 62022 0x000002a868e5f488 code [0x000002a868e5f580, 0x000002a868e5f618]
Event: 6773.905 Thread 0x000002a87ad07cb0 62023       4       net.minecraft.server.MinecraftServer::processPacketsAndTick (90 bytes)

GC Heap Usage History (20 events):
Event: 796.240 {heap Before GC invocations=174 (full 1):
 garbage-first heap   total reserved 8314880K, committed 3461120K, used 3275641K [0x0000000604800000, 0x0000000800000000)
  region size 4096K, 311 young (1273856K), 15 survivors (61440K)
}
Event: 796.252 {heap After GC invocations=175 (full 1):
 garbage-first heap   total reserved 8314880K, committed 3461120K, used 2060907K [0x0000000604800000, 0x0000000800000000)
  region size 4096K, 15 young (61440K), 15 survivors (61440K)
}
Event: 1197.486 {heap Before GC invocations=175 (full 1):
 garbage-first heap   total reserved 8314880K, committed 3461120K, used 3273323K [0x0000000604800000, 0x0000000800000000)
  region size 4096K, 311 young (1273856K), 15 survivors (61440K)
}
Event: 1197.502 {heap After GC invocations=176 (full 1):
 garbage-first heap   total reserved 8314880K, committed 3461120K, used 2062108K [0x0000000604800000, 0x0000000800000000)
  region size 4096K, 13 young (53248K), 13 survivors (53248K)
}
Event: 1772.440 {heap Before GC invocations=177 (full 1):
 garbage-first heap   total reserved 8314880K, committed 3461120K, used 3188508K [0x0000000604800000, 0x0000000800000000)
  region size 4096K, 310 young (1269760K), 13 survivors (53248K)
}
Event: 1772.450 {heap After GC invocations=178 (full 1):
 garbage-first heap   total reserved 8314880K, committed 3461120K, used 1978831K [0x0000000604800000, 0x0000000800000000)
  region size 4096K, 14 young (57344K), 14 survivors (57344K)
}
Event: 2391.327 {heap Before GC invocations=178 (full 1):
 garbage-first heap   total reserved 8314880K, committed 3461120K, used 3277263K [0x0000000604800000, 0x0000000800000000)
  region size 4096K, 331 young (1355776K), 14 survivors (57344K)
}
Event: 2391.339 {heap After GC invocations=179 (full 1):
 garbage-first heap   total reserved 8314880K, committed 3461120K, used 1937628K [0x0000000604800000, 0x0000000800000000)
  region size 4096K, 13 young (53248K), 13 survivors (53248K)
}
Event: 3042.333 {heap Before GC invocations=179 (full 1):
 garbage-first heap   total reserved 8314880K, committed 3461120K, used 3272924K [0x0000000604800000, 0x0000000800000000)
  region size 4096K, 339 young (1388544K), 13 survivors (53248K)
}
Event: 3042.343 {heap After GC invocations=180 (full 1):
 garbage-first heap   total reserved 8314880K, committed 3461120K, used 1938109K [0x0000000604800000, 0x0000000800000000)
  region size 4096K, 12 young (49152K), 12 survivors (49152K)
}
Event: 3710.015 {heap Before GC invocations=181 (full 1):
 garbage-first heap   total reserved 8314880K, committed 3461120K, used 3273405K [0x0000000604800000, 0x0000000800000000)
  region size 4096K, 338 young (1384448K), 12 survivors (49152K)
}
Event: 3710.025 {heap After GC invocations=182 (full 1):
 garbage-first heap   total reserved 8314880K, committed 3461120K, used 1940576K [0x0000000604800000, 0x0000000800000000)
  region size 4096K, 11 young (45056K), 11 survivors (45056K)
}
Event: 4357.479 {heap Before GC invocations=182 (full 1):
 garbage-first heap   total reserved 8314880K, committed 3461120K, used 3275872K [0x0000000604800000, 0x0000000800000000)
  region size 4096K, 337 young (1380352K), 11 survivors (45056K)
}
Event: 4357.492 {heap After GC invocations=183 (full 1):
 garbage-first heap   total reserved 8314880K, committed 3461120K, used 1919644K [0x0000000604800000, 0x0000000800000000)
  region size 4096K, 10 young (40960K), 10 survivors (40960K)
}
Event: 5012.621 {heap Before GC invocations=183 (full 1):
 garbage-first heap   total reserved 8314880K, committed 3461120K, used 3275420K [0x0000000604800000, 0x0000000800000000)
  region size 4096K, 341 young (1396736K), 10 survivors (40960K)
}
Event: 5012.629 {heap After GC invocations=184 (full 1):
 garbage-first heap   total reserved 8314880K, committed 3461120K, used 1922024K [0x0000000604800000, 0x0000000800000000)
  region size 4096K, 10 young (40960K), 10 survivors (40960K)
}
Event: 5672.541 {heap Before GC invocations=185 (full 1):
 garbage-first heap   total reserved 8314880K, committed 3461120K, used 3273704K [0x0000000604800000, 0x0000000800000000)
  region size 4096K, 340 young (1392640K), 10 survivors (40960K)
}
Event: 5672.552 {heap After GC invocations=186 (full 1):
 garbage-first heap   total reserved 8314880K, committed 3461120K, used 1925483K [0x0000000604800000, 0x0000000800000000)
  region size 4096K, 10 young (40960K), 10 survivors (40960K)
}
Event: 6332.600 {heap Before GC invocations=186 (full 1):
 garbage-first heap   total reserved 8314880K, committed 3461120K, used 3273067K [0x0000000604800000, 0x0000000800000000)
  region size 4096K, 339 young (1388544K), 10 survivors (40960K)
}
Event: 6332.613 {heap After GC invocations=187 (full 1):
 garbage-first heap   total reserved 8314880K, committed 3461120K, used 1904852K [0x0000000604800000, 0x0000000800000000)
  region size 4096K, 9 young (36864K), 9 survivors (36864K)
}

Metaspace Usage History (20 events):
Event: 796.240 {metaspace Before GC invocations=174 (full 1):
 Metaspace       used 443857K, committed 449920K, reserved 1441792K
  class space    used 69010K, committed 71808K, reserved 1048576K
}
Event: 796.252 {metaspace After GC invocations=175 (full 1):
 Metaspace       used 443857K, committed 449920K, reserved 1441792K
  class space    used 69010K, committed 71808K, reserved 1048576K
}
Event: 1197.486 {metaspace Before GC invocations=175 (full 1):
 Metaspace       used 444118K, committed 450176K, reserved 1441792K
  class space    used 69017K, committed 71808K, reserved 1048576K
}
Event: 1197.502 {metaspace After GC invocations=176 (full 1):
 Metaspace       used 444118K, committed 450176K, reserved 1441792K
  class space    used 69017K, committed 71808K, reserved 1048576K
}
Event: 1772.440 {metaspace Before GC invocations=177 (full 1):
 Metaspace       used 444423K, committed 450560K, reserved 1441792K
  class space    used 69028K, committed 71808K, reserved 1048576K
}
Event: 1772.450 {metaspace After GC invocations=178 (full 1):
 Metaspace       used 444423K, committed 450560K, reserved 1441792K
  class space    used 69028K, committed 71808K, reserved 1048576K
}
Event: 2391.327 {metaspace Before GC invocations=178 (full 1):
 Metaspace       used 444613K, committed 450688K, reserved 1441792K
  class space    used 69029K, committed 71808K, reserved 1048576K
}
Event: 2391.339 {metaspace After GC invocations=179 (full 1):
 Metaspace       used 444613K, committed 450688K, reserved 1441792K
  class space    used 69029K, committed 71808K, reserved 1048576K
}
Event: 3042.333 {metaspace Before GC invocations=179 (full 1):
 Metaspace       used 444753K, committed 450816K, reserved 1441792K
  class space    used 69029K, committed 71808K, reserved 1048576K
}
Event: 3042.343 {metaspace After GC invocations=180 (full 1):
 Metaspace       used 444753K, committed 450816K, reserved 1441792K
  class space    used 69029K, committed 71808K, reserved 1048576K
}
Event: 3710.015 {metaspace Before GC invocations=181 (full 1):
 Metaspace       used 444844K, committed 450944K, reserved 1441792K
  class space    used 69029K, committed 71808K, reserved 1048576K
}
Event: 3710.025 {metaspace After GC invocations=182 (full 1):
 Metaspace       used 444844K, committed 450944K, reserved 1441792K
  class space    used 69029K, committed 71808K, reserved 1048576K
}
Event: 4357.479 {metaspace Before GC invocations=182 (full 1):
 Metaspace       used 445001K, committed 451136K, reserved 1441792K
  class space    used 69036K, committed 71808K, reserved 1048576K
}
Event: 4357.492 {metaspace After GC invocations=183 (full 1):
 Metaspace       used 445001K, committed 451136K, reserved 1441792K
  class space    used 69036K, committed 71808K, reserved 1048576K
}
Event: 5012.621 {metaspace Before GC invocations=183 (full 1):
 Metaspace       used 445054K, committed 451136K, reserved 1441792K
  class space    used 69036K, committed 71808K, reserved 1048576K
}
Event: 5012.629 {metaspace After GC invocations=184 (full 1):
 Metaspace       used 445054K, committed 451136K, reserved 1441792K
  class space    used 69036K, committed 71808K, reserved 1048576K
}
Event: 5672.541 {metaspace Before GC invocations=185 (full 1):
 Metaspace       used 445088K, committed 451136K, reserved 1441792K
  class space    used 69036K, committed 71808K, reserved 1048576K
}
Event: 5672.552 {metaspace After GC invocations=186 (full 1):
 Metaspace       used 445088K, committed 451136K, reserved 1441792K
  class space    used 69036K, committed 71808K, reserved 1048576K
}
Event: 6332.600 {metaspace Before GC invocations=186 (full 1):
 Metaspace       used 445116K, committed 451200K, reserved 1441792K
  class space    used 69036K, committed 71808K, reserved 1048576K
}
Event: 6332.613 {metaspace After GC invocations=187 (full 1):
 Metaspace       used 445116K, committed 451200K, reserved 1441792K
  class space    used 69036K, committed 71808K, reserved 1048576K
}

Dll operation events (20 events):
Event: 0.050 Loaded shared library C:\Program Files\Java\jdk-25.0.2\bin\jimage.dll
Event: 3.597 Loaded shared library C:\Program Files\Java\jdk-25.0.2\bin\management.dll
Event: 3.598 Loaded shared library C:\Program Files\Java\jdk-25.0.2\bin\management_ext.dll
Event: 3.802 Loaded shared library C:\Windows\System32\msvcrt.dll
Event: 3.802 Loaded shared library C:\Windows\System32\kernel32.dll
Event: 3.890 Loaded shared library C:\Users\Ryan Yu\AppData\Local\Temp\jlinenative-3.27.1-a7d185b3489bf634-jlinenative.dll
Event: 3.993 Loaded shared library C:\Program Files\Java\jdk-25.0.2\bin\verify.dll
Event: 4.149 Loaded shared library C:\Users\Ryan Yu\AppData\Local\Temp\jna--977090040\jna5824084502274566340.dll
Event: 5.145 Loaded shared library C:\Windows\System32\ucrtbase.dll
Event: 5.146 Loaded shared library C:\Program Files\Java\jdk-25.0.2\bin\syslookup.dll
Event: 23.225 Loaded shared library C:\Program Files\Java\jdk-25.0.2\bin\jaas.dll
Event: 23.474 Loaded shared library C:\Program Files\Java\jdk-25.0.2\bin\sunmscapi.dll
Event: 23.562 Loaded shared library C:\Program Files\Java\jdk-25.0.2\bin\extnet.dll
Event: 29.308 Loaded shared library C:\Program Files\Java\jdk-25.0.2\bin\awt.dll
Event: 29.962 Loaded shared library C:\Program Files\Java\jdk-25.0.2\bin\freetype.dll
Event: 29.965 Loaded shared library C:\Program Files\Java\jdk-25.0.2\bin\fontmanager.dll
Event: 36.213 Loaded shared library C:\Program Files\Java\jdk-25.0.2\bin\javajpeg.dll
Event: 87.038 Loaded shared library C:\Users\Ryan Yu\AppData\Local\Temp\sqlite-3.49.1.0-38097098-8cd6-47e8-b628-47df1f0e0c48-sqlitejdbc.dll
Event: 111.845 Loaded shared library C:\Users\Ryan Yu\AppData\Local\org.graalvm.polyglot\engine\libtruffleattach\dffdb886909591f50bd05e4fdab42bf58cc10588b9f1a2be5bcbf0fd1a6f19cb\bin\truffleattach.dll
Event: 124.768 Loaded shared library C:\Users\Ryan Yu\AppData\Local\Temp\libzstd-jni-1.5.5-44796313124203634920.dll

Deoptimization events (20 events):
Event: 6763.843 Thread 0x000002a80e60b510 Uncommon trap: trap_request=0xffffff3d fr.pc=0x000002a8691facc0 relative=0x0000000000000c40
Event: 6763.843 Thread 0x000002a80e60b510 Uncommon trap: reason=unstable_fused_if action=reinterpret pc=0x000002a8691facc0 method=java.math.BigDecimal.bigMultiplyPowerTen(Ljava/math/BigInteger;I)Ljava/math/BigInteger; @ 1 c2
Event: 6763.843 Thread 0x000002a80e60b510 DEOPT PACKING pc=0x000002a8691facc0 sp=0x000000f918dcf4c0
Event: 6763.843 Thread 0x000002a80e60b510 DEOPT UNPACKING pc=0x000002a868311f02 sp=0x000000f918dcf310 mode 2
Event: 6763.843 Thread 0x000002a80e60b510 Uncommon trap: trap_request=0xffffff3d fr.pc=0x000002a86960e430 relative=0x0000000000000330
Event: 6763.843 Thread 0x000002a80e60b510 Uncommon trap: reason=unstable_fused_if action=reinterpret pc=0x000002a86960e430 method=java.math.BigDecimal.bigMultiplyPowerTen(Ljava/math/BigInteger;I)Ljava/math/BigInteger; @ 1 c2
Event: 6763.843 Thread 0x000002a80e60b510 DEOPT PACKING pc=0x000002a86960e430 sp=0x000000f918dcf460
Event: 6763.843 Thread 0x000002a80e60b510 DEOPT UNPACKING pc=0x000002a868311f02 sp=0x000000f918dcf310 mode 2
Event: 6763.843 Thread 0x000002a80e60b510 Uncommon trap: trap_request=0xffffff3d fr.pc=0x000002a868e5a9c4 relative=0x0000000000000244
Event: 6763.843 Thread 0x000002a80e60b510 Uncommon trap: reason=unstable_fused_if action=reinterpret pc=0x000002a868e5a9c4 method=java.math.BigDecimal.bigMultiplyPowerTen(Ljava/math/BigInteger;I)Ljava/math/BigInteger; @ 1 c2
Event: 6763.843 Thread 0x000002a80e60b510 DEOPT PACKING pc=0x000002a868e5a9c4 sp=0x000000f918dcf3d0
Event: 6763.843 Thread 0x000002a80e60b510 DEOPT UNPACKING pc=0x000002a868311f02 sp=0x000000f918dcf308 mode 2
Event: 6764.873 Thread 0x000002a8415bbd20 Uncommon trap: trap_request=0xffffff45 fr.pc=0x000002a8696d22f0 relative=0x0000000000001770
Event: 6764.873 Thread 0x000002a8415bbd20 Uncommon trap: reason=unstable_if action=reinterpret pc=0x000002a8696d22f0 method=java.util.concurrent.ForkJoinPool.signalWork()V @ 92 c2
Event: 6764.873 Thread 0x000002a8415bbd20 DEOPT PACKING pc=0x000002a8696d22f0 sp=0x000000f91c6cf1b0
Event: 6764.873 Thread 0x000002a8415bbd20 DEOPT UNPACKING pc=0x000002a868311f02 sp=0x000000f91c6cf060 mode 2
Event: 6766.893 Thread 0x000002a80e60b510 Uncommon trap: trap_request=0xfffffff4 fr.pc=0x000002a86a0893a0 relative=0x00000000000027a0
Event: 6766.893 Thread 0x000002a80e60b510 Uncommon trap: reason=null_check action=make_not_entrant pc=0x000002a86a0893a0 method=ca.spottedleaf.moonrise.common.time.TickData.addDataFrom(Lca/spottedleaf/moonrise/common/time/TickTime;)V @ 12 c2
Event: 6766.893 Thread 0x000002a80e60b510 DEOPT PACKING pc=0x000002a86a0893a0 sp=0x000000f918dcf600
Event: 6766.893 Thread 0x000002a80e60b510 DEOPT UNPACKING pc=0x000002a868311f02 sp=0x000000f918dcf420 mode 2

Classes loaded (20 events):
Event: 1105.009 Loading class java/awt/Cursor$CursorDisposer
Event: 1105.009 Loading class java/awt/Cursor$CursorDisposer done
Event: 1105.010 Loading class java/awt/Container$MouseEventTargetFilter
Event: 1105.011 Loading class java/awt/Container$EventTargetFilter
Event: 1105.011 Loading class java/awt/Container$EventTargetFilter done
Event: 1105.011 Loading class java/awt/Container$MouseEventTargetFilter done
Event: 1105.011 Loading class java/awt/event/AWTEventListenerProxy
Event: 1105.011 Loading class java/awt/event/AWTEventListenerProxy done
Event: 1105.016 Loading class java/awt/Toolkit$SelectiveAWTEventListener
Event: 1105.016 Loading class java/awt/Toolkit$SelectiveAWTEventListener done
Event: 1105.016 Loading class java/awt/Toolkit$ToolkitEventMulticaster
Event: 1105.016 Loading class java/awt/Toolkit$ToolkitEventMulticaster done
Event: 1105.556 Loading class java/awt/event/MouseWheelEvent
Event: 1105.556 Loading class java/awt/event/MouseWheelEvent done
Event: 1447.555 Loading class java/nio/channels/Channels$ReadableByteChannelImpl
Event: 1447.556 Loading class java/nio/channels/Channels$ReadableByteChannelImpl done
Event: 1604.584 Loading class sun/nio/ch/SocketOutputStream
Event: 1604.584 Loading class sun/nio/ch/SocketOutputStream done
Event: 3812.522 Loading class java/util/concurrent/ForkJoinTask$AdaptedInterruptibleRunnable
Event: 3812.522 Loading class java/util/concurrent/ForkJoinTask$AdaptedInterruptibleRunnable done

Classes unloaded (20 events):
Event: 114.063 Thread 0x000002a87ace8bd0 Unloading class 0x00000000881a0c00 'io/papermc/paper/event/executor/MethodHandleEventExecutorTemplate+0x00000000881a0c00'
Event: 114.063 Thread 0x000002a87ace8bd0 Unloading class 0x00000000881a0800 'io/papermc/paper/event/executor/MethodHandleEventExecutorTemplate+0x00000000881a0800'
Event: 114.063 Thread 0x000002a87ace8bd0 Unloading class 0x00000000881a0400 'io/papermc/paper/event/executor/MethodHandleEventExecutorTemplate+0x00000000881a0400'
Event: 114.063 Thread 0x000002a87ace8bd0 Unloading class 0x00000000881a0000 'io/papermc/paper/event/executor/MethodHandleEventExecutorTemplate+0x00000000881a0000'
Event: 114.063 Thread 0x000002a87ace8bd0 Unloading class 0x000000008819ac00 'io/papermc/paper/event/executor/MethodHandleEventExecutorTemplate+0x000000008819ac00'
Event: 114.063 Thread 0x000002a87ace8bd0 Unloading class 0x000000008819a800 'io/papermc/paper/event/executor/MethodHandleEventExecutorTemplate+0x000000008819a800'
Event: 114.063 Thread 0x000002a87ace8bd0 Unloading class 0x000000008819a400 'io/papermc/paper/event/executor/MethodHandleEventExecutorTemplate+0x000000008819a400'
Event: 114.063 Thread 0x000002a87ace8bd0 Unloading class 0x000000008819a000 'io/papermc/paper/event/executor/MethodHandleEventExecutorTemplate+0x000000008819a000'
Event: 114.063 Thread 0x000002a87ace8bd0 Unloading class 0x0000000088199c00 'io/papermc/paper/event/executor/MethodHandleEventExecutorTemplate+0x0000000088199c00'
Event: 114.063 Thread 0x000002a87ace8bd0 Unloading class 0x0000000088199800 'io/papermc/paper/event/executor/MethodHandleEventExecutorTemplate+0x0000000088199800'
Event: 114.063 Thread 0x000002a87ace8bd0 Unloading class 0x0000000088199400 'io/papermc/paper/event/executor/MethodHandleEventExecutorTemplate+0x0000000088199400'
Event: 114.063 Thread 0x000002a87ace8bd0 Unloading class 0x0000000088199000 'io/papermc/paper/event/executor/MethodHandleEventExecutorTemplate+0x0000000088199000'
Event: 114.063 Thread 0x000002a87ace8bd0 Unloading class 0x0000000088198c00 'io/papermc/paper/event/executor/MethodHandleEventExecutorTemplate+0x0000000088198c00'
Event: 114.063 Thread 0x000002a87ace8bd0 Unloading class 0x0000000088198800 'io/papermc/paper/event/executor/MethodHandleEventExecutorTemplate+0x0000000088198800'
Event: 114.063 Thread 0x000002a87ace8bd0 Unloading class 0x0000000088198400 'io/papermc/paper/event/executor/MethodHandleEventExecutorTemplate+0x0000000088198400'
Event: 114.063 Thread 0x000002a87ace8bd0 Unloading class 0x0000000088198000 'io/papermc/paper/event/executor/MethodHandleEventExecutorTemplate+0x0000000088198000'
Event: 114.063 Thread 0x000002a87ace8bd0 Unloading class 0x0000000088188400 'io/papermc/paper/event/executor/MethodHandleEventExecutorTemplate+0x0000000088188400'
Event: 114.063 Thread 0x000002a87ace8bd0 Unloading class 0x0000000088188000 'io/papermc/paper/event/executor/MethodHandleEventExecutorTemplate+0x0000000088188000'
Event: 141.719 Thread 0x000002a87ace8bd0 Unloading class 0x0000000087698800 'io/papermc/paper/event/executor/MethodHandleEventExecutorTemplate+0x0000000087698800'
Event: 189.142 Thread 0x000002a87ace8bd0 Unloading class 0x00000000893c0800 'com/comphenix/net/bytebuddy/mirror/AccessibleObject'

Classes redefined (0 events):
No events

Internal exceptions (20 events):
Event: 6512.639 Thread 0x000002a80e60b510 Exception <a 'sun/nio/fs/WindowsException'{0x00000006c00e6168}> (0x00000006c00e6168) 
thrown [s\open\src\hotspot\share\prims\jni.cpp, line 516]
Event: 6512.639 Thread 0x000002a80e60b510 Exception <a 'sun/nio/fs/WindowsException'{0x00000006c00e6460}> (0x00000006c00e6460) 
thrown [s\open\src\hotspot\share\prims\jni.cpp, line 516]
Event: 6512.639 Thread 0x000002a80e60b510 Exception <a 'sun/nio/fs/WindowsException'{0x00000006c00e6518}> (0x00000006c00e6518) 
thrown [s\open\src\hotspot\share\prims\jni.cpp, line 516]
Event: 6512.640 Thread 0x000002a80e60b510 Exception <a 'sun/nio/fs/WindowsException'{0x00000006c00e6a48}> (0x00000006c00e6a48) 
thrown [s\open\src\hotspot\share\prims\jni.cpp, line 516]
Event: 6512.662 Thread 0x000002a80e60b510 Exception <a 'sun/nio/fs/WindowsException'{0x00000006bf4917f0}> (0x00000006bf4917f0) 
thrown [s\open\src\hotspot\share\prims\jni.cpp, line 516]
Event: 6512.662 Thread 0x000002a80e60b510 Exception <a 'sun/nio/fs/WindowsException'{0x00000006bf491ae8}> (0x00000006bf491ae8) 
thrown [s\open\src\hotspot\share\prims\jni.cpp, line 516]
Event: 6512.662 Thread 0x000002a80e60b510 Exception <a 'sun/nio/fs/WindowsException'{0x00000006bf491ba0}> (0x00000006bf491ba0) 
thrown [s\open\src\hotspot\share\prims\jni.cpp, line 516]
Event: 6512.662 Thread 0x000002a80e60b510 Exception <a 'sun/nio/fs/WindowsException'{0x00000006bf4920d8}> (0x00000006bf4920d8) 
thrown [s\open\src\hotspot\share\prims\jni.cpp, line 516]
Event: 6512.678 Thread 0x000002a80e60b510 Exception <a 'sun/nio/fs/WindowsException'{0x00000006be83aca0}> (0x00000006be83aca0) 
thrown [s\open\src\hotspot\share\prims\jni.cpp, line 516]
Event: 6512.679 Thread 0x000002a80e60b510 Exception <a 'sun/nio/fs/WindowsException'{0x00000006be83af98}> (0x00000006be83af98) 
thrown [s\open\src\hotspot\share\prims\jni.cpp, line 516]
Event: 6512.679 Thread 0x000002a80e60b510 Exception <a 'sun/nio/fs/WindowsException'{0x00000006be83b050}> (0x00000006be83b050) 
thrown [s\open\src\hotspot\share\prims\jni.cpp, line 516]
Event: 6512.679 Thread 0x000002a80e60b510 Exception <a 'sun/nio/fs/WindowsException'{0x00000006be83b588}> (0x00000006be83b588) 
thrown [s\open\src\hotspot\share\prims\jni.cpp, line 516]
Event: 6521.455 Thread 0x000002a87f726f30 Exception <a 'java/io/IOException'{0x00000006be20b040}> (0x00000006be20b040) 
thrown [s\open\src\hotspot\share\prims\jni.cpp, line 516]
Event: 6521.455 Thread 0x000002a87f726f30 Exception <a 'java/io/IOException'{0x00000006be20b350}> (0x00000006be20b350) 
thrown [s\open\src\hotspot\share\prims\jni.cpp, line 516]
Event: 6521.456 Thread 0x000002a87f726f30 Exception <a 'java/io/IOException'{0x00000006be233e88}> (0x00000006be233e88) 
thrown [s\open\src\hotspot\share\prims\jni.cpp, line 516]
Event: 6521.456 Thread 0x000002a87f726f30 Exception <a 'java/io/IOException'{0x00000006be234198}> (0x00000006be234198) 
thrown [s\open\src\hotspot\share\prims\jni.cpp, line 516]
Event: 6553.217 Thread 0x000002a8089a7a70 Exception <a 'java/net/UnknownHostException'{0x00000006bc290e30}> (0x00000006bc290e30) 
thrown [s\open\src\hotspot\share\prims\jni.cpp, line 516]
Event: 6742.953 Thread 0x000002a827f6c830 Exception <a 'sun/nio/fs/WindowsException'{0x00000006a82e56c8}> (0x00000006a82e56c8) 
thrown [s\open\src\hotspot\share\prims\jni.cpp, line 516]
Event: 6742.954 Thread 0x000002a827f6c830 Exception <a 'sun/nio/fs/WindowsException'{0x00000006a82e5a58}> (0x00000006a82e5a58) 
thrown [s\open\src\hotspot\share\prims\jni.cpp, line 516]
Event: 6766.893 Thread 0x000002a80e60b510 Implicit null exception at 0x000002a86a0870ad to 0x000002a86a089370

VM Operations (20 events):
Event: 6775.163 Executing safepoint VM operation: ThreadDump
Event: 6775.163 Executing safepoint VM operation: ThreadDump done
Event: 6775.178 Executing safepoint VM operation: ThreadDump
Event: 6775.178 Executing safepoint VM operation: ThreadDump done
Event: 6775.193 Executing safepoint VM operation: ThreadDump
Event: 6775.193 Executing safepoint VM operation: ThreadDump done
Event: 6775.193 Executing safepoint VM operation: ThreadDump
Event: 6775.193 Executing safepoint VM operation: ThreadDump done
Event: 6775.209 Executing safepoint VM operation: ThreadDump
Event: 6775.209 Executing safepoint VM operation: ThreadDump done
Event: 6775.225 Executing safepoint VM operation: ThreadDump
Event: 6775.226 Executing safepoint VM operation: ThreadDump done
Event: 6775.226 Executing safepoint VM operation: ThreadDump
Event: 6775.226 Executing safepoint VM operation: ThreadDump done
Event: 6775.241 Executing safepoint VM operation: ThreadDump
Event: 6775.241 Executing safepoint VM operation: ThreadDump done
Event: 6775.257 Executing safepoint VM operation: ThreadDump
Event: 6775.257 Executing safepoint VM operation: ThreadDump done
Event: 6775.257 Executing safepoint VM operation: ThreadDump
Event: 6775.257 Executing safepoint VM operation: ThreadDump done

Memory protections (0 events):
No events

Nmethod flushes (20 events):
Event: 5013.114 Thread 0x000002a87ace8bd0 flushing  nmethod 0x000002a86a529308
Event: 5013.114 Thread 0x000002a87ace8bd0 flushing  nmethod 0x000002a860f7a888
Event: 5013.114 Thread 0x000002a87ace8bd0 flushing  nmethod 0x000002a860f88308
Event: 5013.114 Thread 0x000002a87ace8bd0 flushing  nmethod 0x000002a861175188
Event: 5013.114 Thread 0x000002a87ace8bd0 flushing  nmethod 0x000002a8616d9c88
Event: 5013.114 Thread 0x000002a87ace8bd0 flushing  nmethod 0x000002a8617db188
Event: 5013.114 Thread 0x000002a87ace8bd0 flushing  nmethod 0x000002a8617dc408
Event: 5013.114 Thread 0x000002a87ace8bd0 flushing  nmethod 0x000002a8617ebf88
Event: 5013.114 Thread 0x000002a87ace8bd0 flushing  nmethod 0x000002a861a5cc08
Event: 5013.114 Thread 0x000002a87ace8bd0 flushing  nmethod 0x000002a862001f08
Event: 5013.114 Thread 0x000002a87ace8bd0 flushing  nmethod 0x000002a862005688
Event: 5013.114 Thread 0x000002a87ace8bd0 flushing  nmethod 0x000002a862d92288
Event: 5013.114 Thread 0x000002a87ace8bd0 flushing  nmethod 0x000002a862d92708
Event: 5013.114 Thread 0x000002a87ace8bd0 flushing  nmethod 0x000002a862d94508
Event: 5013.114 Thread 0x000002a87ace8bd0 flushing  nmethod 0x000002a862d96288
Event: 5013.114 Thread 0x000002a87ace8bd0 flushing  nmethod 0x000002a863307f08
Event: 5013.114 Thread 0x000002a87ace8bd0 flushing  nmethod 0x000002a863605308
Event: 5013.114 Thread 0x000002a87ace8bd0 flushing  nmethod 0x000002a863953988
Event: 5013.114 Thread 0x000002a87ace8bd0 flushing  nmethod 0x000002a863972108
Event: 5013.114 Thread 0x000002a87ace8bd0 flushing  nmethod 0x000002a863b47388

Events (20 events):
Event: 6662.466 Thread 0x000002a80e60b510 Thread added: 0x000002a826f59b80
Event: 6662.469 Thread 0x000002a826f59b80 Thread exited: 0x000002a826f59b80
Event: 6692.467 Thread 0x000002a80e60b510 Thread added: 0x000002a81f776310
Event: 6692.472 Thread 0x000002a81f776310 Thread exited: 0x000002a81f776310
Event: 6698.519 Thread 0x000002a827479830 Thread exited: 0x000002a827479830
Event: 6704.511 Thread 0x000002a816d7f7c0 Thread added: 0x000002a8328f7030
Event: 6722.469 Thread 0x000002a80e60b510 Thread added: 0x000002a825c7d530
Event: 6722.471 Thread 0x000002a825c7d530 Thread exited: 0x000002a825c7d530
Event: 6734.517 Thread 0x000002a808960400 Thread exited: 0x000002a808960400
Event: 6734.517 Thread 0x000002a825a001a0 Thread exited: 0x000002a825a001a0
Event: 6740.526 Thread 0x000002a87ad07cb0 Thread added: 0x000002a827cf2360
Event: 6742.965 Thread 0x000002a827cf2360 Thread exited: 0x000002a827cf2360
Event: 6752.462 Thread 0x000002a80e60b510 Thread added: 0x000002a80efa3990
Event: 6752.472 Thread 0x000002a80efa3990 Thread exited: 0x000002a80efa3990
Event: 6762.822 Thread 0x000002a81851daa0 Thread added: 0x000002a81f7799c0
Event: 6763.843 Thread 0x000002a81851e270 Thread added: 0x000002a8415bbd20
Event: 6763.843 Thread 0x000002a817418470 Thread added: 0x000002a825c7e4d0
Event: 6763.843 Thread 0x000002a817dc8750 Thread added: 0x000002a83a68b480
Event: 6764.873 Thread 0x000002a817411ee0 Thread added: 0x000002a82c1dd530
Event: 6765.878 Thread 0x000002a816d7f7c0 Thread added: 0x000002a8188e8760


Dynamic libraries:
0x00007ff60d2e0000 - 0x00007ff60d2f0000 	C:\Program Files\Java\jdk-25.0.2\bin\javaw.exe
0x00007ffa28400000 - 0x00007ffa28667000 	C:\WINDOWS\SYSTEM32\ntdll.dll
0x00007ffa27230000 - 0x00007ffa272f9000 	C:\WINDOWS\System32\KERNEL32.DLL
0x00007ffa24e30000 - 0x00007ffa25227000 	C:\WINDOWS\System32\KERNELBASE.dll
0x00007ffa26030000 - 0x00007ffa2617b000 	C:\WINDOWS\System32\ucrtbase.dll
0x00007ff9ccc30000 - 0x00007ff9ccc47000 	C:\Program Files\Java\jdk-25.0.2\bin\jli.dll
0x00007ff9cc540000 - 0x00007ff9cc55e000 	C:\Program Files\Java\jdk-25.0.2\bin\VCRUNTIME140.dll
0x00007ffa27300000 - 0x00007ffa274c6000 	C:\WINDOWS\System32\USER32.dll
0x00007ffa25470000 - 0x00007ffa25497000 	C:\WINDOWS\System32\win32u.dll
0x00007ffa09b30000 - 0x00007ffa09dc2000 	C:\WINDOWS\WinSxS\amd64_microsoft.windows.common-controls_6595b64144ccf1df_6.0.26100.8457_none_3e0b2faee331e92d\COMCTL32.dll
0x00007ffa27860000 - 0x00007ffa2788b000 	C:\WINDOWS\System32\GDI32.dll
0x00007ffa27a10000 - 0x00007ffa27ab9000 	C:\WINDOWS\System32\msvcrt.dll
0x00007ffa254a0000 - 0x00007ffa255cc000 	C:\WINDOWS\System32\gdi32full.dll
0x00007ffa25e40000 - 0x00007ffa25ee3000 	C:\WINDOWS\System32\msvcp_win.dll
0x00007ffa278a0000 - 0x00007ffa278d2000 	C:\WINDOWS\System32\IMM32.DLL
0x00007ff9f15f0000 - 0x00007ff9f15fc000 	C:\Program Files\Java\jdk-25.0.2\bin\vcruntime140_1.dll
0x00007ff988860000 - 0x00007ff9888ed000 	C:\Program Files\Java\jdk-25.0.2\bin\msvcp140.dll
0x00007ff8d5670000 - 0x00007ff8d64cf000 	C:\Program Files\Java\jdk-25.0.2\bin\server\jvm.dll
0x00007ffa26960000 - 0x00007ffa26a16000 	C:\WINDOWS\System32\ADVAPI32.dll
0x00007ffa26500000 - 0x00007ffa265a7000 	C:\WINDOWS\System32\sechost.dll
0x00007ffa282a0000 - 0x00007ffa283b8000 	C:\WINDOWS\System32\RPCRT4.dll
0x00007ffa26730000 - 0x00007ffa267b0000 	C:\WINDOWS\System32\WS2_32.dll
0x00007ffa239f0000 - 0x00007ffa23a4e000 	C:\WINDOWS\SYSTEM32\POWRPROF.dll
0x00007ffa18fa0000 - 0x00007ffa18fab000 	C:\WINDOWS\SYSTEM32\VERSION.dll
0x00007ffa22350000 - 0x00007ffa22386000 	C:\WINDOWS\SYSTEM32\WINMM.dll
0x00007ffa239d0000 - 0x00007ffa239e4000 	C:\WINDOWS\SYSTEM32\UMPDC.dll
0x00007ffa23ca0000 - 0x00007ffa23cbb000 	C:\WINDOWS\SYSTEM32\kernel.appcore.dll
0x00007ff9e57a0000 - 0x00007ff9e57aa000 	C:\Program Files\Java\jdk-25.0.2\bin\jimage.dll
0x00007ffa22cb0000 - 0x00007ffa22ef2000 	C:\WINDOWS\SYSTEM32\DBGHELP.DLL
0x00007ffa274d0000 - 0x00007ffa27853000 	C:\WINDOWS\System32\combase.dll
0x00007ffa26830000 - 0x00007ffa26909000 	C:\WINDOWS\System32\OLEAUT32.dll
0x00007ff9e1a90000 - 0x00007ff9e1acb000 	C:\WINDOWS\SYSTEM32\dbgcore.DLL
0x00007ffa25f80000 - 0x00007ffa26028000 	C:\WINDOWS\System32\bcryptPrimitives.dll
0x00007ff9cb490000 - 0x00007ff9cb4af000 	C:\Program Files\Java\jdk-25.0.2\bin\java.dll
0x00007ffa27ac0000 - 0x00007ffa27c57000 	C:\WINDOWS\System32\ole32.dll
0x00007ffa26ab0000 - 0x00007ffa2721e000 	C:\WINDOWS\System32\SHELL32.dll
0x00007ffa255d0000 - 0x00007ffa25e3c000 	C:\WINDOWS\System32\windows.storage.dll
0x00007ffa265b0000 - 0x00007ffa266a6000 	C:\WINDOWS\System32\SHCORE.dll
0x00007ffa267c0000 - 0x00007ffa26826000 	C:\WINDOWS\System32\shlwapi.dll
0x00007ffa24d50000 - 0x00007ffa24d79000 	C:\WINDOWS\SYSTEM32\profapi.dll
0x00007ff9c9ec0000 - 0x00007ff9c9ed2000 	C:\Program Files\Java\jdk-25.0.2\bin\net.dll
0x00007ffa241f0000 - 0x00007ffa2425c000 	C:\WINDOWS\system32\mswsock.dll
0x00007ff9c4960000 - 0x00007ff9c4976000 	C:\Program Files\Java\jdk-25.0.2\bin\nio.dll
0x00007ff9c3030000 - 0x00007ff9c3047000 	C:\Program Files\Java\jdk-25.0.2\bin\zip.dll
0x00007ff9e51b0000 - 0x00007ff9e51ba000 	C:\Program Files\Java\jdk-25.0.2\bin\management.dll
0x00007ff9ce7a0000 - 0x00007ff9ce7ac000 	C:\Program Files\Java\jdk-25.0.2\bin\management_ext.dll
0x00007ffa26200000 - 0x00007ffa26208000 	C:\WINDOWS\System32\PSAPI.DLL
0x00007ff9fb160000 - 0x00007ff9fb178000 	C:\WINDOWS\system32\napinsp.dll
0x00007ffa236f0000 - 0x00007ffa23822000 	C:\WINDOWS\SYSTEM32\DNSAPI.dll
0x00007ffa23600000 - 0x00007ffa23632000 	C:\WINDOWS\SYSTEM32\IPHLPAPI.DLL
0x00007ffa27890000 - 0x00007ffa2789a000 	C:\WINDOWS\System32\NSI.dll
0x00007ff9fb1b0000 - 0x00007ff9fb1c3000 	C:\WINDOWS\System32\winrnr.dll
0x00007ff9f7760000 - 0x00007ff9f7782000 	C:\WINDOWS\system32\nlansp_c.dll
0x00007ff9fb140000 - 0x00007ff9fb156000 	C:\WINDOWS\system32\wshbth.dll
0x0000000062d60000 - 0x0000000062d86000 	C:\Program Files\Bonjour\mdnsNSP.dll
0x00007ffa129d0000 - 0x00007ffa129db000 	C:\Windows\System32\rasadhlp.dll
0x00007ffa18e40000 - 0x00007ffa18ec6000 	C:\WINDOWS\System32\fwpuclnt.dll
0x00007ff9c27c0000 - 0x00007ff9c27e4000 	C:\Users\Ryan Yu\AppData\Local\Temp\jlinenative-3.27.1-a7d185b3489bf634-jlinenative.dll
0x00007ff9ce620000 - 0x00007ff9ce630000 	C:\Program Files\Java\jdk-25.0.2\bin\verify.dll
0x00007ffa24570000 - 0x00007ffa2458b000 	C:\WINDOWS\SYSTEM32\CRYPTSP.dll
0x00007ffa23c00000 - 0x00007ffa23c39000 	C:\WINDOWS\system32\rsaenh.dll
0x00007ffa242a0000 - 0x00007ffa242d3000 	C:\WINDOWS\SYSTEM32\USERENV.dll
0x00007ffa24d20000 - 0x00007ffa24d4a000 	C:\WINDOWS\SYSTEM32\bcrypt.dll
0x00007ffa24450000 - 0x00007ffa2445c000 	C:\WINDOWS\SYSTEM32\CRYPTBASE.dll
0x00007ff9c1c00000 - 0x00007ff9c1c49000 	C:\Users\Ryan Yu\AppData\Local\Temp\jna--977090040\jna5824084502274566340.dll
0x00007ffa278e0000 - 0x00007ffa2798e000 	C:\WINDOWS\System32\clbcatq.dll
0x00007ff9f6150000 - 0x00007ff9f616d000 	C:\WINDOWS\SYSTEM32\amsi.dll
0x00007ff9f5760000 - 0x00007ff9f5802000 	C:\ProgramData\Microsoft\Windows Defender\Platform\4.18.26030.3011-0\MpOav.dll
0x00007ffa08dd0000 - 0x00007ffa08e26000 	C:\WINDOWS\SYSTEM32\Pdh.dll
0x00007ff9cc650000 - 0x00007ff9cc659000 	C:\Program Files\Java\jdk-25.0.2\bin\syslookup.dll
0x00007ffa23dc0000 - 0x00007ffa23df6000 	C:\WINDOWS\SYSTEM32\ntmarta.dll
0x00007ff9cbd00000 - 0x00007ff9cbd09000 	C:\Program Files\Java\jdk-25.0.2\bin\jaas.dll
0x00007ff9c8620000 - 0x00007ff9c862e000 	C:\Program Files\Java\jdk-25.0.2\bin\sunmscapi.dll
0x00007ffa252f0000 - 0x00007ffa25468000 	C:\WINDOWS\System32\CRYPT32.dll
0x00007ffa24750000 - 0x00007ffa24780000 	C:\WINDOWS\SYSTEM32\ncrypt.dll
0x00007ffa24700000 - 0x00007ffa2473f000 	C:\WINDOWS\SYSTEM32\NTASN1.dll
0x00007ff9c4950000 - 0x00007ff9c4959000 	C:\Program Files\Java\jdk-25.0.2\bin\extnet.dll
0x00007ff8f0470000 - 0x00007ff8f05f4000 	C:\Program Files\Java\jdk-25.0.2\bin\awt.dll
0x00007ffa1f4d0000 - 0x00007ffa1f570000 	C:\WINDOWS\SYSTEM32\apphelp.dll
0x00007ffa1f650000 - 0x00007ffa1f6fa000 	C:\WINDOWS\system32\uxtheme.dll
0x00007ffa27c60000 - 0x00007ffa27dbc000 	C:\WINDOWS\System32\MSCTF.dll
0x00007ffa1f8c0000 - 0x00007ffa1f8ef000 	C:\WINDOWS\system32\DWMAPI.DLL
0x00007ff9ff250000 - 0x00007ff9ff35f000 	C:\WINDOWS\system32\opengl32.dll
0x00007ff9ff220000 - 0x00007ff9ff24d000 	C:\WINDOWS\SYSTEM32\GLU32.dll
0x00007ffa21f60000 - 0x00007ffa21fa5000 	C:\WINDOWS\SYSTEM32\dxcore.dll
0x00007ff9cbdb0000 - 0x00007ff9cbf63000 	C:\WINDOWS\system32\d3d9.dll
0x00007ff9dafa0000 - 0x00007ff9db064000 	C:\WINDOWS\System32\DriverStore\FileRepository\nvcvi.inf_amd64_74ce386506dfea26\nvldumdx.dll
0x00007ffa245d0000 - 0x00007ffa245e3000 	C:\WINDOWS\SYSTEM32\msasn1.dll
0x00007ffa18e00000 - 0x00007ffa18e3b000 	C:\WINDOWS\SYSTEM32\cryptnet.dll
0x00007ffa24500000 - 0x00007ffa2456a000 	C:\WINDOWS\SYSTEM32\wldp.dll
0x00007ffa13330000 - 0x00007ffa134a8000 	C:\WINDOWS\SYSTEM32\drvstore.dll
0x00007ffa24a90000 - 0x00007ffa24abd000 	C:\WINDOWS\SYSTEM32\devobj.dll
0x00007ffa24ac0000 - 0x00007ffa24b11000 	C:\WINDOWS\SYSTEM32\cfgmgr32.dll
0x00007ffa25ef0000 - 0x00007ffa25f72000 	C:\WINDOWS\System32\wintrust.dll
0x00007ffa27dc0000 - 0x00007ffa27de0000 	C:\WINDOWS\System32\imagehlp.dll
0x00007ff9d5af0000 - 0x00007ff9daa47000 	C:\WINDOWS\System32\DriverStore\FileRepository\nvcvi.inf_amd64_74ce386506dfea26\nvgpucomp64.dll
0x00007ff9d4780000 - 0x00007ff9d48bb000 	C:\WINDOWS\System32\DriverStore\FileRepository\nvcvi.inf_amd64_74ce386506dfea26\NvMemMapStoragex.dll
0x00007ff97d5d0000 - 0x00007ff97fd06000 	C:\WINDOWS\System32\DriverStore\FileRepository\nvcvi.inf_amd64_74ce386506dfea26\nvd3dumx.dll
0x00007ffa1bde0000 - 0x00007ffa1be41000 	C:\WINDOWS\SYSTEM32\directxdatabasehelper.dll
0x00007ff955d70000 - 0x00007ff955eb7000 	C:\WINDOWS\system32\nvspcap64.dll
0x00007ffa24260000 - 0x00007ffa2428f000 	C:\WINDOWS\SYSTEM32\gpapi.dll
0x00007ff9bb2a0000 - 0x00007ff9bb9c5000 	C:\WINDOWS\System32\DriverStore\FileRepository\nvcvi.inf_amd64_74ce386506dfea26\nvppex.dll
0x00007ff981140000 - 0x00007ff9811c7000 	C:\Program Files\Java\jdk-25.0.2\bin\freetype.dll
0x00007ff979060000 - 0x00007ff97914e000 	C:\Program Files\Java\jdk-25.0.2\bin\fontmanager.dll
0x00007ffa1d820000 - 0x00007ffa1da4d000 	C:\WINDOWS\SYSTEM32\WindowsCodecs.dll
0x00007ff9c02d0000 - 0x00007ff9c032a000 	C:\WINDOWS\system32\dataexchange.dll
0x00007ffa11ce0000 - 0x00007ffa11f2e000 	C:\WINDOWS\system32\twinapi.appcore.dll
0x00007ff9f85d0000 - 0x00007ff9f8716000 	C:\WINDOWS\SYSTEM32\textinputframework.dll
0x00007ff9c0a60000 - 0x00007ff9c0a90000 	C:\Program Files\Java\jdk-25.0.2\bin\javajpeg.dll
0x00007ffa18f90000 - 0x00007ffa18f98000 	C:\WINDOWS\system32\wshunix.dll
0x00007ff8ebec0000 - 0x00007ff8ebfba000 	C:\Users\Ryan Yu\AppData\Local\Temp\sqlite-3.49.1.0-38097098-8cd6-47e8-b628-47df1f0e0c48-sqlitejdbc.dll
0x00007ff9c27a0000 - 0x00007ff9c27a7000 	C:\Users\Ryan Yu\AppData\Local\org.graalvm.polyglot\engine\libtruffleattach\dffdb886909591f50bd05e4fdab42bf58cc10588b9f1a2be5bcbf0fd1a6f19cb\bin\truffleattach.dll
0x00007ff9775d0000 - 0x00007ff9776ed000 	C:\Users\Ryan Yu\AppData\Local\Temp\libzstd-jni-1.5.5-44796313124203634920.dll
0x00007ffa1af60000 - 0x00007ffa1af7d000 	C:\WINDOWS\SYSTEM32\dhcpcsvc6.DLL
0x00007ffa1af30000 - 0x00007ffa1af55000 	C:\WINDOWS\SYSTEM32\dhcpcsvc.DLL
0x00007ffa1f070000 - 0x00007ffa1f197000 	C:\WINDOWS\SYSTEM32\CoreMessaging.dll
0x00007ffa1b0d0000 - 0x00007ffa1b3b2000 	C:\WINDOWS\SYSTEM32\CoreUIComponents.dll
0x00007ffa1bc70000 - 0x00007ffa1bdda000 	C:\WINDOWS\SYSTEM32\wintypes.dll
0x00007ff982660000 - 0x00007ff982af6000 	C:\WINDOWS\system32\SogouTSF.ime
0x00007ffa0a520000 - 0x00007ffa0a528000 	C:\WINDOWS\system32\MSIMG32.dll
0x00007ff981740000 - 0x00007ff982657000 	C:\WINDOWS\system32\SogouPY.ime
0x00007ffa1afa0000 - 0x00007ffa1b0c9000 	C:\WINDOWS\SYSTEM32\WINHTTP.dll
0x00007ff9e90e0000 - 0x00007ff9e9156000 	C:\WINDOWS\SYSTEM32\OLEACC.dll
0x00007ffa1dee0000 - 0x00007ffa1e147000 	C:\WINDOWS\SYSTEM32\DWrite.dll
0x0000000010000000 - 0x0000000010599000 	D:\Program Files (x86)\SogouInput\16.2.0.3513\Resource.dll
0x00007ff980da0000 - 0x00007ff981073000 	D:\Program Files (x86)\SogouInput\Components\IChat\1.0.2.3181\ichat_bundle64.dll
0x00007ffa1d480000 - 0x00007ffa1d586000 	C:\WINDOWS\SYSTEM32\PROPSYS.dll
0x00007ff980cf0000 - 0x00007ff980d96000 	D:\Program Files (x86)\SogouInput\Components\isgpet\1.0.2.3152\isgpet_bundle64.dll

JVMTI agents: none

dbghelp: loaded successfully - version: 4.0.5 - missing functions: none
symbol engine: initialized successfully - sym options: 0x614 - pdb path: .;C:\Program Files\Java\jdk-25.0.2\bin;C:\WINDOWS\SYSTEM32;C:\WINDOWS\WinSxS\amd64_microsoft.windows.common-controls_6595b64144ccf1df_6.0.26100.8457_none_3e0b2faee331e92d;C:\Program Files\Java\jdk-25.0.2\bin\server;C:\Program Files\Bonjour;C:\Users\Ryan Yu\AppData\Local\Temp;C:\Users\Ryan Yu\AppData\Local\Temp\jna--977090040;C:\ProgramData\Microsoft\Windows Defender\Platform\4.18.26030.3011-0;C:\WINDOWS\System32\DriverStore\FileRepository\nvcvi.inf_amd64_74ce386506dfea26;C:\Users\Ryan Yu\AppData\Local\org.graalvm.polyglot\engine\libtruffleattach\dffdb886909591f50bd05e4fdab42bf58cc10588b9f1a2be5bcbf0fd1a6f19cb\bin;D:\Program Files (x86)\SogouInput\16.2.0.3513;D:\Program Files (x86)\SogouInput\Components\IChat\1.0.2.3181;D:\Program Files (x86)\SogouInput\Components\isgpet\1.0.2.3152;D:\Program Files (x86)\SogouInput\Components\PicFace\1.1.0.3184;D:\Program Files (x86)\SogouInput\Components\systembeautify\1.0.2.2868

VM Arguments:
java_command: D:\Minecraft\∑˛ŒÒ∆˜\1.21.11\paper-1.21.11-132.jar
java_class_path (initial): D:\Minecraft\∑˛ŒÒ∆˜\1.21.11\paper-1.21.11-132.jar
Launcher Type: SUN_STANDARD

[Global flags]
     intx CICompilerCount                          = 12                                        {product} {ergonomic}
     uint ConcGCThreads                            = 5                                         {product} {ergonomic}
     uint G1ConcRefinementThreads                  = 18                                        {product} {ergonomic}
   size_t G1HeapRegionSize                         = 4194304                                   {product} {ergonomic}
   size_t InitialHeapSize                          = 532676608                                 {product} {ergonomic}
   size_t MarkStackSize                            = 4194304                                   {product} {ergonomic}
   size_t MarkStackSizeMax                         = 536870912                                 {product} {ergonomic}
   size_t MaxHeapSize                              = 8514437120                                {product} {ergonomic}
   size_t MaxNewSize                               = 5108662272                                {product} {ergonomic}
   size_t MinHeapDeltaBytes                        = 4194304                                   {product} {ergonomic}
   size_t MinHeapSize                              = 8388608                                   {product} {ergonomic}
    uintx NonNMethodCodeHeapSize                   = 7602176                                {pd product} {ergonomic}
    uintx NonProfiledCodeHeapSize                  = 122093568                              {pd product} {ergonomic}
    uintx ProfiledCodeHeapSize                     = 121962496                              {pd product} {ergonomic}
    uintx ReservedCodeCacheSize                    = 251658240                              {pd product} {ergonomic}
     bool SegmentedCodeCache                       = true                                      {product} {ergonomic}
   size_t SoftMaxHeapSize                          = 8514437120                             {manageable} {ergonomic}
     bool UseCompressedOops                        = true                           {product lp64_product} {ergonomic}
     bool UseG1GC                                  = true                                      {product} {ergonomic}
     bool UseLargePagesIndividualAllocation        = false                                  {pd product} {ergonomic}

Logging:
Log output configuration:
 #0: stdout all=warning uptime,level,tags foldmultilines=false
 #1: stderr all=off uptime,level,tags foldmultilines=false

Release file:
IMPLEMENTOR="Oracle Corporation" 
JAVA_RUNTIME_VERSION="25.0.2+10-LTS-69" 
JAVA_VERSION="25.0.2" 
JAVA_VERSION_DATE="2026-01-20" 
LIBC="default" 
MODULES="java.base java.compiler java.datatransfer java.xml java.prefs java.desktop java.instrument java.logging java.management java.security.sasl java.naming java.rmi java.management.rmi java.net.http java.scripting java.security.jgss java.transaction.xa java.sql java.sql.rowset java.xml.crypto java.se java.smartcardio jdk.accessibility jdk.internal.jvmstat jdk.attach jdk.charsets jdk.internal.opt jdk.zipfs jdk.compiler jdk.crypto.cryptoki jdk.crypto.ec jdk.crypto.mscapi jdk.dynalink jdk.internal.ed jdk.editpad jdk.internal.vm.ci jdk.graal.compiler jdk.graal.compiler.management jdk.hotspot.agent jdk.httpserver jdk.incubator.vector jdk.internal.le jdk.internal.md jdk.jartool jdk.javadoc jdk.jcmd jdk.management jdk.management.agent jdk.jconsole jdk.jdeps jdk.jdwp.agent jdk.jdi jdk.jfr jdk.jlink jdk.jpackage jdk.jshell jdk.jsobject jdk.jstatd jdk.localedata jdk.management.jfr jdk.naming.dns jdk.naming.rmi jdk.net jdk.nio.mapmode jdk.sctp jdk.security.auth jdk.security.jgss jdk.unsupported jdk.unsupported.desktop jdk.xml.dom" 
OS_ARCH="x86_64" 
OS_NAME="Windows" 
SOURCE=".:git:b75efb40c93a open:git:405a5699ebd0" 

Environment Variables:
PATH=C:\Program Files\NVIDIA GPU Computing Toolkit\CUDA\v13.2\bin\x64;C:\Program Files\NVIDIA GPU Computing Toolkit\CUDA\v13.2\bin;C:\Program Files\Common Files\Oracle\Java\javapath;C:\WINDOWS\system32;C:\WINDOWS;C:\WINDOWS\System32\Wbem;C:\WINDOWS\System32\WindowsPowerShell\v1.0\;C:\WINDOWS\System32\OpenSSH\;C:\Users\Administrator\AppData\Local\Microsoft\WindowsApps;C:\Recovery\OEM\Backup\;C:\Program Files\dotnet\;C:\Program Files (x86)\NVIDIA Corporation\PhysX\Common;C:\Program Files\NVIDIA Corporation\NVIDIA app\NvDLISR;C:\Recovery\OEM\Backup\;D:\app\bandizip\;C:\Program Files\Microsoft SQL Server\Client SDK\ODBC\170\Tools\Binn\;C:\Program Files (x86)\Microsoft SQL Server\150\Tools\Binn\;C:\Program Files\Microsoft SQL Server\150\Tools\Binn\;C:\Program Files\Microsoft SQL Server\150\DTS\Binn\;C:\Program Files (x86)\Windows Kits\8.1\Windows Performance Toolkit\;C:\Program Files (x86)\Windows Kits\10\Windows Performance Toolkit\;D:\app\Bandizip;D:\Program Files\nodejs\;C:\Program Files\Docker\Docker\resources\bin;D:\Program Files\MATLAB\R2025b\bin;C:\Program Files (x86)\ZED SDK\dependencies\freeglut_2.8\x64;C:\Program Files (x86)\ZED SDK\dependencies\glew-1.12.0\x64;C:\Program Files (x86)\ZED SDK\dependencies\opencv_3.1.0\x64;C:\Program Files (x86)\ZED SDK\bin;C:\Program Files\NVIDIA Corporation\Nsight Compute 2026.1.0\;D:\Program Files\Git\cmd;D:\Program Files\Git LFS;C:\Users\Ryan Yu\AppData\Local\Programs\Python\Python310\Scripts\;C:\Users\Ryan Yu\AppData\Local\Programs\Python\Python310\;C:\Users\Ryan Yu\AppData\Local\Microsoft\WindowsApps;D:\Users\Ryan Yu\AppData\Local\Programs\Fiddler;D:\app\Microsoft VS Code\bin;C:\Users\Ryan Yu\AppData\Local\Python\bin;D:\Program Files\JetBrains\PyCharm 2025.3.1\bin;C:\Users\Ryan Yu\AppData\Roaming\npm;D:\app\cursor\resources\app\bin
USERNAME=Ryan Yu
OS=Windows_NT
PROCESSOR_IDENTIFIER=Intel64 Family 6 Model 183 Stepping 1, GenuineIntel
TMP=C:\Users\RYANYU~1\AppData\Local\Temp
TEMP=C:\Users\RYANYU~1\AppData\Local\Temp




Compilation memory statistics disabled.

Periodic native trim disabled

---------------  S Y S T E M  ---------------

OS:
 Windows 11 , 64 bit Build 26100 (10.0.26100.8328)
OS uptime: 0 days 4:19 hours
Hyper-V role detected

CPU: total 24 (initial active 24) (12 cores per cpu, 2 threads per core) family 6 model 183 stepping 1 microcode 0x12c, cx8, cmov, fxsr, ht, mmx, 3dnowpref, sse, sse2, sse3, ssse3, sse4.1, sse4.2, popcnt, lzcnt, tsc, tscinvbit, avx, avx2, aes, erms, clmul, bmi1, bmi2, adx, sha, fma, vzeroupper, clflush, clflushopt, clwb, hv, serialize, rdtscp, rdpid, fsrm, gfni, f16c, cet_ibt, cet_ss
Processor Information for the first 24 processors :
  Max Mhz: 2200, Current Mhz: 2200, Mhz Limit: 2200

Memory: 4k page, system-wide physical 32471M (9598M free)
TotalPageFile size 63305M (AvailPageFile size 18M)
current process WorkingSet (physical memory assigned to process): 3276M, peak: 4493M
current process commit charge ("private bytes"): 4568M, peak: 4575M

vm_info: Java HotSpot(TM) 64-Bit Server VM (25.0.2+10-LTS-69) for windows-amd64 JRE (25.0.2+10-LTS-69), built on 2025-12-18T11:36:35Z with MS VC++ 17.13 (VS2022)

END.
