#
# A fatal error has been detected by the Java Runtime Environment:
#
#  EXCEPTION_ACCESS_VIOLATION (0xc0000005) at pc=0x00007ffcc260f141, pid=8596, tid=15492
#
# JRE version: Java(TM) SE Runtime Environment (25.0.2+10) (build 25.0.2+10-LTS-69)
# Java VM: Java HotSpot(TM) 64-Bit Server VM (25.0.2+10-LTS-69, mixed mode, sharing, tiered, compressed oops, compressed class ptrs, g1 gc, windows-amd64)
# Problematic frame:
# C  [awt.dll+0xdf141]
#
# No core dump will be written. Minidumps are not enabled by default on client versions of Windows
#
# If you would like to submit a bug report, please visit:
#   https://bugreport.java.com/bugreport/crash.jsp
# The crash happened outside the Java Virtual Machine in native code.
# See problematic frame for where to report the bug.
#

---------------  S U M M A R Y ------------

Command Line: D:\Minecraft\∑˛ŒÒ∆˜\1.21.11\paper-1.21.11-132.jar

Host: Intel(R) Core(TM) i7-14650HX, 24 cores, 31G,  Windows 11 , 64 bit Build 26100 (10.0.26100.8328)
Time: Fri May 29 17:05:04 2026 elapsed time: 10447.410119 seconds (0d 2h 54m 7s)

---------------  T H R E A D  ---------------

Current thread (0x0000018cd61c31c0):  JavaThread "AWT-Windows" daemon [_thread_in_native, id=15492, stack(0x0000003baff00000,0x0000003bb0000000) (1024K)]

Stack: [0x0000003baff00000,0x0000003bb0000000],  sp=0x0000003bafffed60,  free space=1019k
Native frames: (J=compiled Java code, j=interpreted, Vv=VM code, C=native code)
C  [awt.dll+0xdf141]  (no source info available)
C  [awt.dll+0x98b2c]  (no source info available)
C  [awt.dll+0x98bd6]  (no source info available)
C  [awt.dll+0x95f59]  (no source info available)
C  [awt.dll+0xe386b]  (no source info available)
C  [awt.dll+0xb2f7d]  (no source info available)
C  [awt.dll+0x99110]  (no source info available)
C  [USER32.dll+0xc396]  (no source info available)
C  [USER32.dll+0xbe5c]  (no source info available)
C  [awt.dll+0x16613]  (no source info available)
C  [COMCTL32.dll+0x2ced8]  (no source info available)
C  [COMCTL32.dll+0x2ccaf]  (no source info available)
C  [USER32.dll+0xc396]  (no source info available)
C  [USER32.dll+0xa7ed]  (no source info available)
C  [awt.dll+0xd84ce]  (no source info available)
C  [awt.dll+0xda3f2]  (no source info available)
C  0x0000018cb4d6d193  (no source info available)

The last pc belongs to native method entry point (kind = native) (printed below).
Java frames: (J=compiled Java code, j=interpreted, Vv=VM code)
j  sun.awt.windows.WToolkit.eventLoop()V+0 java.desktop@25.0.2
j  sun.awt.windows.WToolkit.run()V+56 java.desktop@25.0.2
j  java.lang.Thread.runWith(Ljava/lang/Object;Ljava/lang/Runnable;)V+5 java.base@25.0.2
j  java.lang.Thread.run()V+19 java.base@25.0.2
v  ~StubRoutines::call_stub 0x0000018cb4d612ed

siginfo: EXCEPTION_ACCESS_VIOLATION (0xc0000005), reading address 0x0000000100000006


Registers:
RAX=0x00000000fffffffe, RBX=0x0000018cec6e6840, RCX=0x0000000000000000, RDX=0x0000000000000000
RSP=0x0000003bafffed60, RBP=0x0000003bafffee79, RSI=0x00000000640119a0, RDI=0x0000000000000000
R8 =0x0000000000000001, R9 =0x0000003bab8e6000, R10=0x0000000000000000, R11=0x0000000000000246
R12=0x0000000000000000, R13=0x0000000000000001, R14=0x0000018cd4647cb0, R15=0x0000000000000000
RIP=0x00007ffcc260f141, EFLAGS=0x0000000000010246

XMM[0]=0x0000000000000000 0x0000000000000000
XMM[1]=0x0000000000000000 0x0000000000000000
XMM[2]=0x0000000000000000 0x0000000000000000
XMM[3]=0x0000000000000000 0x0000000000000000
XMM[4]=0x0000000000000000 0x0000000000000000
XMM[5]=0x0000000000000000 0x0000000000000000
XMM[6]=0x0000000000000000 0x0000000000000000
XMM[7]=0x0000000000000000 0x0000000000000000
XMM[8]=0x0000000000000000 0x0000000000000000
XMM[9]=0x0000000000000000 0x0000000000000000
XMM[10]=0x0000000000000000 0x0000000000000000
XMM[11]=0x0000000000000000 0x0000000000000000
XMM[12]=0x0000000000000000 0x0000000000000000
XMM[13]=0x0000000000000000 0x0000000000000000
XMM[14]=0x0000000000000000 0x0000000000000000
XMM[15]=0x0000000000000000 0x0000000000000000
  MXCSR=0x00001fa0


Register to memory mapping:

RAX=0x00000000fffffffe is an unknown value
RBX=0x0000018cec6e6840 points into unknown readable memory: 0x0000018cd483dee0 | e0 de 83 d4 8c 01 00 00
RCX=0x0 is null
RDX=0x0 is null
RSP=0x0000003bafffed60 is pointing into the stack for thread: 0x0000018cd61c31c0
RBP=0x0000003bafffee79 is pointing into the stack for thread: 0x0000018cd61c31c0
RSI=0x00000000640119a0 is an unknown value
RDI=0x0 is null
R8 =0x0000000000000001 is an unknown value
R9 =0x0000003bab8e6000 points into unknown readable memory: 0x0000000000000000 | 00 00 00 00 00 00 00 00
R10=0x0 is null
R11=0x0000000000000246 is an unknown value
R12=0x0 is null
R13=0x0000000000000001 is an unknown value
R14=0x0000018cd4647cb0 points into unknown readable memory: 0x00007ffcc263e930 | 30 e9 63 c2 fc 7f 00 00
R15=0x0 is null

Top of Stack: (sp=0x0000003bafffed60)
0x0000003bafffed60:   00007ffcc266c838 00000000640119a0   8.f........d....
0x0000003bafffed70:   0000018cd4647cb0 0000018cd61c3608   .|d......6......
0x0000003bafffed80:   0000000000000000 00007ffcc25c8b2c   ........,.\.....
0x0000003bafffed90:   00000000640119a0 0000018cd4647cb0   ...d.....|d.....
0x0000003bafffeda0:   0000018cec6e6840 00007ffcc2546613   @hn......fT.....
0x0000003bafffedb0:   0000018cd61c3608 00007ffcc25c8bd6   .6........\.....
0x0000003bafffedc0:   0000018cd4647d50 0000000000000001   P}d.............
0x0000003bafffedd0:   0000000000000000 0000000000000000   ................
0x0000003bafffede0:   0000018cd61c3608 00007ffcc25c5f59   .6......Y_\.....
0x0000003bafffedf0:   0000018cd4647d50 0000003bafffeed4   P}d.........;...
0x0000003bafffee00:   0000000000000000 0000000000000000   ................
0x0000003bafffee10:   00007ffcc25c90b0 00007ffd0e7ef6be   ..\.......~.....
0x0000003bafffee20:   0000000000000001 00007ffd0db8c919   ................
0x0000003bafffee30:   0000003b00000310 0000000000000000   ....;...........
0x0000003bafffee40:   0000003bafffeed4 0000000000000000   ....;...........
0x0000003bafffee50:   0000000000000000 0000000000000000   ................
0x0000003bafffee60:   0000018cd4647d50 0000018cd61c3608   P}d......6......
0x0000003bafffee70:   0000000000000000 0000000000000000   ................
0x0000003bafffee80:   00004ceb0ed15526 0000000000000000   &U...L..........
0x0000003bafffee90:   0000000000000000 0000000000000000   ................
0x0000003bafffeea0:   0000000000000000 0000000000000000   ................
0x0000003bafffeeb0:   0000000000000000 0000000000000310   ................
0x0000003bafffeec0:   0000000000000000 0000018cd4647cb0   .........|d.....
0x0000003bafffeed0:   0000018cd4647cb0 00007ffcc261386b   .|d.....k8a.....
0x0000003bafffeee0:   0000000000000000 000001171ec8a06e   ........n.......
0x0000003bafffeef0:   000098d1d860520c 0000000000000022   .R`.....".......
0x0000003bafffef00:   000000000000c327 0000000000000000   '...............
0x0000003bafffef10:   0000000000000000 00007ffd0db5c569   ........i.......
0x0000003bafffef20:   0000000000000000 0000000000000001   ................
0x0000003bafffef30:   0000000000000022 00007ffd0e85047f   "...............
0x0000003bafffef40:   0000000000021082 00007ffd0db5d7ba   ................
0x0000003bafffef50:   ffffffffffffffeb 00004ceb0ed15636   ........6V...L..

Instructions: (pc=0x00007ffcc260f141)
  0x00007ffcc260f041:   83 ec 28 66 0f 6e c2 0f 5b c0 f3 0f 59 41 48 0f
  0x00007ffcc260f051:   5a c8 f2 0f 10 05 dd 3b 03 00 f2 0f 5c 0d e5 3b
  0x00007ffcc260f061:   01 00 66 0f 2f c1 76 0a b8 00 00 00 80 48 83 c4
  0x00007ffcc260f071:   28 c3 66 0f 2f 0d 55 85 02 00 76 0a b8 ff ff ff
  0x00007ffcc260f081:   7f 48 83 c4 28 c3 0f 28 c1 e8 9b 07 01 00 f2 0f
  0x00007ffcc260f091:   2c c0 48 83 c4 28 c3 cc cc cc cc cc cc cc cc 48
  0x00007ffcc260f0a1:   83 ec 28 66 0f 6e c2 0f 5b c0 f3 0f 59 41 4c 0f
  0x00007ffcc260f0b1:   5a c8 f2 0f 10 05 7d 3b 03 00 f2 0f 5c 0d 85 3b
  0x00007ffcc260f0c1:   01 00 66 0f 2f c1 76 0a b8 00 00 00 80 48 83 c4
  0x00007ffcc260f0d1:   28 c3 66 0f 2f 0d f5 84 02 00 76 0a b8 ff ff ff
  0x00007ffcc260f0e1:   7f 48 83 c4 28 c3 0f 28 c1 e8 3b 07 01 00 f2 0f
  0x00007ffcc260f0f1:   2c c0 48 83 c4 28 c3 cc cc cc cc cc cc cc cc 48
  0x00007ffcc260f101:   8b 49 08 48 85 c9 0f 85 63 78 fe ff 33 c0 c3 48
  0x00007ffcc260f111:   89 5c 24 08 48 89 74 24 10 57 48 83 ec 20 8b fa
  0x00007ffcc260f121:   48 8b f1 e8 87 92 f4 ff 48 8b d8 48 89 44 24 40
  0x00007ffcc260f131:   41 b8 01 00 00 00 8b d7 48 8b c8 e8 df 91 f4 ff
=>0x00007ffcc260f141:   48 8b 48 08 48 85 c9 74 0d 48 8b d6 e8 1e 78 fe
  0x00007ffcc260f151:   ff 48 8b f8 eb 02 33 ff 48 8b cb e8 0f 94 f4 ff
  0x00007ffcc260f161:   90 48 8b c7 48 8b 5c 24 30 48 8b 74 24 38 48 83
  0x00007ffcc260f171:   c4 20 5f c3 cc cc cc cc cc cc cc cc cc cc cc 48
  0x00007ffcc260f181:   8b 01 89 10 c3 cc cc cc cc cc cc cc cc cc cc 40
  0x00007ffcc260f191:   57 48 83 ec 40 48 83 79 38 00 48 8b f9 0f 84 b9
  0x00007ffcc260f1a1:   01 00 00 48 8b 0d 55 9d 06 00 ba 02 00 01 00 48
  0x00007ffcc260f1b1:   89 5c 24 58 48 89 74 24 68 e8 00 cf 00 00 4c 8b
  0x00007ffcc260f1c1:   05 82 a2 06 00 48 8b c8 48 8b 57 38 48 8b d8 4c
  0x00007ffcc260f1d1:   8b 08 4d 8b 91 f8 02 00 00 41 ff d2 48 8b f0 48
  0x00007ffcc260f1e1:   85 c0 0f 84 6a 01 00 00 48 8b 0b 48 8b d0 4c 8b
  0x00007ffcc260f1f1:   05 42 a2 06 00 4c 8b 89 00 01 00 00 48 8b cb 41
  0x00007ffcc260f201:   ff d1 84 c0 0f 84 48 01 00 00 48 8b 03 48 8b d6
  0x00007ffcc260f211:   48 8b 7f 08 48 8b cb 4c 8b 05 31 a2 06 00 48 81
  0x00007ffcc260f221:   c7 00 04 00 00 48 89 6c 24 60 4c 8b 88 f8 02 00
  0x00007ffcc260f231:   00 4c 89 64 24 38 41 ff d1 48 8b 0b 48 8b d6 4c


Stack slot to memory mapping:

stack at sp + 0 slots: 0x00007ffcc266c838 awt.dll
stack at sp + 1 slots: 0x00000000640119a0 is an unknown value
stack at sp + 2 slots: 0x0000018cd4647cb0 points into unknown readable memory: 0x00007ffcc263e930 | 30 e9 63 c2 fc 7f 00 00
stack at sp + 3 slots: 0x0000018cd61c3608 points into unknown readable memory: 0x00007ffbcb996ba0 | a0 6b 99 cb fb 7f 00 00
stack at sp + 4 slots: 0x0 is null
stack at sp + 5 slots: 0x00007ffcc25c8b2c awt.dll
stack at sp + 6 slots: 0x00000000640119a0 is an unknown value
stack at sp + 7 slots: 0x0000018cd4647cb0 points into unknown readable memory: 0x00007ffcc263e930 | 30 e9 63 c2 fc 7f 00 00

Lock stack of current Java thread (top to bottom):

native method entry point (kind = native)  [0x0000018cb4d6cdc0, 0x0000018cb4d6d8b8]  2808 bytes
[MachCode]
  0x0000018cb4d6cdc0: 488b 4b08 | 0fb7 492e | 584c 8d74 | ccf8 6800 | 0000 0068 | 0000 0000 | 5055 488b | ec41 5548 
  0x0000018cb4d6cde0: 8b43 084c | 8d68 3848 | 8b40 0868 | 0000 0000 | 5348 8b50 | 1848 8b52 | 7048 8b12 | 5248 8b53 
  0x0000018cb4d6ce00: 1048 85d2 | 7407 4881 | c2d0 0000 | 0052 488b | 5010 5249 | 8bc6 482b | c548 c1e8 | 0350 6800 
  0x0000018cb4d6ce20: 0000 0068 | f7ff ffff | 41c6 87f1 | 0400 0001 | 488b 4310 | 4885 c074 | 208b 8890 | 0000 0083 
  0x0000018cb4d6ce40: c102 8988 | 9000 0000 | 2388 a400 | 0000 0f84 | b209 0000 | e9cf 0000 | 0048 8b43 | 1848 85c0 
  0x0000018cb4d6ce60: 0f85 b000 | 0000 e805 | 0000 00e9 | 9900 0000 | 488b d348 | 8d44 2408 | 4c89 6dc0 | 498b cfc5 
  0x0000018cb4d6ce80: f877 4989 | af38 0400 | 0049 8987 | 2804 0000 | 4883 ec20 | 40f6 c40f | 0f84 1900 | 0000 4883 
  0x0000018cb4d6cea0: ec08 48b8 | 4022 12cb | fb7f 0000 | ffd0 4883 | c408 e90c | 0000 0048 | b840 2212 | cbfb 7f00 
  0x0000018cb4d6cec0: 00ff d048 | 83c4 2049 | c787 2804 | 0000 0000 | 0000 49c7 | 8738 0400 | 0000 0000 | 0049 c787 
  0x0000018cb4d6cee0: 3004 0000 | 0000 0000 | c5f8 7749 | 837f 0800 | 0f84 0500 | 0000 e9e5 | 42ff ff4c | 8b6d c04c 
  0x0000018cb4d6cf00: 8b75 c84e | 8d74 f500 | c348 8b43 | 1848 85c0 | 0f84 1200 | 0000 8b48 | 0883 c102 | 8948 0823 
  0x0000018cb4d6cf20: 482c 0f84 | de08 0000 | 493b a770 | 0500 000f | 8748 0000 | 0089 8424 | 00f0 ffff | 8984 2400 
  0x0000018cb4d6cf40: e0ff ff89 | 8424 00d0 | ffff 8984 | 2400 c0ff | ff89 8424 | 00b0 ffff | 8984 2400 | a0ff ff89 
  0x0000018cb4d6cf60: 8424 0090 | ffff 8984 | 2400 80ff | ff49 3ba7 | 6805 0000 | 7607 4989 | a770 0500 | 0041 c687 
  0x0000018cb4d6cf80: f104 0000 | 0048 8b5d | e84c 8b5b | 0845 0fb7 | 5b2e 41c1 | e303 492b | e348 83ec | 2048 83e4 
  0x0000018cb4d6cfa0: f04c 8b5b | 604d 85db | 0f85 ab00 | 0000 e805 | 0000 00e9 | 9900 0000 | 488b d348 | 8d44 2408 
  0x0000018cb4d6cfc0: 4c89 6dc0 | 498b cfc5 | f877 4989 | af38 0400 | 0049 8987 | 2804 0000 | 4883 ec20 | 40f6 c40f 
  0x0000018cb4d6cfe0: 0f84 1900 | 0000 4883 | ec08 48b8 | 704b 12cb | fb7f 0000 | ffd0 4883 | c408 e90c | 0000 0048 
  0x0000018cb4d6d000: b870 4b12 | cbfb 7f00 | 00ff d048 | 83c4 2049 | c787 2804 | 0000 0000 | 0000 49c7 | 8738 0400 
  0x0000018cb4d6d020: 0000 0000 | 0049 c787 | 3004 0000 | 0000 0000 | c5f8 7749 | 837f 0800 | 0f84 0500 | 0000 e99d 
  0x0000018cb4d6d040: 41ff ff4c | 8b6d c04c | 8b75 c84e | 8d74 f500 | c348 8b5d | e84c 8b5b | 6041 ffd3 | 488b 5de8 
  0x0000018cb4d6d060: 4889 4518 | 440f b75b | 2c41 f6c3 | 080f 841b | 0000 004c | 8b5b 084d | 8b5b 084d | 8b5b 184d 
  0x0000018cb4d6d080: 8b5b 704d | 8b1b 4c89 | 5d10 488d | 5510 488b | 4358 49ba | 4015 4dcb | fb7f 0000 | 493b c20f 
  0x0000018cb4d6d0a0: 85ab 0000 | 00e8 0500 | 0000 e999 | 0000 0048 | 8bd3 488d | 4424 084c | 896d c049 | 8bcf c5f8 
  0x0000018cb4d6d0c0: 7749 89af | 3804 0000 | 4989 8728 | 0400 0048 | 83ec 2040 | f6c4 0f0f | 8419 0000 | 0048 83ec 
  0x0000018cb4d6d0e0: 0848 b870 | 4b12 cbfb | 7f00 00ff | d048 83c4 | 08e9 0c00 | 0000 48b8 | 704b 12cb | fb7f 0000 
  0x0000018cb4d6d100: ffd0 4883 | c420 49c7 | 8728 0400 | 0000 0000 | 0049 c787 | 3804 0000 | 0000 0000 | 49c7 8730 
  0x0000018cb4d6d120: 0400 0000 | 0000 00c5 | f877 4983 | 7f08 000f | 8405 0000 | 00e9 a640 | ffff 4c8b | 6dc0 4c8b 
  0x0000018cb4d6d140: 75c8 4e8d | 74f5 00c3 | 488b 5de8 | 488b 4358 | 498d 8f48 | 0400 004c | 8d15 d500 | 0000 4d89 
  0x0000018cb4d6d160: 9730 0400 | 00c5 f877 | 4989 af38 | 0400 0049 | 89a7 2804 | 0000 41c7 | 87d4 0400 | 0004 0000 
  0x0000018cb4d6d180: 0049 3ba7 | c805 0000 | 7607 4989 | a7c8 0500 | 00ff d049 | 3ba7 c805 | 0000 720b | 49c7 87c8 
  0x0000018cb4d6d1a0: 0500 0000 | 0000 00c5 | f877 4883 | ec10 c5fb | 1104 2448 | 83ec 1048 | 8904 2448 | c744 2408 
  0x0000018cb4d6d1c0: 0000 0000 | 41c7 87d4 | 0400 0005 | 0000 00f0 | 8344 24c0 | 0049 3b6f | 280f 870e | 0000 0041 
  0x0000018cb4d6d1e0: 83bf d004 | 0000 000f | 8420 0000 | 0049 8bcf | 4c8b e448 | 83ec 2048 | 83e4 f048 | b8a0 af13 
  0x0000018cb4d6d200: cbfb 7f00 | 00ff d049 | 8be4 4d33 | e441 c787 | d404 0000 | 0800 0000 | 4d8b 97f0 | 0500 0049 
  0x0000018cb4d6d220: 83fa 0074 | 3549 c787 | f005 0000 | 0000 0000 | 41ff e249 | ba60 bed6 | b48c 0100 | 0041 ffd2 
  0x0000018cb4d6d240: 4883 ec10 | c5fb 1104 | 2448 83ec | 1048 8904 | 2448 c744 | 2408 0000 | 0000 49c7 | 8728 0400 
  0x0000018cb4d6d260: 0000 0000 | 0049 c787 | 3804 0000 | 0000 0000 | 49c7 8730 | 0400 0000 | 0000 00c5 | f877 4d8b 
  0x0000018cb4d6d280: 9fb8 0400 | 0041 c783 | 0001 0000 | 0000 0000 | 49bb 5aa7 | d6b4 8c01 | 0000 4c3b | 5d18 0f85 
  0x0000018cb4d6d2a0: 5501 0000 | 488b 0424 | 4883 c410 | 4885 c00f | 842f 0100 | 00a8 030f | 8508 0000 | 0048 8b00 
  0x0000018cb4d6d2c0: e91f 0100 | 00a8 010f | 8509 0000 | 0048 8b40 | fee9 0e01 | 0000 488b | 40ff 4180 | 7f48 000f 
  0x0000018cb4d6d2e0: 84ff 0000 | 0048 83f8 | 000f 84f5 | 0000 004d | 8b5f 384d | 85db 0f84 | 1400 0000 | 4983 eb08 
  0x0000018cb4d6d300: 4d89 5f38 | 4d03 5f40 | 4989 03e9 | d400 0000 | 4883 ec70 | 4889 0424 | 4889 4c24 | 0848 8954 
  0x0000018cb4d6d320: 2410 4c89 | 4424 184c | 894c 2420 | 4c89 5424 | 284c 895c | 2430 c5fb | 1144 2440 | c5fb 114c 
  0x0000018cb4d6d340: 2448 c5fb | 1154 2450 | c5fb 115c | 2458 c5fb | 1164 2460 | c5fb 116c | 2468 498b | d748 8bc8 
  0x0000018cb4d6d360: 4883 ec20 | 40f6 c40f | 0f84 1900 | 0000 4883 | ec08 48b8 | 2077 06cb | fb7f 0000 | ffd0 4883 
  0x0000018cb4d6d380: c408 e90c | 0000 0048 | b820 7706 | cbfb 7f00 | 00ff d048 | 83c4 20c5 | fb10 6c24 | 68c5 fb10 
  0x0000018cb4d6d3a0: 6424 60c5 | fb10 5c24 | 58c5 fb10 | 5424 50c5 | fb10 4c24 | 48c5 fb10 | 4424 404c | 8b5c 2430 
  0x0000018cb4d6d3c0: 4c8b 5424 | 284c 8b4c | 2420 4c8b | 4424 1848 | 8b54 2410 | 488b 4c24 | 0848 8b04 | 2448 83c4 
  0x0000018cb4d6d3e0: 70c5 f877 | 4889 4510 | 4883 ec10 | 4889 0424 | 48c7 4424 | 0800 0000 | 0041 83bf | 5005 0000 
  0x0000018cb4d6d400: 020f 85bf | 0000 0048 | 81ec 8000 | 0000 4889 | 4424 7848 | 894c 2470 | 4889 5424 | 6848 895c 
  0x0000018cb4d6d420: 2460 4889 | 6c24 5048 | 8974 2448 | 4889 7c24 | 404c 8944 | 2438 4c89 | 4c24 304c | 8954 2428 
  0x0000018cb4d6d440: 4c89 5c24 | 204c 8964 | 2418 4c89 | 6c24 104c | 8974 2408 | 4c89 3c24 | 4c8b e448 | 83ec 2048 
  0x0000018cb4d6d460: 83e4 f048 | b8b0 fc4c | cbfb 7f00 | 00ff d049 | 8be4 4c8b | 3c24 4c8b | 7424 084c | 8b6c 2410 
  0x0000018cb4d6d480: 4c8b 6424 | 184c 8b5c | 2420 4c8b | 5424 284c | 8b4c 2430 | 4c8b 4424 | 3848 8b7c | 2440 488b 
  0x0000018cb4d6d4a0: 7424 4848 | 8b6c 2450 | 488b 5c24 | 6048 8b54 | 2468 488b | 4c24 7048 | 8b44 2478 | 4881 c480 
  0x0000018cb4d6d4c0: 0000 004d | 33e4 488b | 5de8 4c8b | 6b08 4d8d | 6d38 4983 | 7f08 000f | 84bb 0000 | 00e8 0500 
  0x0000018cb4d6d4e0: 0000 e996 | 0000 0048 | 8d44 2408 | 4c89 6dc0 | 498b cfc5 | f877 4989 | af38 0400 | 0049 8987 
  0x0000018cb4d6d500: 2804 0000 | 4883 ec20 | 40f6 c40f | 0f84 1900 | 0000 4883 | ec08 48b8 | b069 12cb | fb7f 0000 
  0x0000018cb4d6d520: ffd0 4883 | c408 e90c | 0000 0048 | b8b0 6912 | cbfb 7f00 | 00ff d048 | 83c4 2049 | c787 2804 
  0x0000018cb4d6d540: 0000 0000 | 0000 49c7 | 8738 0400 | 0000 0000 | 0049 c787 | 3004 0000 | 0000 0000 | c5f8 7749 
  0x0000018cb4d6d560: 837f 0800 | 0f84 0500 | 0000 e971 | 3cff ff4c | 8b6d c04c | 8b75 c84e | 8d74 f500 | c348 b968 
  0x0000018cb4d6d580: 0876 cbfb | 7f00 0048 | 83e4 f048 | b800 9139 | cbfb 7f00 | 00ff d0f4 | 440f b75b | 2c41 f6c3 
  0x0000018cb4d6d5a0: 200f 8472 | 0100 0048 | 8d55 a84c | 8b5a 084d | 85db 0f85 | bb00 0000 | e805 0000 | 00e9 9600 
  0x0000018cb4d6d5c0: 0000 488d | 4424 084c | 896d c049 | 8bcf c5f8 | 7749 89af | 3804 0000 | 4989 8728 | 0400 0048 
  0x0000018cb4d6d5e0: 83ec 2040 | f6c4 0f0f | 8419 0000 | 0048 83ec | 0848 b8e0 | 6812 cbfb | 7f00 00ff | d048 83c4 
  0x0000018cb4d6d600: 08e9 0c00 | 0000 48b8 | e068 12cb | fb7f 0000 | ffd0 4883 | c420 49c7 | 8728 0400 | 0000 0000 
  0x0000018cb4d6d620: 0049 c787 | 3804 0000 | 0000 0000 | 49c7 8730 | 0400 0000 | 0000 00c5 | f877 4983 | 7f08 000f 
  0x0000018cb4d6d640: 8405 0000 | 00e9 963b | ffff 4c8b | 6dc0 4c8b | 75c8 4e8d | 74f5 00c3 | 48b9 6808 | 76cb fb7f 
  0x0000018cb4d6d660: 0000 4883 | e4f0 48b8 | 0091 39cb | fb7f 0000 | ffd0 f44c | 896d c04c | 8b4a 0848 | c742 0800 
  0x0000018cb4d6d680: 0000 0045 | 8b87 d806 | 0000 4f3b | 4c07 f80f | 8542 0000 | 0041 83af | d806 0000 | 084f 3b4c 
  0x0000018cb4d6d6a0: 07f0 0f84 | 2a00 0000 | 498b 01a8 | 020f 8512 | 0000 004c | 8bc0 4983 | c801 f04d | 0fb1 010f 
  0x0000018cb4d6d6c0: 840d 0000 | 0041 8387 | d806 0000 | 08e9 0500 | 0000 e93e | 0000 004c | 894a 0848 | 8bca 4883 
  0x0000018cb4d6d6e0: ec20 40f6 | c40f 0f84 | 1900 0000 | 4883 ec08 | 48b8 303b | 12cb fb7f | 0000 ffd0 | 4883 c408 
  0x0000018cb4d6d700: e90c 0000 | 0048 b830 | 3b12 cbfb | 7f00 00ff | d048 83c4 | 204c 8b6d | c041 c687 | 9603 0000 
  0x0000018cb4d6d720: 0149 3b6f | 280f 8705 | 0000 00e9 | ab00 0000 | 4883 ec10 | c5fb 1104 | 2448 83ec | 1048 8904 
  0x0000018cb4d6d740: 2448 c744 | 2408 0000 | 0000 c5f8 | 7749 89af | 3804 0000 | 49ba 4ad7 | d6b4 8c01 | 0000 4d89 
  0x0000018cb4d6d760: 9730 0400 | 0049 89a7 | 2804 0000 | 498b cf48 | 83ec 2040 | f6c4 0f0f | 8419 0000 | 0048 83ec 
  0x0000018cb4d6d780: 0848 b8d0 | 2112 cbfb | 7f00 00ff | d048 83c4 | 08e9 0c00 | 0000 48b8 | d021 12cb | fb7f 0000 
  0x0000018cb4d6d7a0: ffd0 4883 | c420 49c7 | 8728 0400 | 0000 0000 | 0049 c787 | 3804 0000 | 0000 0000 | 49c7 8730 
  0x0000018cb4d6d7c0: 0400 0000 | 0000 00c5 | f877 488b | 0424 4883 | c410 c5fb | 1004 2448 | 83c4 1048 | 8b04 2448 
  0x0000018cb4d6d7e0: 83c4 10c5 | fb10 0424 | 4883 c410 | 4c8b 5d18 | 41ff d34c | 8b5d f8c9 | 41c6 8796 | 0300 0000 
  0x0000018cb4d6d800: 5f49 8be3 | ffe7 ba00 | 0000 00e8 | 0500 0000 | e996 0000 | 0048 8d44 | 2408 4c89 | 6dc0 498b 
  0x0000018cb4d6d820: cfc5 f877 | 4989 af38 | 0400 0049 | 8987 2804 | 0000 4883 | ec20 40f6 | c40f 0f84 | 1900 0000 
  0x0000018cb4d6d840: 4883 ec08 | 48b8 2031 | 12cb fb7f | 0000 ffd0 | 4883 c408 | e90c 0000 | 0048 b820 | 3112 cbfb 
  0x0000018cb4d6d860: 7f00 00ff | d048 83c4 | 2049 c787 | 2804 0000 | 0000 0000 | 49c7 8738 | 0400 0000 | 0000 0049 
  0x0000018cb4d6d880: c787 3004 | 0000 0000 | 0000 c5f8 | 7749 837f | 0800 0f84 | 0500 0000 | e943 39ff | ff4c 8b6d 
  0x0000018cb4d6d8a0: c04c 8b75 | c84e 8d74 | f500 c348 | 8b5d e8e9 | 74f6 ffff | 0f1f 4000 
[/MachCode]

---------------  P R O C E S S  ---------------

Threads class SMR info:
_java_thread_list=0x0000018cd1a3e8d0, length=302, elements={
0x0000018ccabc26b0, 0x0000018ccabc2fc0, 0x0000018ccabc3a20, 0x0000018ccabc5740,
0x0000018ccabc6300, 0x0000018ccabc94e0, 0x0000018ccabcc640, 0x0000018ccabcf720,
0x0000018ccac9f860, 0x0000018ccacb6850, 0x0000018ca2cb42a0, 0x0000018ccf75abb0,
0x0000018cd1b678e0, 0x0000018cd217a620, 0x0000018cd2178eb0, 0x0000018cd21786e0,
0x0000018cd11433f0, 0x0000018cd0042100, 0x0000018cd4a05d20, 0x0000018cd4a05550,
0x0000018cd4a06cc0, 0x0000018ccabd5510, 0x0000018ccabd1e60, 0x0000018cd217e4a0,
0x0000018cd61c5100, 0x0000018cd61c31c0, 0x0000018cd61c8f80, 0x0000018cd61c7fe0,
0x0000018cd003dab0, 0x0000018cd4a03de0, 0x0000018cd217d500, 0x0000018cd163b000,
0x0000018cd163ee80, 0x0000018cd16405f0, 0x0000018cd163cf40, 0x0000018cd1640dc0,
0x0000018cd163fe20, 0x0000018cd62f7850, 0x0000018cd62fa730, 0x0000018cd62f7080,
0x0000018cd62fdde0, 0x0000018cdca06960, 0x0000018cdca07130, 0x0000018cdbccb060,
0x0000018cd6807680, 0x0000018cd6807e50, 0x0000018cd6806eb0, 0x0000018cdbd40460,
0x0000018cdb765750, 0x0000018cdbddad10, 0x0000018cdb165870, 0x0000018cd6338c90,
0x0000018cd64b0430, 0x0000018ce541f5e0, 0x0000018cd633b3a0, 0x0000018ce541fdb0,
0x0000018cd6808620, 0x0000018cdb298a40, 0x0000018cdcd005c0, 0x0000018cdcd00d90,
0x0000018cddeb90e0, 0x0000018cdb5e4060, 0x0000018ce4177710, 0x0000018cd4f2ca80,
0x0000018cdb5e4830, 0x0000018cdb5e5000, 0x0000018cdb5e6f40, 0x0000018cd6a20a30,
0x0000018cd5fbc9f0, 0x0000018cd539cdf0, 0x0000018cd539e560, 0x0000018ce47ed890,
0x0000018ce47ec8f0, 0x0000018ce47eb180, 0x0000018ce47ed0c0, 0x0000018ce47ee060,
0x0000018cdcda9620, 0x0000018cdc7d7060, 0x0000018cdc7d60c0, 0x0000018cdc7d4950,
0x0000018cdc7d5120, 0x0000018cdc7d6890, 0x0000018cdc7d4180, 0x0000018cdb4abfd0,
0x0000018cdb4a98c0, 0x0000018cdb4aa090, 0x0000018cdb4aa860, 0x0000018cdb4ab030,
0x0000018ce41757d0, 0x0000018cdce214c0, 0x0000018cdce21c90, 0x0000018cd52ed9b0,
0x0000018cd52ee180, 0x0000018cd52ee950, 0x0000018ce5ceb7d0, 0x0000018cdb9c40f0,
0x0000018ce4174830, 0x0000018cd43e4c60, 0x0000018ce36a37d0, 0x0000018ce5cec770,
0x0000018ce5cea060, 0x0000018ce56ba570, 0x0000018ce56b7e60, 0x0000018ce56b95d0,
0x0000018cdb5e7710, 0x0000018cea4b1b90, 0x0000018cea4afc50, 0x0000018cea4b0420,
0x0000018cea4b0bf0, 0x0000018cea4b13c0, 0x0000018cea4b2360, 0x0000018cec45c1c0,
0x0000018cec45b220, 0x0000018ce4d77d60, 0x0000018ce4d75e20, 0x0000018ce4d76dc0,
0x0000018ce4d78530, 0x0000018cdc9b3870, 0x0000018cdc9b4810, 0x0000018ce4003060,
0x0000018ce4004fa0, 0x0000018ce4005770, 0x0000018ce4006710, 0x0000018ce4003830,
0x0000018ce40047d0, 0x0000018ce4005f40, 0x0000018ce40843c0, 0x0000018ce4083bf0,
0x0000018ce4085360, 0x0000018ce4085b30, 0x0000018cdc8ce370, 0x0000018cdb5e5fa0,
0x0000018cd4f33010, 0x0000018cdb5e6770, 0x0000018cd4f30900, 0x0000018cdb4c3030,
0x0000018cea3ab8a0, 0x0000018cea3aa900, 0x0000018cea3a9960, 0x0000018cea3aa130,
0x0000018cea3ab0d0, 0x0000018cea3a81f0, 0x0000018cdb4ab800, 0x0000018cdb4c47a0,
0x0000018ceb012ef0, 0x0000018ceb010010, 0x0000018cdb42c170, 0x0000018cdb428ac0,
0x0000018cdb42a230, 0x0000018cdb42aa00, 0x0000018cdbd41400, 0x0000018ce5bda280,
0x0000018cd4f28c00, 0x0000018cd4f30130, 0x0000018cd4f337e0, 0x0000018cd4f318a0,
0x0000018cd4f34780, 0x0000018cd4f35ef0, 0x0000018cd4f32840, 0x0000018cd4f34f50,
0x0000018cd4f35720, 0x0000018cd4f33fb0, 0x0000018cd4f366c0, 0x0000018cc7796060,
0x0000018cdca04a20, 0x0000018cdca059c0, 0x0000018cdca03a80, 0x0000018cdca051f0,
0x0000018cdca032b0, 0x0000018cdca09840, 0x0000018cdca0a7e0, 0x0000018cdca080d0,
0x0000018cdca088a0, 0x0000018cdca07900, 0x0000018cd61c29f0, 0x0000018cd61c4160,
0x0000018cd61c4930, 0x0000018cd61c7810, 0x0000018cd61c58d0, 0x0000018ccfb269b0,
0x0000018ce5ac4940, 0x0000018ced0812e0, 0x0000018ced081ab0, 0x0000018ceac7a800,
0x0000018ce5bdb9f0, 0x0000018ced082280, 0x0000018cea663f40, 0x0000018cd5fbe160,
0x0000018ceb7bf070, 0x0000018ce5bdc990, 0x0000018cdd3e5770, 0x0000018ceb011f50,
0x0000018ceb012720, 0x0000018cd40c8900, 0x0000018ceac7afd0, 0x0000018ced1bfd30,
0x0000018ced1bc680, 0x0000018ceb9566c0, 0x0000018ce4d765f0, 0x0000018cf69376b0,
0x0000018cf6936710, 0x0000018cf6936ee0, 0x0000018cf6935770, 0x0000018cf6935f40,
0x0000018cf6934000, 0x0000018cf69347d0, 0x0000018cdd670420, 0x0000018ceb953fb0,
0x0000018ceb360540, 0x0000018ceb361cb0, 0x0000018ceb362c50, 0x0000018ceb363420,
0x0000018ceb360d10, 0x0000018ce59b3330, 0x0000018ce377e780, 0x0000018ce377d7e0,
0x0000018ceda489f0, 0x0000018ceda49990, 0x0000018cec8050e0, 0x0000018ced32cb00,
0x0000018ce4a05060, 0x0000018ce4a08710, 0x0000018cec45d160, 0x0000018cf81620a0,
0x0000018cf8160160, 0x0000018cd29e8e90, 0x0000018ceac653a0, 0x0000018cddeb71a0,
0x0000018ceb3614e0, 0x0000018cdc5dbfa0, 0x0000018cedc13f70, 0x0000018cdc5dc770,
0x0000018ce4084b90, 0x0000018cf610cfa0, 0x0000018cf610b830, 0x0000018cdd99a660,
0x0000018cdd99bdd0, 0x0000018cdd998720, 0x0000018cdd99ae30, 0x0000018cdd99b600,
0x0000018cdd998ef0, 0x0000018cdd9996c0, 0x0000018ce5abd000, 0x0000018ce5abf710,
0x0000018ce5abe770, 0x0000018ce5abdfa0, 0x0000018ce5abd7d0, 0x0000018ce5abc060,
0x0000018ce5abc830, 0x0000018cea662000, 0x0000018ced8df2f0, 0x0000018cdb1677b0,
0x0000018cea796010, 0x0000018ce5c36ec0, 0x0000018cdd77d260, 0x0000018cdb9c3920,
0x0000018cdb9c19e0, 0x0000018ceac66340, 0x0000018ce5ceb000, 0x0000018ced3301b0,
0x0000018c82b96f50, 0x0000018cdd3e6710, 0x0000018cdd3e3060, 0x0000018ceab2af40,
0x0000018cfdeb2010, 0x0000018cf6e744c0, 0x0000018ce3c97420, 0x0000018ce3c94540,
0x0000018ce3c96480, 0x0000018cdc8cacc0, 0x0000018cdc8cb490, 0x0000018cece25fc0,
0x0000018cd539d5c0, 0x0000018cc7797fa0, 0x0000018cfdeb2fb0, 0x0000018ce4599d00,
0x0000018ced8dc410, 0x0000018ce5b437d0, 0x0000018ced8deb20, 0x0000018ce4597dc0,
0x0000018cd163b7d0, 0x0000018ceceb5b70, 0x0000018cf6e715e0, 0x0000018c81c977b0,
0x0000018cdd94d000, 0x0000018cebc92c10, 0x0000018cfb45d720, 0x0000018cd4d95c30,
0x0000018c81c98f20, 0x0000018ceda451b0, 0x0000018ceda45980, 0x0000018ce4f09df0,
0x0000018cfdeb1840, 0x0000018cd56a3f60, 0x0000018cdb4c3800, 0x0000018cc7797000,
0x0000018ceb9537e0, 0x0000018cf6156d10, 0x0000018cf6154cd0, 0x0000018cf61554e0,
0x0000018cf6155cf0, 0x0000018cf6156500
}

Java Threads: ( => current thread )
  0x0000018ccabc26b0 JavaThread "Reference Handler"          daemon [_thread_blocked, id=16280, stack(0x0000003bac600000,0x0000003bac700000) (1024K)]
  0x0000018ccabc2fc0 JavaThread "Finalizer"                  daemon [_thread_blocked, id=6676, stack(0x0000003bac700000,0x0000003bac800000) (1024K)]
  0x0000018ccabc3a20 JavaThread "Signal Dispatcher"          daemon [_thread_blocked, id=33468, stack(0x0000003bac800000,0x0000003bac900000) (1024K)]
  0x0000018ccabc5740 JavaThread "Attach Listener"            daemon [_thread_blocked, id=2316, stack(0x0000003bac900000,0x0000003baca00000) (1024K)]
  0x0000018ccabc6300 JavaThread "Service Thread"             daemon [_thread_blocked, id=5452, stack(0x0000003baca00000,0x0000003bacb00000) (1024K)]
  0x0000018ccabc94e0 JavaThread "Monitor Deflation Thread"   daemon [_thread_blocked, id=14520, stack(0x0000003bacb00000,0x0000003bacc00000) (1024K)]
  0x0000018ccabcc640 JavaThread "C2 CompilerThread0"         daemon [_thread_blocked, id=30064, stack(0x0000003bacc00000,0x0000003bacd00000) (1024K)]
  0x0000018ccabcf720 JavaThread "C1 CompilerThread0"         daemon [_thread_blocked, id=892, stack(0x0000003bacd00000,0x0000003bace00000) (1024K)]
  0x0000018ccac9f860 JavaThread "Notification Thread"        daemon [_thread_blocked, id=4372, stack(0x0000003bace00000,0x0000003bacf00000) (1024K)]
  0x0000018ccacb6850 JavaThread "Common-Cleaner"             daemon [_thread_blocked, id=2776, stack(0x0000003bacf00000,0x0000003bad000000) (1024K)]
  0x0000018ca2cb42a0 JavaThread "DestroyJavaVM"                     [_thread_blocked, id=13968, stack(0x0000003babe00000,0x0000003babf00000) (1024K)]
  0x0000018ccf75abb0 JavaThread "Log4j2-AsyncAppenderEventDispatcher-1-Async" daemon [_thread_blocked, id=33092, stack(0x0000003bae300000,0x0000003bae400000) (1024K)]
  0x0000018cd1b678e0 JavaThread "JNA Cleaner"                daemon [_thread_blocked, id=3732, stack(0x0000003bae400000,0x0000003bae500000) (1024K)]
  0x0000018cd217a620 JavaThread "Timer hack thread"          daemon [_thread_blocked, id=3796, stack(0x0000003bae100000,0x0000003bae200000) (1024K)]
  0x0000018cd2178eb0 JavaThread "Yggdrasil Key Fetcher"      daemon [_thread_blocked, id=10460, stack(0x0000003bae000000,0x0000003bae100000) (1024K)]
  0x0000018cd21786e0 JavaThread "PaperFilledProfileCache-cleanup-0" daemon [_thread_blocked, id=21532, stack(0x0000003baed00000,0x0000003baee00000) (1024K)]
  0x0000018cd11433f0 JavaThread "Worker-Main-1"              daemon [_thread_blocked, id=26028, stack(0x0000003baf800000,0x0000003baf900000) (1024K)]
  0x0000018cd0042100 JavaThread "Worker-Main-2"              daemon [_thread_blocked, id=11760, stack(0x0000003baf900000,0x0000003bafa00000) (1024K)]
  0x0000018cd4a05d20 JavaThread "Worker-Main-3"              daemon [_thread_blocked, id=15472, stack(0x0000003bafa00000,0x0000003bafb00000) (1024K)]
  0x0000018cd4a05550 JavaThread "Worker-Main-4"              daemon [_thread_blocked, id=20724, stack(0x0000003baf300000,0x0000003baf400000) (1024K)]
  0x0000018cd4a06cc0 JavaThread "Worker-Main-5"              daemon [_thread_blocked, id=15256, stack(0x0000003baf500000,0x0000003baf600000) (1024K)]
  0x0000018ccabd5510 JavaThread "Worker-Main-7"              daemon [_thread_blocked, id=32996, stack(0x0000003baf600000,0x0000003baf700000) (1024K)]
  0x0000018ccabd1e60 JavaThread "Worker-Main-6"              daemon [_thread_blocked, id=30200, stack(0x0000003baf700000,0x0000003baf800000) (1024K)]
  0x0000018cd217e4a0 JavaThread "Worker-Main-8"              daemon [_thread_blocked, id=30380, stack(0x0000003bafb00000,0x0000003bafc00000) (1024K)]
  0x0000018cd61c5100 JavaThread "Java2D Disposer"            daemon [_thread_blocked, id=29764, stack(0x0000003bafd00000,0x0000003bafe00000) (1024K)]
=>0x0000018cd61c31c0 JavaThread "AWT-Windows"                daemon [_thread_in_native, id=15492, stack(0x0000003baff00000,0x0000003bb0000000) (1024K)]
  0x0000018cd61c8f80 JavaThread "AWT-Shutdown"                      [_thread_blocked, id=22964, stack(0x0000003badf00000,0x0000003bae000000) (1024K)]
  0x0000018cd61c7fe0 JavaThread "AWT-EventQueue-0"                  [_thread_in_native, id=608, stack(0x0000003baf100000,0x0000003baf200000) (1024K)]
  0x0000018cd003dab0 JavaThread "TimerQueue"                 daemon [_thread_blocked, id=13832, stack(0x0000003bafc00000,0x0000003bafd00000) (1024K)]
  0x0000018cd4a03de0 JavaThread "Thread-1"                   daemon [_thread_blocked, id=3208, stack(0x0000003bafe00000,0x0000003baff00000) (1024K)]
  0x0000018cd217d500 JavaThread "Server thread"                     [_thread_blocked, id=20232, stack(0x0000003bb0000000,0x0000003bb0100000) (1024K)]
  0x0000018cd163b000 JavaThread "Paper Common Worker #0"     daemon [_thread_blocked, id=15368, stack(0x0000003bb0900000,0x0000003bb0a00000) (1024K)]
  0x0000018cd163ee80 JavaThread "Paper Common Worker #1"     daemon [_thread_blocked, id=33740, stack(0x0000003bb0a00000,0x0000003bb0b00000) (1024K)]
  0x0000018cd16405f0 JavaThread "Paper Common Worker #2"     daemon [_thread_blocked, id=11780, stack(0x0000003bb0b00000,0x0000003bb0c00000) (1024K)]
  0x0000018cd163cf40 JavaThread "Paper Common Worker #3"     daemon [_thread_blocked, id=22700, stack(0x0000003bb0c00000,0x0000003bb0d00000) (1024K)]
  0x0000018cd1640dc0 JavaThread "Paper Common Worker #4"     daemon [_thread_blocked, id=24220, stack(0x0000003bb0d00000,0x0000003bb0e00000) (1024K)]
  0x0000018cd163fe20 JavaThread "Paper Common Worker #5"     daemon [_thread_blocked, id=1604, stack(0x0000003bb0e00000,0x0000003bb0f00000) (1024K)]
  0x0000018cd62f7850 JavaThread "Paper I/O Worker #0"        daemon [_thread_blocked, id=23296, stack(0x0000003bb0f00000,0x0000003bb1000000) (1024K)]
  0x0000018cd62fa730 JavaThread "Paper Watchdog Thread"             [_thread_blocked, id=1508, stack(0x0000003bb1000000,0x0000003bb1100000) (1024K)]
  0x0000018cd62f7080 JavaThread "pool-8-thread-1"                   [_thread_blocked, id=11948, stack(0x0000003bb1100000,0x0000003bb1200000) (1024K)]
  0x0000018cd62fdde0 JavaThread "Netty NIO IO #0"            daemon [_thread_in_native, id=32972, stack(0x0000003bb1200000,0x0000003bb1300000) (1024K)]
  0x0000018cdca06960 JavaThread "HttpClient-1-SelectorManager" daemon [_thread_in_native, id=4368, stack(0x0000003bb1400000,0x0000003bb1500000) (1024K)]
  0x0000018cdca07130 JavaThread "HttpClient-2-SelectorManager" daemon [_thread_in_native, id=4944, stack(0x0000003bb1300000,0x0000003bb1400000) (1024K)]
  0x0000018cdbccb060 JavaThread "HttpClient-3-SelectorManager" daemon [_thread_in_native, id=15940, stack(0x0000003baee00000,0x0000003baef00000) (1024K)]
  0x0000018cd6807680 JavaThread "bStats-Metrics"                    [_thread_blocked, id=30704, stack(0x0000003babd00000,0x0000003babe00000) (1024K)]
  0x0000018cd6807e50 JavaThread "luckperms-worker-0"         daemon [_thread_blocked, id=30844, stack(0x0000003bb0700000,0x0000003bb0800000) (1024K)]
  0x0000018cd6806eb0 JavaThread "luckperms-worker-1"         daemon [_thread_blocked, id=15312, stack(0x0000003bb2a00000,0x0000003bb2b00000) (1024K)]
  0x0000018cdbd40460 JavaThread "luckperms-worker-2"         daemon [_thread_blocked, id=25576, stack(0x0000003bb2b00000,0x0000003bb2c00000) (1024K)]
  0x0000018cdb765750 JavaThread "luckperms-worker-3"         daemon [_thread_blocked, id=9700, stack(0x0000003bb2c00000,0x0000003bb2d00000) (1024K)]
  0x0000018cdbddad10 JavaThread "luckperms-worker-4"         daemon [_thread_blocked, id=33540, stack(0x0000003bb2d00000,0x0000003bb2e00000) (1024K)]
  0x0000018cdb165870 JavaThread "luckperms-worker-5"         daemon [_thread_blocked, id=33568, stack(0x0000003bb2f00000,0x0000003bb3000000) (1024K)]
  0x0000018cd6338c90 JavaThread "luckperms-worker-6"         daemon [_thread_blocked, id=15420, stack(0x0000003bb3000000,0x0000003bb3100000) (1024K)]
  0x0000018cd64b0430 JavaThread "luckperms-worker-7"         daemon [_thread_blocked, id=3924, stack(0x0000003bb3100000,0x0000003bb3200000) (1024K)]
  0x0000018ce541f5e0 JavaThread "luckperms-worker-8"         daemon [_thread_blocked, id=20532, stack(0x0000003bb3200000,0x0000003bb3300000) (1024K)]
  0x0000018cd633b3a0 JavaThread "luckperms-worker-9"         daemon [_thread_blocked, id=10628, stack(0x0000003bb3300000,0x0000003bb3400000) (1024K)]
  0x0000018ce541fdb0 JavaThread "luckperms-worker-10"        daemon [_thread_blocked, id=3800, stack(0x0000003bb3400000,0x0000003bb3500000) (1024K)]
  0x0000018cd6808620 JavaThread "luckperms-scheduler"               [_thread_blocked, id=3236, stack(0x0000003bad200000,0x0000003bad300000) (1024K)]
  0x0000018cdb298a40 JavaThread "WorldEdit Session Manager"         [_thread_blocked, id=8820, stack(0x0000003bb3500000,0x0000003bb3600000) (1024K)]
  0x0000018cdcd005c0 JavaThread "pool-16-thread-1"                  [_thread_blocked, id=18636, stack(0x0000003bb3b00000,0x0000003bb3c00000) (1024K)]
  0x0000018cdcd00d90 JavaThread "bStats-Metrics"                    [_thread_blocked, id=14864, stack(0x0000003bb3c00000,0x0000003bb3d00000) (1024K)]
  0x0000018cddeb90e0 JavaThread "FileSystemWatchService"     daemon [_thread_in_native, id=8452, stack(0x0000003bb0500000,0x0000003bb0600000) (1024K)]
  0x0000018cdb5e4060 JavaThread "MVStore background writer D:/Minecraft/ÊúçÂä°Âô®/1.21.11/plugins/LuckPerms/luckperms-h2-v2.mv.db" daemon [_thread_blocked, id=33008, stack(0x0000003bb3800000,0x0000003bb3900000) (1024K)]
  0x0000018ce4177710 JavaThread "H2-serialization"           daemon [_thread_blocked, id=14512, stack(0x0000003bb3f00000,0x0000003bb4000000) (1024K)]
  0x0000018cd4f2ca80 JavaThread "H2-save"                    daemon [_thread_blocked, id=29596, stack(0x0000003bb4000000,0x0000003bb4100000) (1024K)]
  0x0000018cdb5e4830 JavaThread "Timer-0"                    daemon [_thread_blocked, id=9556, stack(0x0000003bb3e00000,0x0000003bb3f00000) (1024K)]
  0x0000018cdb5e5000 JavaThread "FileSystemWatchService"     daemon [_thread_in_native, id=33380, stack(0x0000003bb4100000,0x0000003bb4200000) (1024K)]
  0x0000018cdb5e6f40 JavaThread "WorldEdit-RecursiveDirectoryWatcher"        [_thread_blocked, id=3116, stack(0x0000003bb4200000,0x0000003bb4300000) (1024K)]
  0x0000018cd6a20a30 JavaThread "bStats-Metrics"             daemon [_thread_blocked, id=31388, stack(0x0000003bb4300000,0x0000003bb4400000) (1024K)]
  0x0000018cd5fbc9f0 JavaThread "bStats-Metrics"                    [_thread_blocked, id=8836, stack(0x0000003bb4500000,0x0000003bb4600000) (1024K)]
  0x0000018cd539cdf0 JavaThread "Cleaner-0"                  daemon [_thread_blocked, id=32428, stack(0x0000003bb4700000,0x0000003bb4800000) (1024K)]
  0x0000018cd539e560 JavaThread "bStats-Metrics"                    [_thread_blocked, id=8848, stack(0x0000003bb3d00000,0x0000003bb3e00000) (1024K)]
  0x0000018ce47ed890 JavaThread "bStats-Metrics"                    [_thread_blocked, id=7540, stack(0x0000003bb3a00000,0x0000003bb3b00000) (1024K)]
  0x0000018ce47ec8f0 JavaThread "Folia Async Scheduler Thread #0"        [_thread_blocked, id=31728, stack(0x0000003bb0100000,0x0000003bb0200000) (1024K)]
  0x0000018ce47eb180 JavaThread "mysql-cj-abandoned-connection-cleanup" daemon [_thread_blocked, id=18904, stack(0x0000003bb0200000,0x0000003bb0300000) (1024K)]
  0x0000018ce47ed0c0 JavaThread "SlimefunHikariPool housekeeper" daemon [_thread_blocked, id=32260, stack(0x0000003bb4900000,0x0000003bb4a00000) (1024K)]
  0x0000018ce47ee060 JavaThread "SlimefunHikariPool housekeeper" daemon [_thread_blocked, id=16844, stack(0x0000003bb4a00000,0x0000003bb4b00000) (1024K)]
  0x0000018cdcda9620 JavaThread "HttpClient-4-SelectorManager" daemon [_thread_in_native, id=6440, stack(0x0000003bb5000000,0x0000003bb5100000) (1024K)]
  0x0000018cdc7d7060 JavaThread "bStats-Metrics"                    [_thread_blocked, id=16536, stack(0x0000003bb5100000,0x0000003bb5200000) (1024K)]
  0x0000018cdc7d60c0 JavaThread "HttpClient-5-SelectorManager" daemon [_thread_in_native, id=32308, stack(0x0000003bb5300000,0x0000003bb5400000) (1024K)]
  0x0000018cdc7d4950 JavaThread "bStats-Metrics"             daemon [_thread_blocked, id=18656, stack(0x0000003bb5400000,0x0000003bb5500000) (1024K)]
  0x0000018cdc7d5120 JavaThread "HttpClient-6-SelectorManager" daemon [_thread_in_native, id=15320, stack(0x0000003bb5500000,0x0000003bb5600000) (1024K)]
  0x0000018cdc7d6890 JavaThread "WorldGuard Region I/O"             [_thread_blocked, id=32956, stack(0x0000003bb5600000,0x0000003bb5700000) (1024K)]
  0x0000018cdc7d4180 JavaThread "bStats-Metrics"                    [_thread_blocked, id=10012, stack(0x0000003bb5900000,0x0000003bb5a00000) (1024K)]
  0x0000018cdb4abfd0 JavaThread "bStats-Metrics"                    [_thread_blocked, id=1060, stack(0x0000003bb5a00000,0x0000003bb5b00000) (1024K)]
  0x0000018cdb4a98c0 JavaThread "bStats-Metrics"                    [_thread_blocked, id=30076, stack(0x0000003bb3700000,0x0000003bb3800000) (1024K)]
  0x0000018cdb4aa090 JavaThread "bStats-Metrics"                    [_thread_blocked, id=3044, stack(0x0000003bb4d00000,0x0000003bb4e00000) (1024K)]
  0x0000018cdb4aa860 JavaThread "pool-44-thread-1"                  [_thread_blocked, id=27276, stack(0x0000003bb3600000,0x0000003bb3700000) (1024K)]
  0x0000018cdb4ab030 JavaThread "pool-45-thread-1"                  [_thread_blocked, id=23920, stack(0x0000003bb5200000,0x0000003bb5300000) (1024K)]
  0x0000018ce41757d0 JavaThread "pool-44-thread-2"                  [_thread_blocked, id=33464, stack(0x0000003bb4c00000,0x0000003bb4d00000) (1024K)]
  0x0000018cdce214c0 JavaThread "bStats-Metrics"                    [_thread_blocked, id=20496, stack(0x0000003bb5c00000,0x0000003bb5d00000) (1024K)]
  0x0000018cdce21c90 JavaThread "bStats-Metrics"                    [_thread_blocked, id=13336, stack(0x0000003bb5f00000,0x0000003bb6000000) (1024K)]
  0x0000018cd52ed9b0 JavaThread "bStats-Metrics"                    [_thread_blocked, id=29016, stack(0x0000003bb5e00000,0x0000003bb5f00000) (1024K)]
  0x0000018cd52ee180 JavaThread "bStats-Metrics"                    [_thread_blocked, id=15512, stack(0x0000003bb6000000,0x0000003bb6100000) (1024K)]
  0x0000018cd52ee950 JavaThread "bStats-Metrics"             daemon [_thread_blocked, id=25384, stack(0x0000003bb6300000,0x0000003bb6400000) (1024K)]
  0x0000018ce5ceb7d0 JavaThread "bStats-Metrics"             daemon [_thread_blocked, id=8696, stack(0x0000003bb6400000,0x0000003bb6500000) (1024K)]
  0x0000018cdb9c40f0 JavaThread "bStats-Metrics"                    [_thread_blocked, id=20288, stack(0x0000003bb6100000,0x0000003bb6200000) (1024K)]
  0x0000018ce4174830 JavaThread "TrainCarts schematic loader thread" daemon [_thread_blocked, id=20572, stack(0x0000003bb6500000,0x0000003bb6600000) (1024K)]
  0x0000018cd43e4c60 JavaThread "TrainCarts:SignMetadataWriterThread" daemon [_thread_blocked, id=10160, stack(0x0000003bb6600000,0x0000003bb6700000) (1024K)]
  0x0000018ce36a37d0 JavaThread "EvtSystemTime-Tasks"               [_thread_blocked, id=11572, stack(0x0000003bb6200000,0x0000003bb6300000) (1024K)]
  0x0000018ce5cec770 JavaThread "bStats-Metrics"                    [_thread_blocked, id=7812, stack(0x0000003bb6a00000,0x0000003bb6b00000) (1024K)]
  0x0000018ce5cea060 JavaThread "bStats-Metrics"                    [_thread_blocked, id=14824, stack(0x0000003bb6b00000,0x0000003bb6c00000) (1024K)]
  0x0000018ce56ba570 JavaThread "bStats-Metrics"                    [_thread_blocked, id=7028, stack(0x0000003bb6c00000,0x0000003bb6d00000) (1024K)]
  0x0000018ce56b7e60 JavaThread "bStats-Metrics"                    [_thread_blocked, id=18756, stack(0x0000003bb6d00000,0x0000003bb6e00000) (1024K)]
  0x0000018ce56b95d0 JavaThread "bStats-Metrics"                    [_thread_blocked, id=1120, stack(0x0000003bb6e00000,0x0000003bb6f00000) (1024K)]
  0x0000018cdb5e7710 JavaThread "bStats-Metrics"                    [_thread_blocked, id=10632, stack(0x0000003bb6f00000,0x0000003bb7000000) (1024K)]
  0x0000018cea4b1b90 JavaThread "bStats-Metrics"                    [_thread_blocked, id=21788, stack(0x0000003bb7000000,0x0000003bb7100000) (1024K)]
  0x0000018cea4afc50 JavaThread "bStats-Metrics"                    [_thread_blocked, id=12268, stack(0x0000003bb7100000,0x0000003bb7200000) (1024K)]
  0x0000018cea4b0420 JavaThread "bStats-Metrics"                    [_thread_blocked, id=31952, stack(0x0000003bb7200000,0x0000003bb7300000) (1024K)]
  0x0000018cea4b0bf0 JavaThread "bStats-Metrics"                    [_thread_blocked, id=15680, stack(0x0000003bb7300000,0x0000003bb7400000) (1024K)]
  0x0000018cea4b13c0 JavaThread "bStats-Metrics"                    [_thread_blocked, id=14392, stack(0x0000003bb7400000,0x0000003bb7500000) (1024K)]
  0x0000018cea4b2360 JavaThread "bStats-Metrics"                    [_thread_blocked, id=10900, stack(0x0000003bb7500000,0x0000003bb7600000) (1024K)]
  0x0000018cec45c1c0 JavaThread "bStats-Metrics"                    [_thread_blocked, id=8760, stack(0x0000003bb6900000,0x0000003bb6a00000) (1024K)]
  0x0000018cec45b220 JavaThread "bStats-Metrics"                    [_thread_blocked, id=23720, stack(0x0000003bb7600000,0x0000003bb7700000) (1024K)]
  0x0000018ce4d77d60 JavaThread "bStats-Metrics"                    [_thread_blocked, id=32228, stack(0x0000003babb00000,0x0000003babc00000) (1024K)]
  0x0000018ce4d75e20 JavaThread "bStats-Metrics"             daemon [_thread_blocked, id=16824, stack(0x0000003babc00000,0x0000003babd00000) (1024K)]
  0x0000018ce4d76dc0 JavaThread "bStats-Metrics"             daemon [_thread_blocked, id=13264, stack(0x0000003bb2e00000,0x0000003bb2f00000) (1024K)]
  0x0000018ce4d78530 JavaThread "bStats-Metrics"                    [_thread_blocked, id=17112, stack(0x0000003bb6700000,0x0000003bb6800000) (1024K)]
  0x0000018cdc9b3870 JavaThread "bStats-Metrics"                    [_thread_blocked, id=4744, stack(0x0000003bb6800000,0x0000003bb6900000) (1024K)]
  0x0000018cdc9b4810 JavaThread "Timer-1"                           [_thread_blocked, id=2080, stack(0x0000003bb7700000,0x0000003bb7800000) (1024K)]
  0x0000018ce4003060 JavaThread "bStats-Metrics"                    [_thread_blocked, id=344, stack(0x0000003bb7800000,0x0000003bb7900000) (1024K)]
  0x0000018ce4004fa0 JavaThread "bStats-Metrics"                    [_thread_blocked, id=33440, stack(0x0000003bb5d00000,0x0000003bb5e00000) (1024K)]
  0x0000018ce4005770 JavaThread "bStats-Metrics"                    [_thread_blocked, id=7508, stack(0x0000003bb7a00000,0x0000003bb7b00000) (1024K)]
  0x0000018ce4006710 JavaThread "bStats-Metrics"                    [_thread_blocked, id=2944, stack(0x0000003bb7b00000,0x0000003bb7c00000) (1024K)]
  0x0000018ce4003830 JavaThread "bStats-Metrics"             daemon [_thread_blocked, id=30280, stack(0x0000003bb5b00000,0x0000003bb5c00000) (1024K)]
  0x0000018ce40047d0 JavaThread "Folia Async Scheduler Thread #1"        [_thread_blocked, id=7480, stack(0x0000003bb7c00000,0x0000003bb7d00000) (1024K)]
  0x0000018ce4005f40 JavaThread "Folia Async Scheduler Thread Timer"        [_thread_blocked, id=32780, stack(0x0000003bb7d00000,0x0000003bb7e00000) (1024K)]
  0x0000018ce40843c0 JavaThread "bStats-Metrics"                    [_thread_blocked, id=2964, stack(0x0000003bb7e00000,0x0000003bb7f00000) (1024K)]
  0x0000018ce4083bf0 JavaThread "bStats-Metrics"                    [_thread_blocked, id=12084, stack(0x0000003bb7f00000,0x0000003bb8000000) (1024K)]
  0x0000018ce4085360 JavaThread "bStats-Metrics"                    [_thread_blocked, id=21192, stack(0x0000003bb8100000,0x0000003bb8200000) (1024K)]
  0x0000018ce4085b30 JavaThread "bStats-Metrics"                    [_thread_blocked, id=13528, stack(0x0000003bb8300000,0x0000003bb8400000) (1024K)]
  0x0000018cdc8ce370 JavaThread "Folia Async Scheduler Thread #2"        [_thread_blocked, id=32524, stack(0x0000003bb8500000,0x0000003bb8600000) (1024K)]
  0x0000018cdb5e5fa0 JavaThread "bStats-Metrics"             daemon [_thread_blocked, id=23400, stack(0x0000003bb8600000,0x0000003bb8700000) (1024K)]
  0x0000018cd4f33010 JavaThread "Folia Async Scheduler Thread #3"        [_thread_blocked, id=12328, stack(0x0000003bb8800000,0x0000003bb8900000) (1024K)]
  0x0000018cdb5e6770 JavaThread "UltimateShop-DB"                   [_thread_blocked, id=3516, stack(0x0000003bb8200000,0x0000003bb8300000) (1024K)]
  0x0000018cd4f30900 JavaThread "Folia Async Scheduler Thread #4"        [_thread_blocked, id=13668, stack(0x0000003bb8900000,0x0000003bb8a00000) (1024K)]
  0x0000018cdb4c3030 JavaThread "bStats-Metrics"             daemon [_thread_blocked, id=15264, stack(0x0000003bb8a00000,0x0000003bb8b00000) (1024K)]
  0x0000018cea3ab8a0 JavaThread "Folia Async Scheduler Thread #5"        [_thread_blocked, id=3228, stack(0x0000003bb0600000,0x0000003bb0700000) (1024K)]
  0x0000018cea3aa900 JavaThread "Folia Async Scheduler Thread #6"        [_thread_blocked, id=11472, stack(0x0000003bb8b00000,0x0000003bb8c00000) (1024K)]
  0x0000018cea3a9960 JavaThread "Folia Async Scheduler Thread #7"        [_thread_blocked, id=16076, stack(0x0000003bb8c00000,0x0000003bb8d00000) (1024K)]
  0x0000018cea3aa130 JavaThread "Folia Async Scheduler Thread #8"        [_thread_blocked, id=23272, stack(0x0000003bb8d00000,0x0000003bb8e00000) (1024K)]
  0x0000018cea3ab0d0 JavaThread "Folia Async Scheduler Thread #9"        [_thread_blocked, id=5864, stack(0x0000003bb8e00000,0x0000003bb8f00000) (1024K)]
  0x0000018cea3a81f0 JavaThread "Folia Async Scheduler Thread #10"        [_thread_blocked, id=29036, stack(0x0000003bb8f00000,0x0000003bb9000000) (1024K)]
  0x0000018cdb4ab800 JavaThread "Folia Async Scheduler Thread #11"        [_thread_blocked, id=29524, stack(0x0000003bb9400000,0x0000003bb9500000) (1024K)]
  0x0000018cdb4c47a0 JavaThread "bStats-Metrics"                    [_thread_blocked, id=29548, stack(0x0000003bb9300000,0x0000003bb9400000) (1024K)]
  0x0000018ceb012ef0 JavaThread "bStats-Metrics"                    [_thread_blocked, id=29532, stack(0x0000003bb9500000,0x0000003bb9600000) (1024K)]
  0x0000018ceb010010 JavaThread "bStats-Metrics"                    [_thread_blocked, id=19256, stack(0x0000003bb9900000,0x0000003bb9a00000) (1024K)]
  0x0000018cdb42c170 JavaThread "bStats-Metrics"                    [_thread_blocked, id=33192, stack(0x0000003bb9100000,0x0000003bb9200000) (1024K)]
  0x0000018cdb428ac0 JavaThread "Download-0"                 daemon [_thread_blocked, id=2908, stack(0x0000003bb9a00000,0x0000003bb9b00000) (1024K)]
  0x0000018cdb42a230 JavaThread "Download-1"                 daemon [_thread_blocked, id=17512, stack(0x0000003bb9b00000,0x0000003bb9c00000) (1024K)]
  0x0000018cdb42aa00 JavaThread "Download-2"                 daemon [_thread_blocked, id=14196, stack(0x0000003bb9c00000,0x0000003bb9d00000) (1024K)]
  0x0000018cdbd41400 JavaThread "Download-3"                 daemon [_thread_blocked, id=580, stack(0x0000003bb9d00000,0x0000003bb9e00000) (1024K)]
  0x0000018ce5bda280 JavaThread "PluginUpdater Update Thread"        [_thread_blocked, id=4772, stack(0x0000003bb9e00000,0x0000003bb9f00000) (1024K)]
  0x0000018cd4f28c00 JavaThread "bStats-Metrics"             daemon [_thread_blocked, id=12848, stack(0x0000003bb9700000,0x0000003bb9800000) (1024K)]
  0x0000018cd4f30130 JavaThread "bStats-Metrics"                    [_thread_blocked, id=10708, stack(0x0000003bb9f00000,0x0000003bba000000) (1024K)]
  0x0000018cd4f337e0 JavaThread "bStats-Metrics"                    [_thread_blocked, id=30148, stack(0x0000003bba100000,0x0000003bba200000) (1024K)]
  0x0000018cd4f318a0 JavaThread "LiteSignIn-Pool"                   [_thread_blocked, id=9780, stack(0x0000003bb4b00000,0x0000003bb4c00000) (1024K)]
  0x0000018cd4f34780 JavaThread "bStats-Metrics"                    [_thread_blocked, id=23556, stack(0x0000003bba700000,0x0000003bba800000) (1024K)]
  0x0000018cd4f35ef0 JavaThread "bStats-Metrics"                    [_thread_blocked, id=12584, stack(0x0000003bba800000,0x0000003bba900000) (1024K)]
  0x0000018cd4f32840 JavaThread "bStats-Metrics"                    [_thread_blocked, id=29832, stack(0x0000003bba900000,0x0000003bbaa00000) (1024K)]
  0x0000018cd4f34f50 JavaThread "bStats-Metrics"                    [_thread_blocked, id=23688, stack(0x0000003bbaa00000,0x0000003bbab00000) (1024K)]
  0x0000018cd4f35720 JavaThread "bStats-Metrics"             daemon [_thread_blocked, id=12460, stack(0x0000003bbac00000,0x0000003bbad00000) (1024K)]
  0x0000018cd4f33fb0 JavaThread "bStats-Metrics"                    [_thread_blocked, id=9776, stack(0x0000003bbaf00000,0x0000003bbb000000) (1024K)]
  0x0000018cd4f366c0 JavaThread "bStats-Metrics"             daemon [_thread_blocked, id=18160, stack(0x0000003bbb000000,0x0000003bbb100000) (1024K)]
  0x0000018cc7796060 JavaThread "bStats-Metrics"                    [_thread_blocked, id=13624, stack(0x0000003bb9600000,0x0000003bb9700000) (1024K)]
  0x0000018cdca04a20 JavaThread "bStats-Metrics"                    [_thread_blocked, id=24968, stack(0x0000003bb9000000,0x0000003bb9100000) (1024K)]
  0x0000018cdca059c0 JavaThread "bStats-Metrics"                    [_thread_blocked, id=22632, stack(0x0000003bba600000,0x0000003bba700000) (1024K)]
  0x0000018cdca03a80 JavaThread "Timer-2"                    daemon [_thread_blocked, id=10112, stack(0x0000003bbb100000,0x0000003bbb200000) (1024K)]
  0x0000018cdca051f0 JavaThread "bStats-Metrics"                    [_thread_blocked, id=30876, stack(0x0000003bba400000,0x0000003bba500000) (1024K)]
  0x0000018cdca032b0 JavaThread "SentryExecutorServiceThreadFactory-0" daemon [_thread_blocked, id=30732, stack(0x0000003bba500000,0x0000003bba600000) (1024K)]
  0x0000018cdca09840 JavaThread "SentryHostnameCache-0"      daemon [_thread_blocked, id=32904, stack(0x0000003bbad00000,0x0000003bbae00000) (1024K)]
  0x0000018cdca0a7e0 JavaThread "SentryAsyncConnection-0"    daemon [_thread_blocked, id=32460, stack(0x0000003bbae00000,0x0000003bbaf00000) (1024K)]
  0x0000018cdca080d0 JavaThread "bStats-Metrics"                    [_thread_blocked, id=33276, stack(0x0000003bbb200000,0x0000003bbb300000) (1024K)]
  0x0000018cdca088a0 JavaThread "bStats-Metrics"                    [_thread_blocked, id=12532, stack(0x0000003bbb400000,0x0000003bbb500000) (1024K)]
  0x0000018cdca07900 JavaThread "Dimension-Data-IO-Worker-1"        [_thread_blocked, id=16912, stack(0x0000003bbb500000,0x0000003bbb600000) (1024K)]
  0x0000018cd61c29f0 JavaThread "Dimension-Data-IO-Worker-2"        [_thread_blocked, id=32792, stack(0x0000003bbb600000,0x0000003bbb700000) (1024K)]
  0x0000018cd61c4160 JavaThread "Dimension-Data-IO-Worker-3"        [_thread_blocked, id=32872, stack(0x0000003bbbf00000,0x0000003bbc000000) (1024K)]
  0x0000018cd61c4930 JavaThread "Dimension-Data-IO-Worker-4"        [_thread_blocked, id=24984, stack(0x0000003bbc000000,0x0000003bbc100000) (1024K)]
  0x0000018cd61c7810 JavaThread "bStats-Metrics"                    [_thread_blocked, id=15304, stack(0x0000003bbc300000,0x0000003bbc400000) (1024K)]
  0x0000018cd61c58d0 JavaThread "bStats-Metrics"                    [_thread_blocked, id=3172, stack(0x0000003bbc500000,0x0000003bbc600000) (1024K)]
  0x0000018ccfb269b0 JavaThread "bStats-Metrics"                    [_thread_blocked, id=29572, stack(0x0000003bbb900000,0x0000003bbba00000) (1024K)]
  0x0000018ce5ac4940 JavaThread "MVStore background writer D:/Minecraft/ÊúçÂä°Âô®/1.21.11/plugins/ajLeaderboards/cache.mv.db" daemon [_thread_blocked, id=33304, stack(0x0000003bbcf00000,0x0000003bbd000000) (1024K)]
  0x0000018ced0812e0 JavaThread "bStats-Metrics"                    [_thread_blocked, id=28936, stack(0x0000003bbd000000,0x0000003bbd100000) (1024K)]
  0x0000018ced081ab0 JavaThread "pool-76-thread-1"                  [_thread_blocked, id=32044, stack(0x0000003bbd300000,0x0000003bbd400000) (1024K)]
  0x0000018ceac7a800 JavaThread "H2-serialization"           daemon [_thread_blocked, id=16820, stack(0x0000003bbd400000,0x0000003bbd500000) (1024K)]
  0x0000018ce5bdb9f0 JavaThread "H2-save"                    daemon [_thread_blocked, id=30892, stack(0x0000003bbd500000,0x0000003bbd600000) (1024K)]
  0x0000018ced082280 JavaThread "bStats-Metrics"                    [_thread_blocked, id=33692, stack(0x0000003bbcb00000,0x0000003bbcc00000) (1024K)]
  0x0000018cea663f40 JavaThread "spark-monitoring-thread"    daemon [_thread_blocked, id=26044, stack(0x0000003bbc700000,0x0000003bbc800000) (1024K)]
  0x0000018cd5fbe160 JavaThread "Paper Async Task Handler Thread - 0"        [_thread_blocked, id=32932, stack(0x0000003bbca00000,0x0000003bbcb00000) (1024K)]
  0x0000018ceb7bf070 JavaThread "spark-java-sampler-0-0"            [_thread_blocked, id=33700, stack(0x0000003bbcd00000,0x0000003bbce00000) (1024K)]
  0x0000018ce5bdc990 JavaThread "spark-java-sampler-0-1"            [_thread_blocked, id=33628, stack(0x0000003bbce00000,0x0000003bbcf00000) (1024K)]
  0x0000018cdd3e5770 JavaThread "spark-java-sampler-0-2"            [_thread_blocked, id=2392, stack(0x0000003bbd600000,0x0000003bbd700000) (1024K)]
  0x0000018ceb011f50 JavaThread "spark-java-sampler-0-3"            [_thread_blocked, id=14880, stack(0x0000003bbd700000,0x0000003bbd800000) (1024K)]
  0x0000018ceb012720 JavaThread "spark-java-sampler-0-4"            [_thread_blocked, id=17532, stack(0x0000003bbd800000,0x0000003bbd900000) (1024K)]
  0x0000018cd40c8900 JavaThread "spark-java-sampler-0-5"            [_thread_blocked, id=22916, stack(0x0000003bbd900000,0x0000003bbda00000) (1024K)]
  0x0000018ceac7afd0 JavaThread "ForkJoinPool.commonPool-delayScheduler" daemon [_thread_blocked, id=9768, stack(0x0000003bbcc00000,0x0000003bbcd00000) (1024K)]
  0x0000018ced1bfd30 JavaThread "Thread-47"                         [_thread_in_native, id=20364, stack(0x0000003bbda00000,0x0000003bbdb00000) (1024K)]
  0x0000018ced1bc680 JavaThread "BlueMap-Plugin-DaemonTimer" daemon [_thread_blocked, id=20004, stack(0x0000003bbdc00000,0x0000003bbdd00000) (1024K)]
  0x0000018ceb9566c0 JavaThread "BlueMap-WebbAppImpl-Timer"  daemon [_thread_blocked, id=21616, stack(0x0000003bbe900000,0x0000003bbea00000) (1024K)]
  0x0000018ce4d765f0 JavaThread "Geyser Scheduled Thread-3-1"        [_thread_blocked, id=2724, stack(0x0000003bbea00000,0x0000003bbeb00000) (1024K)]
  0x0000018cf69376b0 JavaThread "Thread-58"                         [_thread_blocked, id=33576, stack(0x0000003bbec00000,0x0000003bbed00000) (1024K)]
  0x0000018cf6936710 JavaThread "pool-80-thread-1"                  [_thread_blocked, id=23488, stack(0x0000003bbc200000,0x0000003bbc300000) (1024K)]
  0x0000018cf6936ee0 JavaThread "GeyserServer-4-1"           daemon [_thread_in_native, id=6540, stack(0x0000003bbed00000,0x0000003bbee00000) (1024K)]
  0x0000018cf6935770 JavaThread "bStats-Metrics"             daemon [_thread_blocked, id=33556, stack(0x0000003bbef00000,0x0000003bbf000000) (1024K)]
  0x0000018cf6935f40 JavaThread "Geyser Spigot connection thread-7-1"        [_thread_blocked, id=30300, stack(0x0000003bbf000000,0x0000003bbf100000) (1024K)]
  0x0000018cf6934000 JavaThread "Jndi-Dns-address-change-listener" daemon [_thread_in_native, id=33592, stack(0x0000003bba300000,0x0000003bba400000) (1024K)]
  0x0000018cf69347d0 JavaThread "localSession-8-1"           daemon [_thread_blocked, id=13408, stack(0x0000003bbf200000,0x0000003bbf300000) (1024K)]
  0x0000018cdd670420 JavaThread "Geyser Spigot connection thread-7-2"        [_thread_blocked, id=228, stack(0x0000003bbf300000,0x0000003bbf400000) (1024K)]
  0x0000018ceb953fb0 JavaThread "Craft Async Scheduler Management Thread"        [_thread_blocked, id=3204, stack(0x0000003bbf800000,0x0000003bbf900000) (1024K)]
  0x0000018ceb360540 JavaThread "Timer-3"                           [_thread_blocked, id=21920, stack(0x0000003bc1400000,0x0000003bc1500000) (1024K)]
  0x0000018ceb361cb0 JavaThread "TrainCarts.EffectLoopPlayer1" daemon [_thread_blocked, id=3916, stack(0x0000003bbf600000,0x0000003bbf700000) (1024K)]
  0x0000018ceb362c50 JavaThread "Skript variable save thread for database 'CSV'"        [_thread_blocked, id=13348, stack(0x0000003bc2600000,0x0000003bc2700000) (1024K)]
  0x0000018ceb363420 JavaThread "Skript variable save thread"        [_thread_blocked, id=2632, stack(0x0000003bc2700000,0x0000003bc2800000) (1024K)]
  0x0000018ceb360d10 JavaThread "bStats-Metrics"             daemon [_thread_blocked, id=8364, stack(0x0000003bbf700000,0x0000003bbf800000) (1024K)]
  0x0000018ce59b3330 JavaThread "Timer-4"                           [_thread_blocked, id=592, stack(0x0000003bbeb00000,0x0000003bbec00000) (1024K)]
  0x0000018ce377e780 JavaThread "WorldGuard Region Chunk Table - world"        [_thread_blocked, id=22696, stack(0x0000003bb1900000,0x0000003bb1a00000) (1024K)]
  0x0000018ce377d7e0 JavaThread "bStats-Metrics"                    [_thread_blocked, id=18232, stack(0x0000003bb1a00000,0x0000003bb1b00000) (1024K)]
  0x0000018ceda489f0 JavaThread "Netty NIO IO #1"            daemon [_thread_in_native, id=32704, stack(0x0000003bade00000,0x0000003badf00000) (1024K)]
  0x0000018ceda49990 JavaThread "Netty NIO IO #2"            daemon [_thread_in_native, id=19216, stack(0x0000003bae500000,0x0000003bae600000) (1024K)]
  0x0000018cec8050e0 JavaThread "SF-BLOCK_STORAGE-Read-Thread #0"        [_thread_blocked, id=13936, stack(0x0000003bb2100000,0x0000003bb2200000) (1024K)]
  0x0000018ced32cb00 JavaThread "Paper Async Task Handler Thread - 1"        [_thread_blocked, id=15300, stack(0x0000003bb2200000,0x0000003bb2300000) (1024K)]
  0x0000018ce4a05060 JavaThread "ForkJoinPool.commonPool-worker-24" daemon [_thread_blocked, id=22840, stack(0x0000003bb4600000,0x0000003bb4700000) (1024K)]
  0x0000018ce4a08710 JavaThread "ForkJoinPool.commonPool-worker-25" daemon [_thread_blocked, id=10744, stack(0x0000003bb4800000,0x0000003bb4900000) (1024K)]
  0x0000018cec45d160 JavaThread "ForkJoinPool.commonPool-worker-26" daemon [_thread_blocked, id=3716, stack(0x0000003bb4e00000,0x0000003bb4f00000) (1024K)]
  0x0000018cf81620a0 JavaThread "UltimateShop-DB"                   [_thread_blocked, id=32724, stack(0x0000003bb4f00000,0x0000003bb5000000) (1024K)]
  0x0000018cf8160160 JavaThread "UltimateShop-DB"                   [_thread_blocked, id=18772, stack(0x0000003bb5700000,0x0000003bb5800000) (1024K)]
  0x0000018cd29e8e90 JavaThread "Paper Async Command Builder Thread Pool - 0"        [_thread_blocked, id=31896, stack(0x0000003bb8400000,0x0000003bb8500000) (1024K)]
  0x0000018ceac653a0 JavaThread "SF-PLAYER_PROFILE-Read-Thread #0"        [_thread_blocked, id=14696, stack(0x0000003bb8700000,0x0000003bb8800000) (1024K)]
  0x0000018cddeb71a0 JavaThread "SF-PLAYER_PROFILE-Callback-Thread #0"        [_thread_blocked, id=14296, stack(0x0000003bba000000,0x0000003bba100000) (1024K)]
  0x0000018ceb3614e0 JavaThread "pool-43-thread-1"                  [_thread_blocked, id=11664, stack(0x0000003bbc900000,0x0000003bbca00000) (1024K)]
  0x0000018cdc5dbfa0 JavaThread "Paper Async Command Builder Thread Pool - 1"        [_thread_blocked, id=9892, stack(0x0000003bb8000000,0x0000003bb8100000) (1024K)]
  0x0000018cedc13f70 JavaThread "ForkJoinPool.commonPool-worker-27" daemon [_thread_blocked, id=33560, stack(0x0000003bbb700000,0x0000003bbb800000) (1024K)]
  0x0000018cdc5dc770 JavaThread "Slimefun Profiler"                 [_thread_blocked, id=14076, stack(0x0000003bb1b00000,0x0000003bb1c00000) (1024K)]
  0x0000018ce4084b90 JavaThread "Slimefun Profiler"                 [_thread_blocked, id=20500, stack(0x0000003bb9800000,0x0000003bb9900000) (1024K)]
  0x0000018cf610cfa0 JavaThread "UltimateShop-DB"                   [_thread_blocked, id=32216, stack(0x0000003bb1700000,0x0000003bb1800000) (1024K)]
  0x0000018cf610b830 JavaThread "UltimateShop-DB"                   [_thread_blocked, id=22432, stack(0x0000003bb1800000,0x0000003bb1900000) (1024K)]
  0x0000018cdd99a660 JavaThread "SF-BLOCK_STORAGE-Read-Thread #1"        [_thread_blocked, id=15800, stack(0x0000003bb2000000,0x0000003bb2100000) (1024K)]
  0x0000018cdd99bdd0 JavaThread "SF-BLOCK_STORAGE-Read-Thread #2"        [_thread_blocked, id=14724, stack(0x0000003bbf100000,0x0000003bbf200000) (1024K)]
  0x0000018cdd998720 JavaThread "SF-BLOCK_STORAGE-Read-Thread #3"        [_thread_blocked, id=548, stack(0x0000003bbf900000,0x0000003bbfa00000) (1024K)]
  0x0000018cdd99ae30 JavaThread "SF-BLOCK_STORAGE-Read-Thread #4"        [_thread_blocked, id=26216, stack(0x0000003bc0000000,0x0000003bc0100000) (1024K)]
  0x0000018cdd99b600 JavaThread "SF-BLOCK_STORAGE-Read-Thread #5"        [_thread_blocked, id=32828, stack(0x0000003bc0100000,0x0000003bc0200000) (1024K)]
  0x0000018cdd998ef0 JavaThread "SF-BLOCK_STORAGE-Read-Thread #6"        [_thread_blocked, id=30324, stack(0x0000003bc0200000,0x0000003bc0300000) (1024K)]
  0x0000018cdd9996c0 JavaThread "SF-BLOCK_STORAGE-Read-Thread #7"        [_thread_blocked, id=22932, stack(0x0000003bc0300000,0x0000003bc0400000) (1024K)]
  0x0000018ce5abd000 JavaThread "SF-BLOCK_STORAGE-Read-Thread #8"        [_thread_blocked, id=28912, stack(0x0000003bc0400000,0x0000003bc0500000) (1024K)]
  0x0000018ce5abf710 JavaThread "SF-BLOCK_STORAGE-Read-Thread #9"        [_thread_blocked, id=22960, stack(0x0000003bc0500000,0x0000003bc0600000) (1024K)]
  0x0000018ce5abe770 JavaThread "SF-BLOCK_STORAGE-Read-Thread #10"        [_thread_blocked, id=33252, stack(0x0000003bc0600000,0x0000003bc0700000) (1024K)]
  0x0000018ce5abdfa0 JavaThread "SF-BLOCK_STORAGE-Read-Thread #11"        [_thread_blocked, id=7772, stack(0x0000003bc0700000,0x0000003bc0800000) (1024K)]
  0x0000018ce5abd7d0 JavaThread "SF-BLOCK_STORAGE-Read-Thread #12"        [_thread_blocked, id=21656, stack(0x0000003bc0800000,0x0000003bc0900000) (1024K)]
  0x0000018ce5abc060 JavaThread "SF-BLOCK_STORAGE-Read-Thread #13"        [_thread_blocked, id=15280, stack(0x0000003bc0900000,0x0000003bc0a00000) (1024K)]
  0x0000018ce5abc830 JavaThread "SF-BLOCK_STORAGE-Read-Thread #14"        [_thread_blocked, id=11976, stack(0x0000003bc0a00000,0x0000003bc0b00000) (1024K)]
  0x0000018cea662000 JavaThread "SF-BLOCK_STORAGE-Callback-Thread #0"        [_thread_blocked, id=32964, stack(0x0000003bc0b00000,0x0000003bc0c00000) (1024K)]
  0x0000018ced8df2f0 JavaThread "HttpClient-51-SelectorManager" daemon [_thread_in_native, id=12980, stack(0x0000003bbff00000,0x0000003bc0000000) (1024K)]
  0x0000018cdb1677b0 JavaThread "UltimateShop-DB"                   [_thread_blocked, id=14664, stack(0x0000003bb5800000,0x0000003bb5900000) (1024K)]
  0x0000018cea796010 JavaThread "UltimateShop-DB"                   [_thread_blocked, id=24048, stack(0x0000003bb9200000,0x0000003bb9300000) (1024K)]
  0x0000018ce5c36ec0 JavaThread "SF-BLOCK_STORAGE-Write-Thread #0"        [_thread_blocked, id=23664, stack(0x0000003bc0e00000,0x0000003bc0f00000) (1024K)]
  0x0000018cdd77d260 JavaThread "BlueMap-InstancePool-RecycleTimer" daemon [_thread_blocked, id=2240, stack(0x0000003bb2700000,0x0000003bb2800000) (1024K)]
  0x0000018cdb9c3920 JavaThread "UltimateShop-DB"                   [_thread_blocked, id=3920, stack(0x0000003bb2400000,0x0000003bb2500000) (1024K)]
  0x0000018cdb9c19e0 JavaThread "UltimateShop-DB"                   [_thread_blocked, id=30476, stack(0x0000003bb4400000,0x0000003bb4500000) (1024K)]
  0x0000018ceac66340 JavaThread "SF-PLAYER_PROFILE-Write-Thread #0"        [_thread_blocked, id=12572, stack(0x0000003bb1e00000,0x0000003bb1f00000) (1024K)]
  0x0000018ce5ceb000 JavaThread "UltimateShop-DB"                   [_thread_blocked, id=20180, stack(0x0000003bbf400000,0x0000003bbf500000) (1024K)]
  0x0000018ced3301b0 JavaThread "Netty NIO IO #3"            daemon [_thread_in_native, id=15692, stack(0x0000003bbab00000,0x0000003bbac00000) (1024K)]
  0x0000018c82b96f50 JavaThread "WebSocketConnectReadThread-947"        [_thread_in_native, id=944, stack(0x0000003bb2600000,0x0000003bb2700000) (1024K)]
  0x0000018cdd3e6710 JavaThread "WebSocketWriteThread-948"          [_thread_blocked, id=2400, stack(0x0000003bb2800000,0x0000003bb2900000) (1024K)]
  0x0000018cdd3e3060 JavaThread "connectionLostChecker-1"           [_thread_blocked, id=30416, stack(0x0000003bba200000,0x0000003bba300000) (1024K)]
  0x0000018ceab2af40 JavaThread "UltimateShop-DB"                   [_thread_blocked, id=3148, stack(0x0000003bb0800000,0x0000003bb0900000) (1024K)]
  0x0000018cfdeb2010 JavaThread "UltimateShop-DB"                   [_thread_blocked, id=30768, stack(0x0000003bbdb00000,0x0000003bbdc00000) (1024K)]
  0x0000018cf6e744c0 JavaThread "FileSystemWatchService"     daemon [_thread_in_native, id=32232, stack(0x0000003bbb800000,0x0000003bbb900000) (1024K)]
  0x0000018ce3c97420 JavaThread "Thread-320"                 daemon [_thread_blocked, id=9084, stack(0x0000003bbbc00000,0x0000003bbbd00000) (1024K)]
  0x0000018ce3c94540 JavaThread "FileSystemWatchService"     daemon [_thread_in_native, id=23792, stack(0x0000003bbbd00000,0x0000003bbbe00000) (1024K)]
  0x0000018ce3c96480 JavaThread "Thread-321"                 daemon [_thread_blocked, id=33704, stack(0x0000003bbbe00000,0x0000003bbbf00000) (1024K)]
  0x0000018cdc8cacc0 JavaThread "FileSystemWatchService"     daemon [_thread_in_native, id=19760, stack(0x0000003bbc100000,0x0000003bbc200000) (1024K)]
  0x0000018cdc8cb490 JavaThread "Thread-322"                 daemon [_thread_blocked, id=13556, stack(0x0000003bbc600000,0x0000003bbc700000) (1024K)]
  0x0000018cece25fc0 JavaThread "BlueMap-RegionFileWatchService-DelayTimer" daemon [_thread_blocked, id=8692, stack(0x0000003bbc800000,0x0000003bbc900000) (1024K)]
  0x0000018cd539d5c0 JavaThread "FileSystemWatchService"     daemon [_thread_in_native, id=10640, stack(0x0000003bbd100000,0x0000003bbd200000) (1024K)]
  0x0000018cc7797fa0 JavaThread "Thread-324"                 daemon [_thread_blocked, id=22496, stack(0x0000003bbd200000,0x0000003bbd300000) (1024K)]
  0x0000018cfdeb2fb0 JavaThread "BlueMap-RegionFileWatchService-DelayTimer" daemon [_thread_blocked, id=13244, stack(0x0000003bbdd00000,0x0000003bbde00000) (1024K)]
  0x0000018ce4599d00 JavaThread "BlueMap-RegionFileWatchService-DelayTimer" daemon [_thread_blocked, id=896, stack(0x0000003bbde00000,0x0000003bbdf00000) (1024K)]
  0x0000018ced8dc410 JavaThread "BlueMap-RegionFileWatchService-DelayTimer" daemon [_thread_blocked, id=29468, stack(0x0000003bbdf00000,0x0000003bbe000000) (1024K)]
  0x0000018ce5b437d0 JavaThread "SF-PLAYER_PROFILE-Read-Thread #1"        [_thread_blocked, id=16016, stack(0x0000003bc0f00000,0x0000003bc1000000) (1024K)]
  0x0000018ced8deb20 JavaThread "SF-PLAYER_PROFILE-Read-Thread #2"        [_thread_blocked, id=14396, stack(0x0000003bc0c00000,0x0000003bc0d00000) (1024K)]
  0x0000018ce4597dc0 JavaThread "SF-PLAYER_PROFILE-Read-Thread #3"        [_thread_blocked, id=33036, stack(0x0000003bbfd00000,0x0000003bbfe00000) (1024K)]
  0x0000018cd163b7d0 JavaThread "Async Tab Complete Thread - #0" daemon [_thread_blocked, id=11440, stack(0x0000003bb1d00000,0x0000003bb1e00000) (1024K)]
  0x0000018ceceb5b70 JavaThread "Async Tab Complete Thread - #1" daemon [_thread_blocked, id=29048, stack(0x0000003bbfb00000,0x0000003bbfc00000) (1024K)]
  0x0000018cf6e715e0 JavaThread "Async Tab Complete Thread - #2" daemon [_thread_blocked, id=12120, stack(0x0000003bbe500000,0x0000003bbe600000) (1024K)]
  0x0000018c81c977b0 JavaThread "Craft Scheduler Thread - 361"        [_thread_blocked, id=33896, stack(0x0000003bbe600000,0x0000003bbe700000) (1024K)]
  0x0000018cdd94d000 JavaThread "Craft Scheduler Thread - 390"        [_thread_blocked, id=10924, stack(0x0000003bbe300000,0x0000003bbe400000) (1024K)]
  0x0000018cebc92c10 JavaThread "Craft Scheduler Thread - 409"        [_thread_blocked, id=35168, stack(0x0000003bb0300000,0x0000003bb0400000) (1024K)]
  0x0000018cfb45d720 JavaThread "Craft Scheduler Thread - 411"        [_thread_blocked, id=33752, stack(0x0000003bb1600000,0x0000003bb1700000) (1024K)]
  0x0000018cd4d95c30 JavaThread "Craft Scheduler Thread - 415"        [_thread_blocked, id=13300, stack(0x0000003bae600000,0x0000003bae700000) (1024K)]
  0x0000018c81c98f20 JavaThread "Craft Scheduler Thread - 417"        [_thread_blocked, id=36508, stack(0x0000003bb1500000,0x0000003bb1600000) (1024K)]
  0x0000018ceda451b0 JavaThread "Craft Scheduler Thread - 419"        [_thread_blocked, id=38588, stack(0x0000003bb3900000,0x0000003bb3a00000) (1024K)]
  0x0000018ceda45980 JavaThread "Craft Scheduler Thread - 420"        [_thread_blocked, id=38920, stack(0x0000003bb2900000,0x0000003bb2a00000) (1024K)]
  0x0000018ce4f09df0 JavaThread "Craft Scheduler Thread - 421"        [_thread_blocked, id=34940, stack(0x0000003baf400000,0x0000003baf500000) (1024K)]
  0x0000018cfdeb1840 JavaThread "Craft Scheduler Thread - 423"        [_thread_blocked, id=2148, stack(0x0000003bb7900000,0x0000003bb7a00000) (1024K)]
  0x0000018cd56a3f60 JavaThread "Craft Scheduler Thread - 424"        [_thread_blocked, id=37908, stack(0x0000003bbb300000,0x0000003bbb400000) (1024K)]
  0x0000018cdb4c3800 JavaThread "Craft Scheduler Thread - 425"        [_thread_blocked, id=37708, stack(0x0000003bbc400000,0x0000003bbc500000) (1024K)]
  0x0000018cc7797000 JavaThread "Craft Scheduler Thread - 426"        [_thread_blocked, id=34496, stack(0x0000003bbe000000,0x0000003bbe100000) (1024K)]
  0x0000018ceb9537e0 JavaThread "Craft Scheduler Thread - 427"        [_thread_blocked, id=17552, stack(0x0000003bad000000,0x0000003bad100000) (1024K)]
  0x0000018cf6156d10 JavaThread "C2 CompilerThread1"         daemon [_thread_blocked, id=41968, stack(0x0000003bae700000,0x0000003bae800000) (1024K)]
  0x0000018cf6154cd0 JavaThread "C2 CompilerThread2"         daemon [_thread_blocked, id=41972, stack(0x0000003bb0400000,0x0000003bb0500000) (1024K)]
  0x0000018cf61554e0 JavaThread "C1 CompilerThread1"         daemon [_thread_blocked, id=41976, stack(0x0000003bb2300000,0x0000003bb2400000) (1024K)]
  0x0000018cf6155cf0 JavaThread "C1 CompilerThread2"         daemon [_thread_blocked, id=41980, stack(0x0000003bb2500000,0x0000003bb2600000) (1024K)]
  0x0000018cf6156500 JavaThread "C1 CompilerThread3"         daemon [_thread_blocked, id=41324, stack(0x0000003bbe100000,0x0000003bbe200000) (1024K)]
Total: 302

Other Threads:
  0x0000018cc788cde0 VMThread "VM Thread"                           [id=3036, stack(0x0000003bac500000,0x0000003bac600000) (1024K)]
  0x0000018cc787f130 WatcherThread "VM Periodic Task Thread"        [id=9504, stack(0x0000003bac400000,0x0000003bac500000) (1024K)]
  0x0000018ca512faf0 WorkerThread "GC Thread#0"                     [id=23908, stack(0x0000003babf00000,0x0000003bac000000) (1024K)]
  0x0000018cd111c5e0 WorkerThread "GC Thread#1"                     [id=32736, stack(0x0000003bad300000,0x0000003bad400000) (1024K)]
  0x0000018cd111ce20 WorkerThread "GC Thread#2"                     [id=8428, stack(0x0000003bad400000,0x0000003bad500000) (1024K)]
  0x0000018cd111d660 WorkerThread "GC Thread#3"                     [id=31200, stack(0x0000003bad500000,0x0000003bad600000) (1024K)]
  0x0000018cd112fad0 WorkerThread "GC Thread#4"                     [id=31104, stack(0x0000003bad600000,0x0000003bad700000) (1024K)]
  0x0000018cd112ff00 WorkerThread "GC Thread#5"                     [id=33028, stack(0x0000003bad700000,0x0000003bad800000) (1024K)]
  0x0000018cd1130740 WorkerThread "GC Thread#6"                     [id=33784, stack(0x0000003bad800000,0x0000003bad900000) (1024K)]
  0x0000018cd1139660 WorkerThread "GC Thread#7"                     [id=31512, stack(0x0000003bad900000,0x0000003bada00000) (1024K)]
  0x0000018cd1138970 WorkerThread "GC Thread#8"                     [id=31312, stack(0x0000003bada00000,0x0000003badb00000) (1024K)]
  0x0000018cd113bd30 WorkerThread "GC Thread#9"                     [id=21648, stack(0x0000003badb00000,0x0000003badc00000) (1024K)]
  0x0000018cd1138dc0 WorkerThread "GC Thread#10"                    [id=18564, stack(0x0000003badc00000,0x0000003badd00000) (1024K)]
  0x0000018cd1139210 WorkerThread "GC Thread#11"                    [id=33132, stack(0x0000003badd00000,0x0000003bade00000) (1024K)]
  0x0000018ccf71e530 WorkerThread "GC Thread#12"                    [id=28212, stack(0x0000003bae200000,0x0000003bae300000) (1024K)]
  0x0000018ccf71fac0 WorkerThread "GC Thread#13"                    [id=572, stack(0x0000003bae800000,0x0000003bae900000) (1024K)]
  0x0000018ccf721050 WorkerThread "GC Thread#14"                    [id=3704, stack(0x0000003baef00000,0x0000003baf000000) (1024K)]
  0x0000018ccf7214a0 WorkerThread "GC Thread#15"                    [id=26248, stack(0x0000003baf000000,0x0000003baf100000) (1024K)]
  0x0000018cd3dd5270 WorkerThread "GC Thread#16"                    [id=30792, stack(0x0000003baf200000,0x0000003baf300000) (1024K)]
  0x0000018cd3dda010 WorkerThread "GC Thread#17"                    [id=4304, stack(0x0000003bad100000,0x0000003bad200000) (1024K)]
  0x0000018cc76abef0 ConcurrentGCThread "G1 Main Marker"            [id=23660, stack(0x0000003bac000000,0x0000003bac100000) (1024K)]
  0x0000018cc76aca90 WorkerThread "G1 Conc#0"                       [id=13644, stack(0x0000003bac100000,0x0000003bac200000) (1024K)]
  0x0000018ccf720360 WorkerThread "G1 Conc#1"                       [id=7544, stack(0x0000003bae900000,0x0000003baea00000) (1024K)]
  0x0000018ccf71c700 WorkerThread "G1 Conc#2"                       [id=31052, stack(0x0000003baea00000,0x0000003baeb00000) (1024K)]
  0x0000018ccf7207b0 WorkerThread "G1 Conc#3"                       [id=23656, stack(0x0000003baeb00000,0x0000003baec00000) (1024K)]
  0x0000018ccf720c00 WorkerThread "G1 Conc#4"                       [id=15784, stack(0x0000003baec00000,0x0000003baed00000) (1024K)]
  0x0000018cc773cdd0 ConcurrentGCThread "G1 Refine#0"               [id=16096, stack(0x0000003bac200000,0x0000003bac300000) (1024K)]
  0x0000018cc773d7e0 ConcurrentGCThread "G1 Service"                [id=10036, stack(0x0000003bac300000,0x0000003bac400000) (1024K)]
Total: 28

Threads with active compile tasks:
Total: 0

VM state: not at safepoint (normal execution)

VM Mutex/Monitor currently owned by a thread: None

Heap address: 0x0000000604800000, size: 8120 MB, Compressed Oops mode: Zero based, Oop shift amount: 3

CDS archive(s) mapped at: [0x000000001a000000-0x000000001add0000-0x000000001add0000), size 14483456, SharedBaseAddress: 0x000000001a000000, ArchiveRelocationMode: 1.
Compressed class space mapped at: 0x000000001b000000-0x000000005b000000, reserved size: 1073741824
UseCompressedClassPointers 1, UseCompactObjectHeaders 0
Narrow klass pointer bits 32, Max shift 3
Narrow klass base: 0x000000001a000000, Narrow klass shift: 0
Encoding Range: [0x000000001a000000 - 0x000000011a000000), (4294967296 bytes)
Klass Range:    [0x000000001a010000 - 0x000000005b000000), (1090453504 bytes)
Klass ID Range:  [65536 - 1090519033) (1090453497)
Protection zone: [0x000000001a000000 - 0x000000001a010000), (65536 bytes)

GC Precious Log:
 CardTable entry size: 512
 Card Set container configuration: InlinePtr #cards 4 size 8 Array Of Cards #cards 32 size 80 Howl #buckets 8 coarsen threshold 7372 Howl Bitmap #cards 1024 size 144 coarsen threshold 921 Card regions per heap region 1 cards per card region 8192
 CPUs: 24 total, 24 available
 Memory: 32471M
 Large Page Support: Disabled
 NUMA Support: Disabled
 Compressed Oops: Enabled (Zero based)
 Heap Region Size: 4M
 Heap Min Capacity: 8M
 Heap Initial Capacity: 508M
 Heap Max Capacity: 8120M
 Pre-touch: Disabled
 Parallel Workers: 18
 Concurrent Workers: 5
 Concurrent Refinement Workers: 18
 Periodic GC: Disabled

Heap:
 garbage-first heap   total reserved 8314880K, committed 5996544K, used 5193503K [0x0000000604800000, 0x0000000800000000)
  region size 4096K, 590 young (2416640K), 4 survivors (16384K)

Heap Regions: E=young(eden), S=young(survivor), O=old, HS=humongous(starts), HC=humongous(continues), CS=collection set, F=free, TAMS=top-at-mark-start, PB=parsable bottom
|   0|0x0000000604800000, 0x0000000604bfca90, 0x0000000604c00000| 99%| O|  |TAMS 0x0000000604800000| PB 0x0000000604800000| Untracked |  0
|   1|0x0000000604c00000, 0x0000000604ffd838, 0x0000000605000000| 99%| O|  |TAMS 0x0000000604c00000| PB 0x0000000604c00000| Untracked |  0
|   2|0x0000000605000000, 0x00000006053ffff0, 0x0000000605400000| 99%| O|  |TAMS 0x0000000605000000| PB 0x0000000605000000| Untracked |  0
|   3|0x0000000605400000, 0x00000006057ff658, 0x0000000605800000| 99%| O|  |TAMS 0x0000000605400000| PB 0x0000000605400000| Untracked |  0
|   4|0x0000000605800000, 0x0000000605c00000, 0x0000000605c00000|100%| O|  |TAMS 0x0000000605800000| PB 0x0000000605800000| Untracked |  0
|   5|0x0000000605c00000, 0x0000000606000000, 0x0000000606000000|100%| O|  |TAMS 0x0000000605c00000| PB 0x0000000605c00000| Untracked |  0
|   6|0x0000000606000000, 0x0000000606400000, 0x0000000606400000|100%| O|  |TAMS 0x0000000606000000| PB 0x0000000606000000| Untracked |  0
|   7|0x0000000606400000, 0x0000000606800000, 0x0000000606800000|100%| O|  |TAMS 0x0000000606400000| PB 0x0000000606400000| Untracked |  0
|   8|0x0000000606800000, 0x0000000606c00000, 0x0000000606c00000|100%| O|  |TAMS 0x0000000606800000| PB 0x0000000606800000| Untracked |  0
|   9|0x0000000606c00000, 0x0000000607000000, 0x0000000607000000|100%| O|  |TAMS 0x0000000606c00000| PB 0x0000000606c00000| Untracked |  0
|  10|0x0000000607000000, 0x0000000607400000, 0x0000000607400000|100%| O|  |TAMS 0x0000000607000000| PB 0x0000000607000000| Untracked |  0
|  11|0x0000000607400000, 0x0000000607800000, 0x0000000607800000|100%| O|  |TAMS 0x0000000607400000| PB 0x0000000607400000| Untracked |  0
|  12|0x0000000607800000, 0x0000000607c00000, 0x0000000607c00000|100%| O|  |TAMS 0x0000000607800000| PB 0x0000000607800000| Untracked |  0
|  13|0x0000000607c00000, 0x0000000608000000, 0x0000000608000000|100%| O|  |TAMS 0x0000000607c00000| PB 0x0000000607c00000| Untracked |  0
|  14|0x0000000608000000, 0x0000000608400000, 0x0000000608400000|100%| O|  |TAMS 0x0000000608000000| PB 0x0000000608000000| Untracked |  0
|  15|0x0000000608400000, 0x0000000608800000, 0x0000000608800000|100%| O|  |TAMS 0x0000000608400000| PB 0x0000000608400000| Untracked |  0
|  16|0x0000000608800000, 0x0000000608c00000, 0x0000000608c00000|100%| O|  |TAMS 0x0000000608800000| PB 0x0000000608800000| Untracked |  0
|  17|0x0000000608c00000, 0x0000000609000000, 0x0000000609000000|100%| O|  |TAMS 0x0000000608c00000| PB 0x0000000608c00000| Untracked |  0
|  18|0x0000000609000000, 0x00000006093ffff8, 0x0000000609400000| 99%| O|  |TAMS 0x0000000609000000| PB 0x0000000609000000| Untracked |  0
|  19|0x0000000609400000, 0x00000006097fffe8, 0x0000000609800000| 99%| O|  |TAMS 0x0000000609400000| PB 0x0000000609400000| Untracked |  0
|  20|0x0000000609800000, 0x0000000609c00000, 0x0000000609c00000|100%| O|  |TAMS 0x0000000609800000| PB 0x0000000609800000| Untracked |  0
|  21|0x0000000609c00000, 0x0000000609ffffe8, 0x000000060a000000| 99%| O|  |TAMS 0x0000000609c00000| PB 0x0000000609c00000| Untracked |  0
|  22|0x000000060a000000, 0x000000060a400000, 0x000000060a400000|100%| O|  |TAMS 0x000000060a000000| PB 0x000000060a000000| Untracked |  0
|  23|0x000000060a400000, 0x000000060a800000, 0x000000060a800000|100%| O|  |TAMS 0x000000060a400000| PB 0x000000060a400000| Untracked |  0
|  24|0x000000060a800000, 0x000000060ac00000, 0x000000060ac00000|100%| O|  |TAMS 0x000000060a800000| PB 0x000000060a800000| Untracked |  0
|  25|0x000000060ac00000, 0x000000060b000000, 0x000000060b000000|100%|HS|  |TAMS 0x000000060ac00000| PB 0x000000060ac00000| Complete |  0
|  26|0x000000060b000000, 0x000000060b400000, 0x000000060b400000|100%| O|  |TAMS 0x000000060b000000| PB 0x000000060b000000| Untracked |  0
|  27|0x000000060b400000, 0x000000060b800000, 0x000000060b800000|100%| O|  |TAMS 0x000000060b400000| PB 0x000000060b400000| Untracked |  0
|  28|0x000000060b800000, 0x000000060bc00000, 0x000000060bc00000|100%|HS|  |TAMS 0x000000060b800000| PB 0x000000060b800000| Complete |  0
|  29|0x000000060bc00000, 0x000000060c000000, 0x000000060c000000|100%| O|  |TAMS 0x000000060bc00000| PB 0x000000060bc00000| Untracked |  0
|  30|0x000000060c000000, 0x000000060c400000, 0x000000060c400000|100%| O|  |TAMS 0x000000060c000000| PB 0x000000060c000000| Untracked |  0
|  31|0x000000060c400000, 0x000000060c7ff728, 0x000000060c800000| 99%| O|  |TAMS 0x000000060c400000| PB 0x000000060c400000| Untracked |  0
|  32|0x000000060c800000, 0x000000060cc00000, 0x000000060cc00000|100%| O|  |TAMS 0x000000060c800000| PB 0x000000060c800000| Untracked |  0
|  33|0x000000060cc00000, 0x000000060d000000, 0x000000060d000000|100%| O|  |TAMS 0x000000060cc00000| PB 0x000000060cc00000| Untracked |  0
|  34|0x000000060d000000, 0x000000060d400000, 0x000000060d400000|100%| O|  |TAMS 0x000000060d000000| PB 0x000000060d000000| Untracked |  0
|  35|0x000000060d400000, 0x000000060d800000, 0x000000060d800000|100%| O|  |TAMS 0x000000060d400000| PB 0x000000060d400000| Untracked |  0
|  36|0x000000060d800000, 0x000000060dc00000, 0x000000060dc00000|100%| O|  |TAMS 0x000000060d800000| PB 0x000000060d800000| Untracked |  0
|  37|0x000000060dc00000, 0x000000060e000000, 0x000000060e000000|100%| O|  |TAMS 0x000000060dc00000| PB 0x000000060dc00000| Untracked |  0
|  38|0x000000060e000000, 0x000000060e400000, 0x000000060e400000|100%| O|  |TAMS 0x000000060e000000| PB 0x000000060e000000| Untracked |  0
|  39|0x000000060e400000, 0x000000060e800000, 0x000000060e800000|100%| O|  |TAMS 0x000000060e400000| PB 0x000000060e400000| Untracked |  0
|  40|0x000000060e800000, 0x000000060ebffff8, 0x000000060ec00000| 99%| O|  |TAMS 0x000000060e800000| PB 0x000000060e800000| Untracked |  0
|  41|0x000000060ec00000, 0x000000060efffff0, 0x000000060f000000| 99%| O|  |TAMS 0x000000060ec00000| PB 0x000000060ec00000| Untracked |  0
|  42|0x000000060f000000, 0x000000060f3fffd0, 0x000000060f400000| 99%| O|  |TAMS 0x000000060f000000| PB 0x000000060f000000| Untracked |  0
|  43|0x000000060f400000, 0x000000060f7ffff0, 0x000000060f800000| 99%| O|  |TAMS 0x000000060f400000| PB 0x000000060f400000| Untracked |  0
|  44|0x000000060f800000, 0x000000060fbffc08, 0x000000060fc00000| 99%| O|  |TAMS 0x000000060f800000| PB 0x000000060f800000| Untracked |  0
|  45|0x000000060fc00000, 0x0000000610000000, 0x0000000610000000|100%| O|  |TAMS 0x000000060fc00000| PB 0x000000060fc00000| Untracked |  0
|  46|0x0000000610000000, 0x0000000610400000, 0x0000000610400000|100%| O|  |TAMS 0x0000000610000000| PB 0x0000000610000000| Untracked |  0
|  47|0x0000000610400000, 0x0000000610800000, 0x0000000610800000|100%| O|  |TAMS 0x0000000610400000| PB 0x0000000610400000| Untracked |  0
|  48|0x0000000610800000, 0x0000000610c00000, 0x0000000610c00000|100%| O|  |TAMS 0x0000000610800000| PB 0x0000000610800000| Untracked |  0
|  49|0x0000000610c00000, 0x0000000611000000, 0x0000000611000000|100%| O|  |TAMS 0x0000000610c00000| PB 0x0000000610c00000| Untracked |  0
|  50|0x0000000611000000, 0x0000000611400000, 0x0000000611400000|100%| O|  |TAMS 0x0000000611000000| PB 0x0000000611000000| Untracked |  0
|  51|0x0000000611400000, 0x0000000611800000, 0x0000000611800000|100%| O|  |TAMS 0x0000000611400000| PB 0x0000000611400000| Untracked |  0
|  52|0x0000000611800000, 0x0000000611c00000, 0x0000000611c00000|100%| O|  |TAMS 0x0000000611800000| PB 0x0000000611800000| Untracked |  0
|  53|0x0000000611c00000, 0x0000000612000000, 0x0000000612000000|100%| O|  |TAMS 0x0000000611c00000| PB 0x0000000611c00000| Untracked |  0
|  54|0x0000000612000000, 0x0000000612400000, 0x0000000612400000|100%| O|  |TAMS 0x0000000612000000| PB 0x0000000612000000| Untracked |  0
|  55|0x0000000612400000, 0x0000000612800000, 0x0000000612800000|100%| O|  |TAMS 0x0000000612400000| PB 0x0000000612400000| Untracked |  0
|  56|0x0000000612800000, 0x0000000612c00000, 0x0000000612c00000|100%| O|  |TAMS 0x0000000612800000| PB 0x0000000612800000| Untracked |  0
|  57|0x0000000612c00000, 0x0000000613000000, 0x0000000613000000|100%|HS|  |TAMS 0x0000000612c00000| PB 0x0000000612c00000| Complete |  0
|  58|0x0000000613000000, 0x0000000613400000, 0x0000000613400000|100%| O|  |TAMS 0x0000000613000000| PB 0x0000000613000000| Untracked |  0
|  59|0x0000000613400000, 0x00000006137ffff0, 0x0000000613800000| 99%| O|  |TAMS 0x0000000613400000| PB 0x0000000613400000| Untracked |  0
|  60|0x0000000613800000, 0x0000000613c00000, 0x0000000613c00000|100%| O|  |TAMS 0x0000000613800000| PB 0x0000000613800000| Untracked |  0
|  61|0x0000000613c00000, 0x0000000613fffff8, 0x0000000614000000| 99%| O|  |TAMS 0x0000000613c00000| PB 0x0000000613c00000| Untracked |  0
|  62|0x0000000614000000, 0x00000006143ff420, 0x0000000614400000| 99%| O|  |TAMS 0x0000000614000000| PB 0x0000000614000000| Untracked |  0
|  63|0x0000000614400000, 0x0000000614800000, 0x0000000614800000|100%| O|  |TAMS 0x0000000614400000| PB 0x0000000614400000| Untracked |  0
|  64|0x0000000614800000, 0x0000000614c00000, 0x0000000614c00000|100%| O|  |TAMS 0x0000000614800000| PB 0x0000000614800000| Untracked |  0
|  65|0x0000000614c00000, 0x0000000614fffff0, 0x0000000615000000| 99%| O|  |TAMS 0x0000000614c00000| PB 0x0000000614c00000| Untracked |  0
|  66|0x0000000615000000, 0x00000006153ffff8, 0x0000000615400000| 99%| O|  |TAMS 0x0000000615000000| PB 0x0000000615000000| Untracked |  0
|  67|0x0000000615400000, 0x0000000615800000, 0x0000000615800000|100%| O|  |TAMS 0x0000000615400000| PB 0x0000000615400000| Untracked |  0
|  68|0x0000000615800000, 0x0000000615bffff0, 0x0000000615c00000| 99%| O|  |TAMS 0x0000000615800000| PB 0x0000000615800000| Untracked |  0
|  69|0x0000000615c00000, 0x0000000616000000, 0x0000000616000000|100%| O|  |TAMS 0x0000000615c00000| PB 0x0000000615c00000| Untracked |  0
|  70|0x0000000616000000, 0x00000006163ffff0, 0x0000000616400000| 99%| O|  |TAMS 0x0000000616000000| PB 0x0000000616000000| Untracked |  0
|  71|0x0000000616400000, 0x00000006167f98f0, 0x0000000616800000| 99%| O|  |TAMS 0x0000000616400000| PB 0x0000000616400000| Untracked |  0
|  72|0x0000000616800000, 0x0000000616bffff8, 0x0000000616c00000| 99%| O|  |TAMS 0x0000000616800000| PB 0x0000000616800000| Untracked |  0
|  73|0x0000000616c00000, 0x0000000616fffff8, 0x0000000617000000| 99%| O|  |TAMS 0x0000000616c00000| PB 0x0000000616c00000| Untracked |  0
|  74|0x0000000617000000, 0x00000006173fe418, 0x0000000617400000| 99%| O|  |TAMS 0x0000000617000000| PB 0x0000000617000000| Untracked |  0
|  75|0x0000000617400000, 0x00000006177ff8f0, 0x0000000617800000| 99%| O|  |TAMS 0x0000000617400000| PB 0x0000000617400000| Untracked |  0
|  76|0x0000000617800000, 0x0000000617bfffc8, 0x0000000617c00000| 99%| O|  |TAMS 0x0000000617800000| PB 0x0000000617800000| Untracked |  0
|  77|0x0000000617c00000, 0x0000000618000000, 0x0000000618000000|100%| O|  |TAMS 0x0000000617c00000| PB 0x0000000617c00000| Untracked |  0
|  78|0x0000000618000000, 0x0000000618400000, 0x0000000618400000|100%| O|  |TAMS 0x0000000618000000| PB 0x0000000618000000| Untracked |  0
|  79|0x0000000618400000, 0x00000006187664f0, 0x0000000618800000| 84%| O|  |TAMS 0x0000000618400000| PB 0x0000000618400000| Untracked |  0
|  80|0x0000000618800000, 0x0000000618bfffe8, 0x0000000618c00000| 99%| O|  |TAMS 0x0000000618800000| PB 0x0000000618800000| Untracked |  0
|  81|0x0000000618c00000, 0x0000000619000000, 0x0000000619000000|100%| O|  |TAMS 0x0000000618c00000| PB 0x0000000618c00000| Untracked |  0
|  82|0x0000000619000000, 0x0000000619400000, 0x0000000619400000|100%| O|  |TAMS 0x0000000619000000| PB 0x0000000619000000| Untracked |  0
|  83|0x0000000619400000, 0x0000000619800000, 0x0000000619800000|100%| O|  |TAMS 0x0000000619400000| PB 0x0000000619400000| Untracked |  0
|  84|0x0000000619800000, 0x0000000619c00000, 0x0000000619c00000|100%| O|  |TAMS 0x0000000619800000| PB 0x0000000619800000| Untracked |  0
|  85|0x0000000619c00000, 0x000000061a000000, 0x000000061a000000|100%| O|  |TAMS 0x0000000619c00000| PB 0x0000000619c00000| Untracked |  0
|  86|0x000000061a000000, 0x000000061a400000, 0x000000061a400000|100%| O|  |TAMS 0x000000061a000000| PB 0x000000061a000000| Untracked |  0
|  87|0x000000061a400000, 0x000000061a7ffff8, 0x000000061a800000| 99%| O|  |TAMS 0x000000061a400000| PB 0x000000061a400000| Untracked |  0
|  88|0x000000061a800000, 0x000000061abfffe8, 0x000000061ac00000| 99%| O|  |TAMS 0x000000061a800000| PB 0x000000061a800000| Untracked |  0
|  89|0x000000061ac00000, 0x000000061afffff8, 0x000000061b000000| 99%| O|  |TAMS 0x000000061ac00000| PB 0x000000061ac00000| Untracked |  0
|  90|0x000000061b000000, 0x000000061b3fd8a0, 0x000000061b400000| 99%| O|  |TAMS 0x000000061b000000| PB 0x000000061b000000| Untracked |  0
|  91|0x000000061b400000, 0x000000061b7fffc8, 0x000000061b800000| 99%| O|  |TAMS 0x000000061b400000| PB 0x000000061b400000| Untracked |  0
|  92|0x000000061b800000, 0x000000061bc00000, 0x000000061bc00000|100%| O|  |TAMS 0x000000061b800000| PB 0x000000061b800000| Untracked |  0
|  93|0x000000061bc00000, 0x000000061bffffe8, 0x000000061c000000| 99%| O|  |TAMS 0x000000061bc00000| PB 0x000000061bc00000| Untracked |  0
|  94|0x000000061c000000, 0x000000061c3fe620, 0x000000061c400000| 99%| O|  |TAMS 0x000000061c000000| PB 0x000000061c000000| Untracked |  0
|  95|0x000000061c400000, 0x000000061c800000, 0x000000061c800000|100%| O|  |TAMS 0x000000061c400000| PB 0x000000061c400000| Untracked |  0
|  96|0x000000061c800000, 0x000000061cc00000, 0x000000061cc00000|100%| O|  |TAMS 0x000000061c800000| PB 0x000000061c800000| Untracked |  0
|  97|0x000000061cc00000, 0x000000061d000000, 0x000000061d000000|100%| O|  |TAMS 0x000000061cc00000| PB 0x000000061cc00000| Untracked |  0
|  98|0x000000061d000000, 0x000000061d400000, 0x000000061d400000|100%| O|  |TAMS 0x000000061d000000| PB 0x000000061d000000| Untracked |  0
|  99|0x000000061d400000, 0x000000061d800000, 0x000000061d800000|100%|HS|  |TAMS 0x000000061d400000| PB 0x000000061d400000| Untracked |  0
| 100|0x000000061d800000, 0x000000061dbfffc8, 0x000000061dc00000| 99%| O|  |TAMS 0x000000061d800000| PB 0x000000061d800000| Untracked |  0
| 101|0x000000061dc00000, 0x000000061e000000, 0x000000061e000000|100%| O|  |TAMS 0x000000061dc00000| PB 0x000000061dc00000| Untracked |  0
| 102|0x000000061e000000, 0x000000061e400000, 0x000000061e400000|100%| O|  |TAMS 0x000000061e000000| PB 0x000000061e000000| Untracked |  0
| 103|0x000000061e400000, 0x000000061e800000, 0x000000061e800000|100%| O|  |TAMS 0x000000061e400000| PB 0x000000061e400000| Untracked |  0
| 104|0x000000061e800000, 0x000000061ebffff0, 0x000000061ec00000| 99%| O|  |TAMS 0x000000061e800000| PB 0x000000061e800000| Untracked |  0
| 105|0x000000061ec00000, 0x000000061f000000, 0x000000061f000000|100%| O|  |TAMS 0x000000061ec00000| PB 0x000000061ec00000| Untracked |  0
| 106|0x000000061f000000, 0x000000061f400000, 0x000000061f400000|100%| O|  |TAMS 0x000000061f000000| PB 0x000000061f000000| Untracked |  0
| 107|0x000000061f400000, 0x000000061f800000, 0x000000061f800000|100%| O|  |TAMS 0x000000061f400000| PB 0x000000061f400000| Untracked |  0
| 108|0x000000061f800000, 0x000000061fc00000, 0x000000061fc00000|100%| O|  |TAMS 0x000000061f800000| PB 0x000000061f800000| Untracked |  0
| 109|0x000000061fc00000, 0x000000061fffffe0, 0x0000000620000000| 99%| O|  |TAMS 0x000000061fc00000| PB 0x000000061fc00000| Untracked |  0
| 110|0x0000000620000000, 0x0000000620400000, 0x0000000620400000|100%| O|  |TAMS 0x0000000620000000| PB 0x0000000620000000| Untracked |  0
| 111|0x0000000620400000, 0x0000000620800000, 0x0000000620800000|100%| O|  |TAMS 0x0000000620400000| PB 0x0000000620400000| Untracked |  0
| 112|0x0000000620800000, 0x0000000620c00000, 0x0000000620c00000|100%| O|  |TAMS 0x0000000620800000| PB 0x0000000620800000| Untracked |  0
| 113|0x0000000620c00000, 0x0000000621000000, 0x0000000621000000|100%| O|  |TAMS 0x0000000620c00000| PB 0x0000000620c00000| Untracked |  0
| 114|0x0000000621000000, 0x0000000621400000, 0x0000000621400000|100%| O|  |TAMS 0x0000000621000000| PB 0x0000000621000000| Untracked |  0
| 115|0x0000000621400000, 0x0000000621800000, 0x0000000621800000|100%| O|  |TAMS 0x0000000621400000| PB 0x0000000621400000| Untracked |  0
| 116|0x0000000621800000, 0x0000000621c00000, 0x0000000621c00000|100%| O|  |TAMS 0x0000000621800000| PB 0x0000000621800000| Untracked |  0
| 117|0x0000000621c00000, 0x0000000622000000, 0x0000000622000000|100%| O|  |TAMS 0x0000000621c00000| PB 0x0000000621c00000| Untracked |  0
| 118|0x0000000622000000, 0x0000000622400000, 0x0000000622400000|100%| O|  |TAMS 0x0000000622000000| PB 0x0000000622000000| Untracked |  0
| 119|0x0000000622400000, 0x0000000622800000, 0x0000000622800000|100%| O|  |TAMS 0x0000000622400000| PB 0x0000000622400000| Untracked |  0
| 120|0x0000000622800000, 0x0000000622c00000, 0x0000000622c00000|100%| O|  |TAMS 0x0000000622800000| PB 0x0000000622800000| Untracked |  0
| 121|0x0000000622c00000, 0x0000000623000000, 0x0000000623000000|100%| O|  |TAMS 0x0000000622c00000| PB 0x0000000622c00000| Untracked |  0
| 122|0x0000000623000000, 0x0000000623400000, 0x0000000623400000|100%| O|  |TAMS 0x0000000623000000| PB 0x0000000623000000| Untracked |  0
| 123|0x0000000623400000, 0x0000000623800000, 0x0000000623800000|100%| O|  |TAMS 0x0000000623400000| PB 0x0000000623400000| Untracked |  0
| 124|0x0000000623800000, 0x0000000623c00000, 0x0000000623c00000|100%| O|  |TAMS 0x0000000623800000| PB 0x0000000623800000| Untracked |  0
| 125|0x0000000623c00000, 0x0000000624000000, 0x0000000624000000|100%| O|  |TAMS 0x0000000623c00000| PB 0x0000000623c00000| Untracked |  0
| 126|0x0000000624000000, 0x0000000624400000, 0x0000000624400000|100%| O|  |TAMS 0x0000000624000000| PB 0x0000000624000000| Untracked |  0
| 127|0x0000000624400000, 0x0000000624800000, 0x0000000624800000|100%| O|  |TAMS 0x0000000624400000| PB 0x0000000624400000| Untracked |  0
| 128|0x0000000624800000, 0x0000000624c00000, 0x0000000624c00000|100%| O|  |TAMS 0x0000000624800000| PB 0x0000000624800000| Untracked |  0
| 129|0x0000000624c00000, 0x0000000625000000, 0x0000000625000000|100%| O|  |TAMS 0x0000000624c00000| PB 0x0000000624c00000| Untracked |  0
| 130|0x0000000625000000, 0x0000000625400000, 0x0000000625400000|100%| O|  |TAMS 0x0000000625000000| PB 0x0000000625000000| Untracked |  0
| 131|0x0000000625400000, 0x0000000625800000, 0x0000000625800000|100%| O|  |TAMS 0x0000000625400000| PB 0x0000000625400000| Untracked |  0
| 132|0x0000000625800000, 0x0000000625c00000, 0x0000000625c00000|100%| O|  |TAMS 0x0000000625800000| PB 0x0000000625800000| Untracked |  0
| 133|0x0000000625c00000, 0x0000000626000000, 0x0000000626000000|100%| O|  |TAMS 0x0000000625c00000| PB 0x0000000625c00000| Untracked |  0
| 134|0x0000000626000000, 0x0000000626400000, 0x0000000626400000|100%| O|  |TAMS 0x0000000626000000| PB 0x0000000626000000| Untracked |  0
| 135|0x0000000626400000, 0x0000000626800000, 0x0000000626800000|100%| O|  |TAMS 0x0000000626400000| PB 0x0000000626400000| Untracked |  0
| 136|0x0000000626800000, 0x0000000626c00000, 0x0000000626c00000|100%| O|  |TAMS 0x0000000626800000| PB 0x0000000626800000| Untracked |  0
| 137|0x0000000626c00000, 0x0000000627000000, 0x0000000627000000|100%| O|  |TAMS 0x0000000626c00000| PB 0x0000000626c00000| Untracked |  0
| 138|0x0000000627000000, 0x0000000627400000, 0x0000000627400000|100%| O|  |TAMS 0x0000000627000000| PB 0x0000000627000000| Untracked |  0
| 139|0x0000000627400000, 0x0000000627800000, 0x0000000627800000|100%| O|  |TAMS 0x0000000627400000| PB 0x0000000627400000| Untracked |  0
| 140|0x0000000627800000, 0x0000000627c00000, 0x0000000627c00000|100%| O|  |TAMS 0x0000000627800000| PB 0x0000000627800000| Untracked |  0
| 141|0x0000000627c00000, 0x0000000628000000, 0x0000000628000000|100%| O|  |TAMS 0x0000000627c00000| PB 0x0000000627c00000| Untracked |  0
| 142|0x0000000628000000, 0x0000000628400000, 0x0000000628400000|100%| O|  |TAMS 0x0000000628000000| PB 0x0000000628000000| Untracked |  0
| 143|0x0000000628400000, 0x0000000628800000, 0x0000000628800000|100%| O|  |TAMS 0x0000000628400000| PB 0x0000000628400000| Untracked |  0
| 144|0x0000000628800000, 0x0000000628c00000, 0x0000000628c00000|100%| O|  |TAMS 0x0000000628800000| PB 0x0000000628800000| Untracked |  0
| 145|0x0000000628c00000, 0x0000000629000000, 0x0000000629000000|100%| O|  |TAMS 0x0000000628c00000| PB 0x0000000628c00000| Untracked |  0
| 146|0x0000000629000000, 0x0000000629400000, 0x0000000629400000|100%| O|  |TAMS 0x0000000629000000| PB 0x0000000629000000| Untracked |  0
| 147|0x0000000629400000, 0x0000000629800000, 0x0000000629800000|100%| O|  |TAMS 0x0000000629400000| PB 0x0000000629400000| Untracked |  0
| 148|0x0000000629800000, 0x0000000629c00000, 0x0000000629c00000|100%| O|  |TAMS 0x0000000629800000| PB 0x0000000629800000| Untracked |  0
| 149|0x0000000629c00000, 0x000000062a000000, 0x000000062a000000|100%| O|  |TAMS 0x0000000629c00000| PB 0x0000000629c00000| Untracked |  0
| 150|0x000000062a000000, 0x000000062a400000, 0x000000062a400000|100%| O|  |TAMS 0x000000062a000000| PB 0x000000062a000000| Untracked |  0
| 151|0x000000062a400000, 0x000000062a77b848, 0x000000062a800000| 87%| O|  |TAMS 0x000000062a400000| PB 0x000000062a400000| Untracked |  0
| 152|0x000000062a800000, 0x000000062ac00000, 0x000000062ac00000|100%| O|  |TAMS 0x000000062a800000| PB 0x000000062a800000| Untracked |  0
| 153|0x000000062ac00000, 0x000000062b000000, 0x000000062b000000|100%| O|  |TAMS 0x000000062ac00000| PB 0x000000062ac00000| Untracked |  0
| 154|0x000000062b000000, 0x000000062b400000, 0x000000062b400000|100%| O|  |TAMS 0x000000062b000000| PB 0x000000062b000000| Untracked |  0
| 155|0x000000062b400000, 0x000000062b800000, 0x000000062b800000|100%| O|  |TAMS 0x000000062b400000| PB 0x000000062b400000| Untracked |  0
| 156|0x000000062b800000, 0x000000062bc00000, 0x000000062bc00000|100%| O|  |TAMS 0x000000062b800000| PB 0x000000062b800000| Untracked |  0
| 157|0x000000062bc00000, 0x000000062c000000, 0x000000062c000000|100%| O|  |TAMS 0x000000062bc00000| PB 0x000000062bc00000| Untracked |  0
| 158|0x000000062c000000, 0x000000062c400000, 0x000000062c400000|100%| O|  |TAMS 0x000000062c000000| PB 0x000000062c000000| Untracked |  0
| 159|0x000000062c400000, 0x000000062c800000, 0x000000062c800000|100%| O|  |TAMS 0x000000062c400000| PB 0x000000062c400000| Untracked |  0
| 160|0x000000062c800000, 0x000000062cc00000, 0x000000062cc00000|100%| O|  |TAMS 0x000000062c800000| PB 0x000000062c800000| Untracked |  0
| 161|0x000000062cc00000, 0x000000062d000000, 0x000000062d000000|100%| O|  |TAMS 0x000000062cc00000| PB 0x000000062cc00000| Untracked |  0
| 162|0x000000062d000000, 0x000000062d400000, 0x000000062d400000|100%| O|  |TAMS 0x000000062d000000| PB 0x000000062d000000| Untracked |  0
| 163|0x000000062d400000, 0x000000062d800000, 0x000000062d800000|100%| O|  |TAMS 0x000000062d400000| PB 0x000000062d400000| Untracked |  0
| 164|0x000000062d800000, 0x000000062dc00000, 0x000000062dc00000|100%| O|  |TAMS 0x000000062d800000| PB 0x000000062d800000| Untracked |  0
| 165|0x000000062dc00000, 0x000000062e000000, 0x000000062e000000|100%| O|  |TAMS 0x000000062dc00000| PB 0x000000062dc00000| Untracked |  0
| 166|0x000000062e000000, 0x000000062e400000, 0x000000062e400000|100%| O|  |TAMS 0x000000062e000000| PB 0x000000062e000000| Untracked |  0
| 167|0x000000062e400000, 0x000000062e800000, 0x000000062e800000|100%| O|  |TAMS 0x000000062e400000| PB 0x000000062e400000| Untracked |  0
| 168|0x000000062e800000, 0x000000062ec00000, 0x000000062ec00000|100%| O|  |TAMS 0x000000062e800000| PB 0x000000062e800000| Untracked |  0
| 169|0x000000062ec00000, 0x000000062f000000, 0x000000062f000000|100%| O|  |TAMS 0x000000062ec00000| PB 0x000000062ec00000| Untracked |  0
| 170|0x000000062f000000, 0x000000062f400000, 0x000000062f400000|100%| O|  |TAMS 0x000000062f000000| PB 0x000000062f000000| Untracked |  0
| 171|0x000000062f400000, 0x000000062f800000, 0x000000062f800000|100%| O|  |TAMS 0x000000062f400000| PB 0x000000062f400000| Untracked |  0
| 172|0x000000062f800000, 0x000000062fc00000, 0x000000062fc00000|100%| O|  |TAMS 0x000000062f800000| PB 0x000000062f800000| Untracked |  0
| 173|0x000000062fc00000, 0x000000062fffffe0, 0x0000000630000000| 99%| O|  |TAMS 0x000000062fc00000| PB 0x000000062fc00000| Untracked |  0
| 174|0x0000000630000000, 0x00000006303fffe0, 0x0000000630400000| 99%| O|  |TAMS 0x0000000630000000| PB 0x0000000630000000| Untracked |  0
| 175|0x0000000630400000, 0x00000006307ffff8, 0x0000000630800000| 99%| O|  |TAMS 0x0000000630400000| PB 0x0000000630400000| Untracked |  0
| 176|0x0000000630800000, 0x0000000630c00000, 0x0000000630c00000|100%| O|  |TAMS 0x0000000630800000| PB 0x0000000630800000| Untracked |  0
| 177|0x0000000630c00000, 0x0000000631000000, 0x0000000631000000|100%| O|  |TAMS 0x0000000630c00000| PB 0x0000000630c00000| Untracked |  0
| 178|0x0000000631000000, 0x0000000631400000, 0x0000000631400000|100%| O|  |TAMS 0x0000000631000000| PB 0x0000000631000000| Untracked |  0
| 179|0x0000000631400000, 0x00000006317fffa0, 0x0000000631800000| 99%| O|  |TAMS 0x0000000631400000| PB 0x0000000631400000| Untracked |  0
| 180|0x0000000631800000, 0x0000000631bfffe8, 0x0000000631c00000| 99%| O|  |TAMS 0x0000000631800000| PB 0x0000000631800000| Untracked |  0
| 181|0x0000000631c00000, 0x0000000631ffff28, 0x0000000632000000| 99%| O|  |TAMS 0x0000000631c00000| PB 0x0000000631c00000| Untracked |  0
| 182|0x0000000632000000, 0x00000006323ffff8, 0x0000000632400000| 99%| O|  |TAMS 0x0000000632000000| PB 0x0000000632000000| Untracked |  0
| 183|0x0000000632400000, 0x0000000632800000, 0x0000000632800000|100%| O|  |TAMS 0x0000000632400000| PB 0x0000000632400000| Untracked |  0
| 184|0x0000000632800000, 0x0000000632bffff0, 0x0000000632c00000| 99%| O|  |TAMS 0x0000000632800000| PB 0x0000000632800000| Untracked |  0
| 185|0x0000000632c00000, 0x0000000632ff78b8, 0x0000000633000000| 99%| O|  |TAMS 0x0000000632c00000| PB 0x0000000632c00000| Untracked |  0
| 186|0x0000000633000000, 0x0000000633400000, 0x0000000633400000|100%| O|  |TAMS 0x0000000633000000| PB 0x0000000633000000| Untracked |  0
| 187|0x0000000633400000, 0x0000000633800000, 0x0000000633800000|100%| O|  |TAMS 0x0000000633400000| PB 0x0000000633400000| Untracked |  0
| 188|0x0000000633800000, 0x0000000633c00000, 0x0000000633c00000|100%| O|  |TAMS 0x0000000633800000| PB 0x0000000633800000| Untracked |  0
| 189|0x0000000633c00000, 0x0000000634000000, 0x0000000634000000|100%| O|  |TAMS 0x0000000633c00000| PB 0x0000000633c00000| Untracked |  0
| 190|0x0000000634000000, 0x0000000634400000, 0x0000000634400000|100%| O|  |TAMS 0x0000000634000000| PB 0x0000000634000000| Untracked |  0
| 191|0x0000000634400000, 0x0000000634800000, 0x0000000634800000|100%| O|  |TAMS 0x0000000634400000| PB 0x0000000634400000| Untracked |  0
| 192|0x0000000634800000, 0x0000000634c00000, 0x0000000634c00000|100%| O|  |TAMS 0x0000000634800000| PB 0x0000000634800000| Untracked |  0
| 193|0x0000000634c00000, 0x0000000635000000, 0x0000000635000000|100%|HS|  |TAMS 0x0000000634c00000| PB 0x0000000634c00000| Complete |  0
| 194|0x0000000635000000, 0x0000000635400000, 0x0000000635400000|100%|HC|  |TAMS 0x0000000635000000| PB 0x0000000635000000| Complete |  0
| 195|0x0000000635400000, 0x0000000635800000, 0x0000000635800000|100%|HC|  |TAMS 0x0000000635400000| PB 0x0000000635400000| Complete |  0
| 196|0x0000000635800000, 0x0000000635c00000, 0x0000000635c00000|100%|HC|  |TAMS 0x0000000635800000| PB 0x0000000635800000| Complete |  0
| 197|0x0000000635c00000, 0x0000000636000000, 0x0000000636000000|100%|HC|  |TAMS 0x0000000635c00000| PB 0x0000000635c00000| Complete |  0
| 198|0x0000000636000000, 0x0000000636400000, 0x0000000636400000|100%| O|  |TAMS 0x0000000636000000| PB 0x0000000636000000| Untracked |  0
| 199|0x0000000636400000, 0x0000000636800000, 0x0000000636800000|100%| O|  |TAMS 0x0000000636400000| PB 0x0000000636400000| Untracked |  0
| 200|0x0000000636800000, 0x0000000636c00000, 0x0000000636c00000|100%| O|  |TAMS 0x0000000636800000| PB 0x0000000636800000| Untracked |  0
| 201|0x0000000636c00000, 0x0000000637000000, 0x0000000637000000|100%| O|  |TAMS 0x0000000636c00000| PB 0x0000000636c00000| Untracked |  0
| 202|0x0000000637000000, 0x0000000637400000, 0x0000000637400000|100%| O|  |TAMS 0x0000000637000000| PB 0x0000000637000000| Untracked |  0
| 203|0x0000000637400000, 0x0000000637800000, 0x0000000637800000|100%| O|  |TAMS 0x0000000637400000| PB 0x0000000637400000| Untracked |  0
| 204|0x0000000637800000, 0x0000000637c00000, 0x0000000637c00000|100%| O|  |TAMS 0x0000000637800000| PB 0x0000000637800000| Untracked |  0
| 205|0x0000000637c00000, 0x0000000638000000, 0x0000000638000000|100%| O|  |TAMS 0x0000000637c00000| PB 0x0000000637c00000| Untracked |  0
| 206|0x0000000638000000, 0x0000000638400000, 0x0000000638400000|100%| O|  |TAMS 0x0000000638000000| PB 0x0000000638000000| Untracked |  0
| 207|0x0000000638400000, 0x0000000638400000, 0x0000000638800000|  0%| F|  |TAMS 0x0000000638400000| PB 0x0000000638400000| Untracked |  0
| 208|0x0000000638800000, 0x0000000638c00000, 0x0000000638c00000|100%| O|  |TAMS 0x0000000638800000| PB 0x0000000638800000| Untracked |  0
| 209|0x0000000638c00000, 0x0000000639000000, 0x0000000639000000|100%| O|  |TAMS 0x0000000638c00000| PB 0x0000000638c00000| Untracked |  0
| 210|0x0000000639000000, 0x0000000639400000, 0x0000000639400000|100%| O|  |TAMS 0x0000000639000000| PB 0x0000000639000000| Untracked |  0
| 211|0x0000000639400000, 0x0000000639800000, 0x0000000639800000|100%| O|  |TAMS 0x0000000639400000| PB 0x0000000639400000| Untracked |  0
| 212|0x0000000639800000, 0x0000000639c00000, 0x0000000639c00000|100%| O|  |TAMS 0x0000000639800000| PB 0x0000000639800000| Untracked |  0
| 213|0x0000000639c00000, 0x000000063a000000, 0x000000063a000000|100%| O|  |TAMS 0x0000000639c00000| PB 0x0000000639c00000| Untracked |  0
| 214|0x000000063a000000, 0x000000063a400000, 0x000000063a400000|100%| O|  |TAMS 0x000000063a000000| PB 0x000000063a000000| Untracked |  0
| 215|0x000000063a400000, 0x000000063a800000, 0x000000063a800000|100%| O|  |TAMS 0x000000063a400000| PB 0x000000063a400000| Untracked |  0
| 216|0x000000063a800000, 0x000000063ac00000, 0x000000063ac00000|100%| O|  |TAMS 0x000000063a800000| PB 0x000000063a800000| Untracked |  0
| 217|0x000000063ac00000, 0x000000063b000000, 0x000000063b000000|100%| O|  |TAMS 0x000000063ac00000| PB 0x000000063ac00000| Untracked |  0
| 218|0x000000063b000000, 0x000000063b400000, 0x000000063b400000|100%| O|  |TAMS 0x000000063b000000| PB 0x000000063b000000| Untracked |  0
| 219|0x000000063b400000, 0x000000063b800000, 0x000000063b800000|100%| O|  |TAMS 0x000000063b400000| PB 0x000000063b400000| Untracked |  0
| 220|0x000000063b800000, 0x000000063bc00000, 0x000000063bc00000|100%| O|  |TAMS 0x000000063b800000| PB 0x000000063b800000| Untracked |  0
| 221|0x000000063bc00000, 0x000000063c000000, 0x000000063c000000|100%| O|  |TAMS 0x000000063bc00000| PB 0x000000063bc00000| Untracked |  0
| 222|0x000000063c000000, 0x000000063c400000, 0x000000063c400000|100%| O|  |TAMS 0x000000063c000000| PB 0x000000063c000000| Untracked |  0
| 223|0x000000063c400000, 0x000000063c800000, 0x000000063c800000|100%| O|  |TAMS 0x000000063c400000| PB 0x000000063c400000| Untracked |  0
| 224|0x000000063c800000, 0x000000063cc00000, 0x000000063cc00000|100%| O|  |TAMS 0x000000063c800000| PB 0x000000063c800000| Untracked |  0
| 225|0x000000063cc00000, 0x000000063d000000, 0x000000063d000000|100%| O|  |TAMS 0x000000063cc00000| PB 0x000000063cc00000| Untracked |  0
| 226|0x000000063d000000, 0x000000063d400000, 0x000000063d400000|100%| O|  |TAMS 0x000000063d000000| PB 0x000000063d000000| Untracked |  0
| 227|0x000000063d400000, 0x000000063d800000, 0x000000063d800000|100%| O|  |TAMS 0x000000063d400000| PB 0x000000063d400000| Untracked |  0
| 228|0x000000063d800000, 0x000000063dc00000, 0x000000063dc00000|100%| O|  |TAMS 0x000000063d800000| PB 0x000000063d800000| Untracked |  0
| 229|0x000000063dc00000, 0x000000063e000000, 0x000000063e000000|100%| O|  |TAMS 0x000000063dc00000| PB 0x000000063dc00000| Untracked |  0
| 230|0x000000063e000000, 0x000000063e400000, 0x000000063e400000|100%| O|  |TAMS 0x000000063e000000| PB 0x000000063e000000| Untracked |  0
| 231|0x000000063e400000, 0x000000063e800000, 0x000000063e800000|100%| O|  |TAMS 0x000000063e400000| PB 0x000000063e400000| Untracked |  0
| 232|0x000000063e800000, 0x000000063ec00000, 0x000000063ec00000|100%| O|  |TAMS 0x000000063e800000| PB 0x000000063e800000| Untracked |  0
| 233|0x000000063ec00000, 0x000000063f000000, 0x000000063f000000|100%| O|  |TAMS 0x000000063ec00000| PB 0x000000063ec00000| Untracked |  0
| 234|0x000000063f000000, 0x000000063f400000, 0x000000063f400000|100%| O|  |TAMS 0x000000063f000000| PB 0x000000063f000000| Untracked |  0
| 235|0x000000063f400000, 0x000000063f800000, 0x000000063f800000|100%| O|  |TAMS 0x000000063f400000| PB 0x000000063f400000| Untracked |  0
| 236|0x000000063f800000, 0x000000063fc00000, 0x000000063fc00000|100%| O|  |TAMS 0x000000063f800000| PB 0x000000063f800000| Untracked |  0
| 237|0x000000063fc00000, 0x0000000640000000, 0x0000000640000000|100%| O|  |TAMS 0x000000063fc00000| PB 0x000000063fc00000| Untracked |  0
| 238|0x0000000640000000, 0x0000000640400000, 0x0000000640400000|100%| O|  |TAMS 0x0000000640000000| PB 0x0000000640000000| Untracked |  0
| 239|0x0000000640400000, 0x00000006407fd0e8, 0x0000000640800000| 99%| O|  |TAMS 0x0000000640400000| PB 0x0000000640400000| Untracked |  0
| 240|0x0000000640800000, 0x0000000640bffff0, 0x0000000640c00000| 99%| O|  |TAMS 0x0000000640800000| PB 0x0000000640800000| Untracked |  0
| 241|0x0000000640c00000, 0x0000000641000000, 0x0000000641000000|100%| O|  |TAMS 0x0000000640c00000| PB 0x0000000640c00000| Untracked |  0
| 242|0x0000000641000000, 0x0000000641400000, 0x0000000641400000|100%| O|  |TAMS 0x0000000641000000| PB 0x0000000641000000| Untracked |  0
| 243|0x0000000641400000, 0x0000000641800000, 0x0000000641800000|100%| O|  |TAMS 0x0000000641400000| PB 0x0000000641400000| Untracked |  0
| 244|0x0000000641800000, 0x0000000641c00000, 0x0000000641c00000|100%| O|  |TAMS 0x0000000641800000| PB 0x0000000641800000| Untracked |  0
| 245|0x0000000641c00000, 0x0000000642000000, 0x0000000642000000|100%| O|  |TAMS 0x0000000641c00000| PB 0x0000000641c00000| Untracked |  0
| 246|0x0000000642000000, 0x0000000642400000, 0x0000000642400000|100%| O|  |TAMS 0x0000000642000000| PB 0x0000000642000000| Untracked |  0
| 247|0x0000000642400000, 0x0000000642800000, 0x0000000642800000|100%| O|  |TAMS 0x0000000642400000| PB 0x0000000642400000| Untracked |  0
| 248|0x0000000642800000, 0x0000000642c00000, 0x0000000642c00000|100%| O|  |TAMS 0x0000000642800000| PB 0x0000000642800000| Untracked |  0
| 249|0x0000000642c00000, 0x0000000643000000, 0x0000000643000000|100%| O|  |TAMS 0x0000000642c00000| PB 0x0000000642c00000| Untracked |  0
| 250|0x0000000643000000, 0x0000000643400000, 0x0000000643400000|100%| O|  |TAMS 0x0000000643000000| PB 0x0000000643000000| Untracked |  0
| 251|0x0000000643400000, 0x0000000643800000, 0x0000000643800000|100%| O|  |TAMS 0x0000000643400000| PB 0x0000000643400000| Untracked |  0
| 252|0x0000000643800000, 0x0000000643c00000, 0x0000000643c00000|100%|HS|  |TAMS 0x0000000643800000| PB 0x0000000643800000| Complete |  0
| 253|0x0000000643c00000, 0x0000000644000000, 0x0000000644000000|100%| O|  |TAMS 0x0000000643c00000| PB 0x0000000643c00000| Untracked |  0
| 254|0x0000000644000000, 0x0000000644400000, 0x0000000644400000|100%| O|  |TAMS 0x0000000644000000| PB 0x0000000644000000| Untracked |  0
| 255|0x0000000644400000, 0x0000000644800000, 0x0000000644800000|100%| O|  |TAMS 0x0000000644400000| PB 0x0000000644400000| Untracked |  0
| 256|0x0000000644800000, 0x0000000644c00000, 0x0000000644c00000|100%| O|  |TAMS 0x0000000644800000| PB 0x0000000644800000| Untracked |  0
| 257|0x0000000644c00000, 0x0000000645000000, 0x0000000645000000|100%| O|  |TAMS 0x0000000644c00000| PB 0x0000000644c00000| Untracked |  0
| 258|0x0000000645000000, 0x0000000645400000, 0x0000000645400000|100%| O|  |TAMS 0x0000000645000000| PB 0x0000000645000000| Untracked |  0
| 259|0x0000000645400000, 0x0000000645800000, 0x0000000645800000|100%| O|  |TAMS 0x0000000645400000| PB 0x0000000645400000| Untracked |  0
| 260|0x0000000645800000, 0x0000000645c00000, 0x0000000645c00000|100%| O|  |TAMS 0x0000000645800000| PB 0x0000000645800000| Untracked |  0
| 261|0x0000000645c00000, 0x0000000646000000, 0x0000000646000000|100%| O|  |TAMS 0x0000000645c00000| PB 0x0000000645c00000| Untracked |  0
| 262|0x0000000646000000, 0x0000000646400000, 0x0000000646400000|100%| O|  |TAMS 0x0000000646000000| PB 0x0000000646000000| Untracked |  0
| 263|0x0000000646400000, 0x0000000646800000, 0x0000000646800000|100%| O|  |TAMS 0x0000000646400000| PB 0x0000000646400000| Untracked |  0
| 264|0x0000000646800000, 0x0000000646c00000, 0x0000000646c00000|100%| O|  |TAMS 0x0000000646800000| PB 0x0000000646800000| Untracked |  0
| 265|0x0000000646c00000, 0x0000000647000000, 0x0000000647000000|100%| O|  |TAMS 0x0000000646c00000| PB 0x0000000646c00000| Untracked |  0
| 266|0x0000000647000000, 0x0000000647400000, 0x0000000647400000|100%| O|  |TAMS 0x0000000647000000| PB 0x0000000647000000| Untracked |  0
| 267|0x0000000647400000, 0x0000000647800000, 0x0000000647800000|100%|HS|  |TAMS 0x0000000647400000| PB 0x0000000647400000| Complete |  0
| 268|0x0000000647800000, 0x0000000647c00000, 0x0000000647c00000|100%|HC|  |TAMS 0x0000000647800000| PB 0x0000000647800000| Complete |  0
| 269|0x0000000647c00000, 0x0000000648000000, 0x0000000648000000|100%|HC|  |TAMS 0x0000000647c00000| PB 0x0000000647c00000| Complete |  0
| 270|0x0000000648000000, 0x0000000648400000, 0x0000000648400000|100%|HC|  |TAMS 0x0000000648000000| PB 0x0000000648000000| Complete |  0
| 271|0x0000000648400000, 0x0000000648800000, 0x0000000648800000|100%|HC|  |TAMS 0x0000000648400000| PB 0x0000000648400000| Complete |  0
| 272|0x0000000648800000, 0x0000000648c00000, 0x0000000648c00000|100%| O|  |TAMS 0x0000000648800000| PB 0x0000000648800000| Untracked |  0
| 273|0x0000000648c00000, 0x0000000649000000, 0x0000000649000000|100%|HS|  |TAMS 0x0000000648c00000| PB 0x0000000648c00000| Complete |  0
| 274|0x0000000649000000, 0x0000000649400000, 0x0000000649400000|100%|HC|  |TAMS 0x0000000649000000| PB 0x0000000649000000| Complete |  0
| 275|0x0000000649400000, 0x0000000649800000, 0x0000000649800000|100%|HC|  |TAMS 0x0000000649400000| PB 0x0000000649400000| Complete |  0
| 276|0x0000000649800000, 0x0000000649c00000, 0x0000000649c00000|100%| O|  |TAMS 0x0000000649800000| PB 0x0000000649800000| Untracked |  0
| 277|0x0000000649c00000, 0x000000064a000000, 0x000000064a000000|100%| O|  |TAMS 0x0000000649c00000| PB 0x0000000649c00000| Untracked |  0
| 278|0x000000064a000000, 0x000000064a400000, 0x000000064a400000|100%| O|  |TAMS 0x000000064a000000| PB 0x000000064a000000| Untracked |  0
| 279|0x000000064a400000, 0x000000064a800000, 0x000000064a800000|100%| O|  |TAMS 0x000000064a400000| PB 0x000000064a400000| Untracked |  0
| 280|0x000000064a800000, 0x000000064ac00000, 0x000000064ac00000|100%| O|  |TAMS 0x000000064a800000| PB 0x000000064a800000| Untracked |  0
| 281|0x000000064ac00000, 0x000000064b000000, 0x000000064b000000|100%| O|  |TAMS 0x000000064ac00000| PB 0x000000064ac00000| Untracked |  0
| 282|0x000000064b000000, 0x000000064b400000, 0x000000064b400000|100%| O|  |TAMS 0x000000064b000000| PB 0x000000064b000000| Untracked |  0
| 283|0x000000064b400000, 0x000000064b800000, 0x000000064b800000|100%| O|  |TAMS 0x000000064b400000| PB 0x000000064b400000| Untracked |  0
| 284|0x000000064b800000, 0x000000064bc00000, 0x000000064bc00000|100%| O|  |TAMS 0x000000064b800000| PB 0x000000064b800000| Untracked |  0
| 285|0x000000064bc00000, 0x000000064c000000, 0x000000064c000000|100%| O|  |TAMS 0x000000064bc00000| PB 0x000000064bc00000| Untracked |  0
| 286|0x000000064c000000, 0x000000064c400000, 0x000000064c400000|100%| O|  |TAMS 0x000000064c000000| PB 0x000000064c000000| Untracked |  0
| 287|0x000000064c400000, 0x000000064c800000, 0x000000064c800000|100%| O|  |TAMS 0x000000064c400000| PB 0x000000064c400000| Untracked |  0
| 288|0x000000064c800000, 0x000000064cc00000, 0x000000064cc00000|100%| O|  |TAMS 0x000000064c800000| PB 0x000000064c800000| Untracked |  0
| 289|0x000000064cc00000, 0x000000064d000000, 0x000000064d000000|100%| O|  |TAMS 0x000000064cc00000| PB 0x000000064cc00000| Untracked |  0
| 290|0x000000064d000000, 0x000000064d400000, 0x000000064d400000|100%| O|  |TAMS 0x000000064d000000| PB 0x000000064d000000| Untracked |  0
| 291|0x000000064d400000, 0x000000064d800000, 0x000000064d800000|100%| O|  |TAMS 0x000000064d400000| PB 0x000000064d400000| Untracked |  0
| 292|0x000000064d800000, 0x000000064dc00000, 0x000000064dc00000|100%| O|  |TAMS 0x000000064d800000| PB 0x000000064d800000| Untracked |  0
| 293|0x000000064dc00000, 0x000000064e000000, 0x000000064e000000|100%| O|  |TAMS 0x000000064dc00000| PB 0x000000064dc00000| Untracked |  0
| 294|0x000000064e000000, 0x000000064e400000, 0x000000064e400000|100%| O|  |TAMS 0x000000064e000000| PB 0x000000064e000000| Untracked |  0
| 295|0x000000064e400000, 0x000000064e800000, 0x000000064e800000|100%| O|  |TAMS 0x000000064e400000| PB 0x000000064e400000| Untracked |  0
| 296|0x000000064e800000, 0x000000064ec00000, 0x000000064ec00000|100%| O|  |TAMS 0x000000064e800000| PB 0x000000064e800000| Untracked |  0
| 297|0x000000064ec00000, 0x000000064f000000, 0x000000064f000000|100%| O|  |TAMS 0x000000064ec00000| PB 0x000000064ec00000| Untracked |  0
| 298|0x000000064f000000, 0x000000064f400000, 0x000000064f400000|100%| O|  |TAMS 0x000000064f000000| PB 0x000000064f000000| Untracked |  0
| 299|0x000000064f400000, 0x000000064f800000, 0x000000064f800000|100%| O|  |TAMS 0x000000064f400000| PB 0x000000064f400000| Untracked |  0
| 300|0x000000064f800000, 0x000000064fc00000, 0x000000064fc00000|100%| O|  |TAMS 0x000000064f800000| PB 0x000000064f800000| Untracked |  0
| 301|0x000000064fc00000, 0x0000000650000000, 0x0000000650000000|100%| O|  |TAMS 0x000000064fc00000| PB 0x000000064fc00000| Untracked |  0
| 302|0x0000000650000000, 0x0000000650400000, 0x0000000650400000|100%| O|  |TAMS 0x0000000650000000| PB 0x0000000650000000| Untracked |  0
| 303|0x0000000650400000, 0x0000000650800000, 0x0000000650800000|100%| O|  |TAMS 0x0000000650400000| PB 0x0000000650400000| Untracked |  0
| 304|0x0000000650800000, 0x0000000650c00000, 0x0000000650c00000|100%| O|  |TAMS 0x0000000650800000| PB 0x0000000650800000| Untracked |  0
| 305|0x0000000650c00000, 0x0000000651000000, 0x0000000651000000|100%| O|  |TAMS 0x0000000650c00000| PB 0x0000000650c00000| Untracked |  0
| 306|0x0000000651000000, 0x0000000651400000, 0x0000000651400000|100%|HS|  |TAMS 0x0000000651000000| PB 0x0000000651000000| Complete |  0
| 307|0x0000000651400000, 0x0000000651800000, 0x0000000651800000|100%|HC|  |TAMS 0x0000000651400000| PB 0x0000000651400000| Complete |  0
| 308|0x0000000651800000, 0x0000000651c00000, 0x0000000651c00000|100%|HC|  |TAMS 0x0000000651800000| PB 0x0000000651800000| Complete |  0
| 309|0x0000000651c00000, 0x0000000652000000, 0x0000000652000000|100%|HC|  |TAMS 0x0000000651c00000| PB 0x0000000651c00000| Complete |  0
| 310|0x0000000652000000, 0x0000000652400000, 0x0000000652400000|100%|HC|  |TAMS 0x0000000652000000| PB 0x0000000652000000| Complete |  0
| 311|0x0000000652400000, 0x0000000652800000, 0x0000000652800000|100%|HS|  |TAMS 0x0000000652400000| PB 0x0000000652400000| Complete |  0
| 312|0x0000000652800000, 0x0000000652c00000, 0x0000000652c00000|100%|HS|  |TAMS 0x0000000652800000| PB 0x0000000652800000| Complete |  0
| 313|0x0000000652c00000, 0x0000000653000000, 0x0000000653000000|100%|HS|  |TAMS 0x0000000652c00000| PB 0x0000000652c00000| Complete |  0
| 314|0x0000000653000000, 0x0000000653400000, 0x0000000653400000|100%|HS|  |TAMS 0x0000000653000000| PB 0x0000000653000000| Complete |  0
| 315|0x0000000653400000, 0x0000000653800000, 0x0000000653800000|100%|HS|  |TAMS 0x0000000653400000| PB 0x0000000653400000| Complete |  0
| 316|0x0000000653800000, 0x0000000653c00000, 0x0000000653c00000|100%|HS|  |TAMS 0x0000000653800000| PB 0x0000000653800000| Complete |  0
| 317|0x0000000653c00000, 0x0000000654000000, 0x0000000654000000|100%|HS|  |TAMS 0x0000000653c00000| PB 0x0000000653c00000| Complete |  0
| 318|0x0000000654000000, 0x0000000654400000, 0x0000000654400000|100%|HC|  |TAMS 0x0000000654000000| PB 0x0000000654000000| Complete |  0
| 319|0x0000000654400000, 0x0000000654800000, 0x0000000654800000|100%|HC|  |TAMS 0x0000000654400000| PB 0x0000000654400000| Complete |  0
| 320|0x0000000654800000, 0x0000000654c00000, 0x0000000654c00000|100%|HS|  |TAMS 0x0000000654800000| PB 0x0000000654800000| Complete |  0
| 321|0x0000000654c00000, 0x0000000655000000, 0x0000000655000000|100%|HC|  |TAMS 0x0000000654c00000| PB 0x0000000654c00000| Complete |  0
| 322|0x0000000655000000, 0x0000000655400000, 0x0000000655400000|100%|HC|  |TAMS 0x0000000655000000| PB 0x0000000655000000| Complete |  0
| 323|0x0000000655400000, 0x0000000655800000, 0x0000000655800000|100%|HS|  |TAMS 0x0000000655400000| PB 0x0000000655400000| Complete |  0
| 324|0x0000000655800000, 0x0000000655c00000, 0x0000000655c00000|100%|HC|  |TAMS 0x0000000655800000| PB 0x0000000655800000| Complete |  0
| 325|0x0000000655c00000, 0x0000000656000000, 0x0000000656000000|100%|HC|  |TAMS 0x0000000655c00000| PB 0x0000000655c00000| Complete |  0
| 326|0x0000000656000000, 0x0000000656400000, 0x0000000656400000|100%|HS|  |TAMS 0x0000000656000000| PB 0x0000000656000000| Complete |  0
| 327|0x0000000656400000, 0x0000000656800000, 0x0000000656800000|100%|HS|  |TAMS 0x0000000656400000| PB 0x0000000656400000| Complete |  0
| 328|0x0000000656800000, 0x0000000656c00000, 0x0000000656c00000|100%|HS|  |TAMS 0x0000000656800000| PB 0x0000000656800000| Complete |  0
| 329|0x0000000656c00000, 0x0000000657000000, 0x0000000657000000|100%|HS|  |TAMS 0x0000000656c00000| PB 0x0000000656c00000| Complete |  0
| 330|0x0000000657000000, 0x0000000657400000, 0x0000000657400000|100%|HC|  |TAMS 0x0000000657000000| PB 0x0000000657000000| Complete |  0
| 331|0x0000000657400000, 0x0000000657800000, 0x0000000657800000|100%|HC|  |TAMS 0x0000000657400000| PB 0x0000000657400000| Complete |  0
| 332|0x0000000657800000, 0x0000000657c00000, 0x0000000657c00000|100%|HS|  |TAMS 0x0000000657800000| PB 0x0000000657800000| Complete |  0
| 333|0x0000000657c00000, 0x0000000658000000, 0x0000000658000000|100%|HC|  |TAMS 0x0000000657c00000| PB 0x0000000657c00000| Complete |  0
| 334|0x0000000658000000, 0x0000000658400000, 0x0000000658400000|100%|HC|  |TAMS 0x0000000658000000| PB 0x0000000658000000| Complete |  0
| 335|0x0000000658400000, 0x0000000658800000, 0x0000000658800000|100%|HS|  |TAMS 0x0000000658400000| PB 0x0000000658400000| Complete |  0
| 336|0x0000000658800000, 0x0000000658c00000, 0x0000000658c00000|100%|HS|  |TAMS 0x0000000658800000| PB 0x0000000658800000| Complete |  0
| 337|0x0000000658c00000, 0x0000000659000000, 0x0000000659000000|100%|HS|  |TAMS 0x0000000658c00000| PB 0x0000000658c00000| Complete |  0
| 338|0x0000000659000000, 0x0000000659400000, 0x0000000659400000|100%|HS|  |TAMS 0x0000000659000000| PB 0x0000000659000000| Complete |  0
| 339|0x0000000659400000, 0x0000000659800000, 0x0000000659800000|100%|HC|  |TAMS 0x0000000659400000| PB 0x0000000659400000| Complete |  0
| 340|0x0000000659800000, 0x0000000659c00000, 0x0000000659c00000|100%|HC|  |TAMS 0x0000000659800000| PB 0x0000000659800000| Complete |  0
| 341|0x0000000659c00000, 0x000000065a000000, 0x000000065a000000|100%|HS|  |TAMS 0x0000000659c00000| PB 0x0000000659c00000| Complete |  0
| 342|0x000000065a000000, 0x000000065a400000, 0x000000065a400000|100%|HC|  |TAMS 0x000000065a000000| PB 0x000000065a000000| Complete |  0
| 343|0x000000065a400000, 0x000000065a800000, 0x000000065a800000|100%|HC|  |TAMS 0x000000065a400000| PB 0x000000065a400000| Complete |  0
| 344|0x000000065a800000, 0x000000065ac00000, 0x000000065ac00000|100%| O|  |TAMS 0x000000065a800000| PB 0x000000065a800000| Untracked |  0
| 345|0x000000065ac00000, 0x000000065b000000, 0x000000065b000000|100%| O|  |TAMS 0x000000065ac00000| PB 0x000000065ac00000| Untracked |  0
| 346|0x000000065b000000, 0x000000065b400000, 0x000000065b400000|100%| O|  |TAMS 0x000000065b000000| PB 0x000000065b000000| Untracked |  0
| 347|0x000000065b400000, 0x000000065b800000, 0x000000065b800000|100%|HS|  |TAMS 0x000000065b400000| PB 0x000000065b400000| Complete |  0
| 348|0x000000065b800000, 0x000000065bc00000, 0x000000065bc00000|100%|HS|  |TAMS 0x000000065b800000| PB 0x000000065b800000| Complete |  0
| 349|0x000000065bc00000, 0x000000065c000000, 0x000000065c000000|100%|HS|  |TAMS 0x000000065bc00000| PB 0x000000065bc00000| Complete |  0
| 350|0x000000065c000000, 0x000000065c400000, 0x000000065c400000|100%|HS|  |TAMS 0x000000065c000000| PB 0x000000065c000000| Complete |  0
| 351|0x000000065c400000, 0x000000065c800000, 0x000000065c800000|100%|HS|  |TAMS 0x000000065c400000| PB 0x000000065c400000| Complete |  0
| 352|0x000000065c800000, 0x000000065cc00000, 0x000000065cc00000|100%|HS|  |TAMS 0x000000065c800000| PB 0x000000065c800000| Complete |  0
| 353|0x000000065cc00000, 0x000000065d000000, 0x000000065d000000|100%|HS|  |TAMS 0x000000065cc00000| PB 0x000000065cc00000| Complete |  0
| 354|0x000000065d000000, 0x000000065d400000, 0x000000065d400000|100%|HS|  |TAMS 0x000000065d000000| PB 0x000000065d000000| Complete |  0
| 355|0x000000065d400000, 0x000000065d800000, 0x000000065d800000|100%|HS|  |TAMS 0x000000065d400000| PB 0x000000065d400000| Complete |  0
| 356|0x000000065d800000, 0x000000065dc00000, 0x000000065dc00000|100%|HS|  |TAMS 0x000000065d800000| PB 0x000000065d800000| Complete |  0
| 357|0x000000065dc00000, 0x000000065e000000, 0x000000065e000000|100%|HS|  |TAMS 0x000000065dc00000| PB 0x000000065dc00000| Complete |  0
| 358|0x000000065e000000, 0x000000065e400000, 0x000000065e400000|100%|HS|  |TAMS 0x000000065e000000| PB 0x000000065e000000| Complete |  0
| 359|0x000000065e400000, 0x000000065e800000, 0x000000065e800000|100%|HS|  |TAMS 0x000000065e400000| PB 0x000000065e400000| Complete |  0
| 360|0x000000065e800000, 0x000000065ec00000, 0x000000065ec00000|100%|HS|  |TAMS 0x000000065e800000| PB 0x000000065e800000| Complete |  0
| 361|0x000000065ec00000, 0x000000065f000000, 0x000000065f000000|100%|HS|  |TAMS 0x000000065ec00000| PB 0x000000065ec00000| Complete |  0
| 362|0x000000065f000000, 0x000000065f400000, 0x000000065f400000|100%|HS|  |TAMS 0x000000065f000000| PB 0x000000065f000000| Complete |  0
| 363|0x000000065f400000, 0x000000065f800000, 0x000000065f800000|100%|HS|  |TAMS 0x000000065f400000| PB 0x000000065f400000| Complete |  0
| 364|0x000000065f800000, 0x000000065fc00000, 0x000000065fc00000|100%|HS|  |TAMS 0x000000065f800000| PB 0x000000065f800000| Complete |  0
| 365|0x000000065fc00000, 0x0000000660000000, 0x0000000660000000|100%|HS|  |TAMS 0x000000065fc00000| PB 0x000000065fc00000| Complete |  0
| 366|0x0000000660000000, 0x0000000660400000, 0x0000000660400000|100%|HS|  |TAMS 0x0000000660000000| PB 0x0000000660000000| Complete |  0
| 367|0x0000000660400000, 0x0000000660800000, 0x0000000660800000|100%|HS|  |TAMS 0x0000000660400000| PB 0x0000000660400000| Complete |  0
| 368|0x0000000660800000, 0x0000000660c00000, 0x0000000660c00000|100%|HS|  |TAMS 0x0000000660800000| PB 0x0000000660800000| Complete |  0
| 369|0x0000000660c00000, 0x0000000661000000, 0x0000000661000000|100%| O|  |TAMS 0x0000000660c00000| PB 0x0000000660c00000| Untracked |  0
| 370|0x0000000661000000, 0x0000000661400000, 0x0000000661400000|100%| O|  |TAMS 0x0000000661000000| PB 0x0000000661000000| Untracked |  0
| 371|0x0000000661400000, 0x0000000661800000, 0x0000000661800000|100%| O|  |TAMS 0x0000000661400000| PB 0x0000000661400000| Untracked |  0
| 372|0x0000000661800000, 0x0000000661c00000, 0x0000000661c00000|100%| O|  |TAMS 0x0000000661800000| PB 0x0000000661800000| Untracked |  0
| 373|0x0000000661c00000, 0x0000000662000000, 0x0000000662000000|100%| O|  |TAMS 0x0000000661c00000| PB 0x0000000661c00000| Untracked |  0
| 374|0x0000000662000000, 0x0000000662400000, 0x0000000662400000|100%| O|  |TAMS 0x0000000662000000| PB 0x0000000662000000| Untracked |  0
| 375|0x0000000662400000, 0x0000000662800000, 0x0000000662800000|100%| O|  |TAMS 0x0000000662400000| PB 0x0000000662400000| Untracked |  0
| 376|0x0000000662800000, 0x0000000662c00000, 0x0000000662c00000|100%| O|  |TAMS 0x0000000662800000| PB 0x0000000662800000| Untracked |  0
| 377|0x0000000662c00000, 0x0000000663000000, 0x0000000663000000|100%| O|  |TAMS 0x0000000662c00000| PB 0x0000000662c00000| Untracked |  0
| 378|0x0000000663000000, 0x0000000663400000, 0x0000000663400000|100%| O|  |TAMS 0x0000000663000000| PB 0x0000000663000000| Untracked |  0
| 379|0x0000000663400000, 0x0000000663800000, 0x0000000663800000|100%| O|  |TAMS 0x0000000663400000| PB 0x0000000663400000| Untracked |  0
| 380|0x0000000663800000, 0x0000000663c00000, 0x0000000663c00000|100%| O|  |TAMS 0x0000000663800000| PB 0x0000000663800000| Untracked |  0
| 381|0x0000000663c00000, 0x0000000664000000, 0x0000000664000000|100%| O|  |TAMS 0x0000000663c00000| PB 0x0000000663c00000| Untracked |  0
| 382|0x0000000664000000, 0x0000000664400000, 0x0000000664400000|100%| O|  |TAMS 0x0000000664000000| PB 0x0000000664000000| Untracked |  0
| 383|0x0000000664400000, 0x0000000664800000, 0x0000000664800000|100%| O|  |TAMS 0x0000000664400000| PB 0x0000000664400000| Untracked |  0
| 384|0x0000000664800000, 0x0000000664c00000, 0x0000000664c00000|100%| O|  |TAMS 0x0000000664800000| PB 0x0000000664800000| Untracked |  0
| 385|0x0000000664c00000, 0x0000000665000000, 0x0000000665000000|100%| O|  |TAMS 0x0000000664c00000| PB 0x0000000664c00000| Untracked |  0
| 386|0x0000000665000000, 0x0000000665400000, 0x0000000665400000|100%| O|  |TAMS 0x0000000665000000| PB 0x0000000665000000| Untracked |  0
| 387|0x0000000665400000, 0x0000000665800000, 0x0000000665800000|100%| O|  |TAMS 0x0000000665400000| PB 0x0000000665400000| Untracked |  0
| 388|0x0000000665800000, 0x0000000665c00000, 0x0000000665c00000|100%| O|  |TAMS 0x0000000665800000| PB 0x0000000665800000| Untracked |  0
| 389|0x0000000665c00000, 0x0000000666000000, 0x0000000666000000|100%| O|  |TAMS 0x0000000665c00000| PB 0x0000000665c00000| Untracked |  0
| 390|0x0000000666000000, 0x0000000666400000, 0x0000000666400000|100%| O|  |TAMS 0x0000000666000000| PB 0x0000000666000000| Untracked |  0
| 391|0x0000000666400000, 0x0000000666800000, 0x0000000666800000|100%| O|  |TAMS 0x0000000666400000| PB 0x0000000666400000| Untracked |  0
| 392|0x0000000666800000, 0x0000000666c00000, 0x0000000666c00000|100%| O|  |TAMS 0x0000000666800000| PB 0x0000000666800000| Untracked |  0
| 393|0x0000000666c00000, 0x0000000667000000, 0x0000000667000000|100%| O|  |TAMS 0x0000000666c00000| PB 0x0000000666c00000| Untracked |  0
| 394|0x0000000667000000, 0x0000000667400000, 0x0000000667400000|100%| O|  |TAMS 0x0000000667000000| PB 0x0000000667000000| Untracked |  0
| 395|0x0000000667400000, 0x0000000667800000, 0x0000000667800000|100%| O|  |TAMS 0x0000000667400000| PB 0x0000000667400000| Untracked |  0
| 396|0x0000000667800000, 0x0000000667c00000, 0x0000000667c00000|100%| O|  |TAMS 0x0000000667800000| PB 0x0000000667800000| Untracked |  0
| 397|0x0000000667c00000, 0x0000000668000000, 0x0000000668000000|100%| O|  |TAMS 0x0000000667c00000| PB 0x0000000667c00000| Untracked |  0
| 398|0x0000000668000000, 0x0000000668400000, 0x0000000668400000|100%| O|  |TAMS 0x0000000668000000| PB 0x0000000668000000| Untracked |  0
| 399|0x0000000668400000, 0x0000000668800000, 0x0000000668800000|100%| O|  |TAMS 0x0000000668400000| PB 0x0000000668400000| Untracked |  0
| 400|0x0000000668800000, 0x0000000668c00000, 0x0000000668c00000|100%| O|  |TAMS 0x0000000668800000| PB 0x0000000668800000| Untracked |  0
| 401|0x0000000668c00000, 0x0000000669000000, 0x0000000669000000|100%| O|  |TAMS 0x0000000668c00000| PB 0x0000000668c00000| Untracked |  0
| 402|0x0000000669000000, 0x0000000669400000, 0x0000000669400000|100%| O|  |TAMS 0x0000000669000000| PB 0x0000000669000000| Untracked |  0
| 403|0x0000000669400000, 0x0000000669800000, 0x0000000669800000|100%| O|  |TAMS 0x0000000669400000| PB 0x0000000669400000| Untracked |  0
| 404|0x0000000669800000, 0x0000000669c00000, 0x0000000669c00000|100%| O|  |TAMS 0x0000000669800000| PB 0x0000000669800000| Untracked |  0
| 405|0x0000000669c00000, 0x000000066a000000, 0x000000066a000000|100%| O|  |TAMS 0x0000000669c00000| PB 0x0000000669c00000| Untracked |  0
| 406|0x000000066a000000, 0x000000066a400000, 0x000000066a400000|100%| O|  |TAMS 0x000000066a000000| PB 0x000000066a000000| Untracked |  0
| 407|0x000000066a400000, 0x000000066a800000, 0x000000066a800000|100%| O|  |TAMS 0x000000066a400000| PB 0x000000066a400000| Untracked |  0
| 408|0x000000066a800000, 0x000000066ac00000, 0x000000066ac00000|100%| O|  |TAMS 0x000000066a800000| PB 0x000000066a800000| Untracked |  0
| 409|0x000000066ac00000, 0x000000066b000000, 0x000000066b000000|100%| O|  |TAMS 0x000000066ac00000| PB 0x000000066ac00000| Untracked |  0
| 410|0x000000066b000000, 0x000000066b400000, 0x000000066b400000|100%| O|  |TAMS 0x000000066b000000| PB 0x000000066b000000| Untracked |  0
| 411|0x000000066b400000, 0x000000066b800000, 0x000000066b800000|100%| O|  |TAMS 0x000000066b400000| PB 0x000000066b400000| Untracked |  0
| 412|0x000000066b800000, 0x000000066bc00000, 0x000000066bc00000|100%| O|  |TAMS 0x000000066b800000| PB 0x000000066b800000| Untracked |  0
| 413|0x000000066bc00000, 0x000000066c000000, 0x000000066c000000|100%| O|  |TAMS 0x000000066bc00000| PB 0x000000066bc00000| Untracked |  0
| 414|0x000000066c000000, 0x000000066c400000, 0x000000066c400000|100%| O|  |TAMS 0x000000066c000000| PB 0x000000066c000000| Untracked |  0
| 415|0x000000066c400000, 0x000000066c800000, 0x000000066c800000|100%| O|  |TAMS 0x000000066c400000| PB 0x000000066c400000| Untracked |  0
| 416|0x000000066c800000, 0x000000066cc00000, 0x000000066cc00000|100%| O|  |TAMS 0x000000066c800000| PB 0x000000066c800000| Untracked |  0
| 417|0x000000066cc00000, 0x000000066d000000, 0x000000066d000000|100%| O|  |TAMS 0x000000066cc00000| PB 0x000000066cc00000| Untracked |  0
| 418|0x000000066d000000, 0x000000066d400000, 0x000000066d400000|100%| O|  |TAMS 0x000000066d000000| PB 0x000000066d000000| Untracked |  0
| 419|0x000000066d400000, 0x000000066d800000, 0x000000066d800000|100%| O|  |TAMS 0x000000066d400000| PB 0x000000066d400000| Untracked |  0
| 420|0x000000066d800000, 0x000000066dc00000, 0x000000066dc00000|100%| O|  |TAMS 0x000000066d800000| PB 0x000000066d800000| Untracked |  0
| 421|0x000000066dc00000, 0x000000066e000000, 0x000000066e000000|100%| O|  |TAMS 0x000000066dc00000| PB 0x000000066dc00000| Untracked |  0
| 422|0x000000066e000000, 0x000000066e400000, 0x000000066e400000|100%| O|  |TAMS 0x000000066e000000| PB 0x000000066e000000| Untracked |  0
| 423|0x000000066e400000, 0x000000066e800000, 0x000000066e800000|100%| O|  |TAMS 0x000000066e400000| PB 0x000000066e400000| Untracked |  0
| 424|0x000000066e800000, 0x000000066ec00000, 0x000000066ec00000|100%| O|  |TAMS 0x000000066e800000| PB 0x000000066e800000| Untracked |  0
| 425|0x000000066ec00000, 0x000000066f000000, 0x000000066f000000|100%| O|  |TAMS 0x000000066ec00000| PB 0x000000066ec00000| Untracked |  0
| 426|0x000000066f000000, 0x000000066f400000, 0x000000066f400000|100%| O|  |TAMS 0x000000066f000000| PB 0x000000066f000000| Untracked |  0
| 427|0x000000066f400000, 0x000000066f800000, 0x000000066f800000|100%| O|  |TAMS 0x000000066f400000| PB 0x000000066f400000| Untracked |  0
| 428|0x000000066f800000, 0x000000066fc00000, 0x000000066fc00000|100%| O|  |TAMS 0x000000066f800000| PB 0x000000066f800000| Untracked |  0
| 429|0x000000066fc00000, 0x0000000670000000, 0x0000000670000000|100%| O|  |TAMS 0x000000066fc00000| PB 0x000000066fc00000| Untracked |  0
| 430|0x0000000670000000, 0x0000000670400000, 0x0000000670400000|100%| O|  |TAMS 0x0000000670000000| PB 0x0000000670000000| Untracked |  0
| 431|0x0000000670400000, 0x0000000670800000, 0x0000000670800000|100%| O|  |TAMS 0x0000000670400000| PB 0x0000000670400000| Untracked |  0
| 432|0x0000000670800000, 0x0000000670c00000, 0x0000000670c00000|100%| O|  |TAMS 0x0000000670800000| PB 0x0000000670800000| Untracked |  0
| 433|0x0000000670c00000, 0x0000000671000000, 0x0000000671000000|100%| O|  |TAMS 0x0000000670c00000| PB 0x0000000670c00000| Untracked |  0
| 434|0x0000000671000000, 0x0000000671400000, 0x0000000671400000|100%| O|  |TAMS 0x0000000671000000| PB 0x0000000671000000| Untracked |  0
| 435|0x0000000671400000, 0x0000000671800000, 0x0000000671800000|100%| O|  |TAMS 0x0000000671400000| PB 0x0000000671400000| Untracked |  0
| 436|0x0000000671800000, 0x0000000671c00000, 0x0000000671c00000|100%| O|  |TAMS 0x0000000671800000| PB 0x0000000671800000| Untracked |  0
| 437|0x0000000671c00000, 0x0000000672000000, 0x0000000672000000|100%| O|  |TAMS 0x0000000671c00000| PB 0x0000000671c00000| Untracked |  0
| 438|0x0000000672000000, 0x0000000672400000, 0x0000000672400000|100%| O|  |TAMS 0x0000000672000000| PB 0x0000000672000000| Untracked |  0
| 439|0x0000000672400000, 0x0000000672800000, 0x0000000672800000|100%| O|  |TAMS 0x0000000672400000| PB 0x0000000672400000| Untracked |  0
| 440|0x0000000672800000, 0x0000000672c00000, 0x0000000672c00000|100%| O|  |TAMS 0x0000000672800000| PB 0x0000000672800000| Untracked |  0
| 441|0x0000000672c00000, 0x0000000673000000, 0x0000000673000000|100%| O|  |TAMS 0x0000000672c00000| PB 0x0000000672c00000| Untracked |  0
| 442|0x0000000673000000, 0x0000000673400000, 0x0000000673400000|100%| O|  |TAMS 0x0000000673000000| PB 0x0000000673000000| Untracked |  0
| 443|0x0000000673400000, 0x0000000673800000, 0x0000000673800000|100%| O|  |TAMS 0x0000000673400000| PB 0x0000000673400000| Untracked |  0
| 444|0x0000000673800000, 0x0000000673c00000, 0x0000000673c00000|100%| O|  |TAMS 0x0000000673800000| PB 0x0000000673800000| Untracked |  0
| 445|0x0000000673c00000, 0x0000000674000000, 0x0000000674000000|100%| O|  |TAMS 0x0000000673c00000| PB 0x0000000673c00000| Untracked |  0
| 446|0x0000000674000000, 0x0000000674400000, 0x0000000674400000|100%| O|  |TAMS 0x0000000674000000| PB 0x0000000674000000| Untracked |  0
| 447|0x0000000674400000, 0x0000000674800000, 0x0000000674800000|100%| O|  |TAMS 0x0000000674400000| PB 0x0000000674400000| Untracked |  0
| 448|0x0000000674800000, 0x0000000674c00000, 0x0000000674c00000|100%| O|  |TAMS 0x0000000674800000| PB 0x0000000674800000| Untracked |  0
| 449|0x0000000674c00000, 0x0000000675000000, 0x0000000675000000|100%| O|  |TAMS 0x0000000674c00000| PB 0x0000000674c00000| Untracked |  0
| 450|0x0000000675000000, 0x0000000675400000, 0x0000000675400000|100%| O|  |TAMS 0x0000000675000000| PB 0x0000000675000000| Untracked |  0
| 451|0x0000000675400000, 0x0000000675400000, 0x0000000675800000|  0%| F|  |TAMS 0x0000000675400000| PB 0x0000000675400000| Untracked |  0
| 452|0x0000000675800000, 0x0000000675c00000, 0x0000000675c00000|100%| O|  |TAMS 0x0000000675800000| PB 0x0000000675800000| Untracked |  0
| 453|0x0000000675c00000, 0x0000000676000000, 0x0000000676000000|100%| O|  |TAMS 0x0000000675c00000| PB 0x0000000675c00000| Untracked |  0
| 454|0x0000000676000000, 0x0000000676400000, 0x0000000676400000|100%| O|  |TAMS 0x0000000676000000| PB 0x0000000676000000| Untracked |  0
| 455|0x0000000676400000, 0x0000000676400000, 0x0000000676800000|  0%| F|  |TAMS 0x0000000676400000| PB 0x0000000676400000| Untracked |  0
| 456|0x0000000676800000, 0x0000000676c00000, 0x0000000676c00000|100%| O|  |TAMS 0x0000000676800000| PB 0x0000000676800000| Untracked |  0
| 457|0x0000000676c00000, 0x0000000677000000, 0x0000000677000000|100%| O|  |TAMS 0x0000000676c00000| PB 0x0000000676c00000| Untracked |  0
| 458|0x0000000677000000, 0x0000000677400000, 0x0000000677400000|100%| O|  |TAMS 0x0000000677000000| PB 0x0000000677000000| Untracked |  0
| 459|0x0000000677400000, 0x0000000677800000, 0x0000000677800000|100%| O|  |TAMS 0x0000000677400000| PB 0x0000000677400000| Untracked |  0
| 460|0x0000000677800000, 0x0000000677c00000, 0x0000000677c00000|100%| O|  |TAMS 0x0000000677800000| PB 0x0000000677800000| Untracked |  0
| 461|0x0000000677c00000, 0x0000000678000000, 0x0000000678000000|100%| O|  |TAMS 0x0000000677c00000| PB 0x0000000677c00000| Untracked |  0
| 462|0x0000000678000000, 0x0000000678400000, 0x0000000678400000|100%| O|  |TAMS 0x0000000678000000| PB 0x0000000678000000| Untracked |  0
| 463|0x0000000678400000, 0x0000000678800000, 0x0000000678800000|100%| O|  |TAMS 0x0000000678400000| PB 0x0000000678400000| Untracked |  0
| 464|0x0000000678800000, 0x0000000678c00000, 0x0000000678c00000|100%| O|  |TAMS 0x0000000678800000| PB 0x0000000678800000| Untracked |  0
| 465|0x0000000678c00000, 0x0000000679000000, 0x0000000679000000|100%| O|  |TAMS 0x0000000678c00000| PB 0x0000000678c00000| Untracked |  0
| 466|0x0000000679000000, 0x0000000679400000, 0x0000000679400000|100%| O|  |TAMS 0x0000000679000000| PB 0x0000000679000000| Untracked |  0
| 467|0x0000000679400000, 0x0000000679800000, 0x0000000679800000|100%| O|  |TAMS 0x0000000679400000| PB 0x0000000679400000| Untracked |  0
| 468|0x0000000679800000, 0x0000000679c00000, 0x0000000679c00000|100%| O|  |TAMS 0x0000000679800000| PB 0x0000000679800000| Untracked |  0
| 469|0x0000000679c00000, 0x000000067a000000, 0x000000067a000000|100%| O|  |TAMS 0x0000000679c00000| PB 0x0000000679c00000| Untracked |  0
| 470|0x000000067a000000, 0x000000067a400000, 0x000000067a400000|100%| O|  |TAMS 0x000000067a000000| PB 0x000000067a000000| Untracked |  0
| 471|0x000000067a400000, 0x000000067a800000, 0x000000067a800000|100%| O|  |TAMS 0x000000067a400000| PB 0x000000067a400000| Untracked |  0
| 472|0x000000067a800000, 0x000000067ac00000, 0x000000067ac00000|100%| O|  |TAMS 0x000000067a800000| PB 0x000000067a800000| Untracked |  0
| 473|0x000000067ac00000, 0x000000067b000000, 0x000000067b000000|100%| O|  |TAMS 0x000000067ac00000| PB 0x000000067ac00000| Untracked |  0
| 474|0x000000067b000000, 0x000000067b400000, 0x000000067b400000|100%| O|  |TAMS 0x000000067b000000| PB 0x000000067b000000| Untracked |  0
| 475|0x000000067b400000, 0x000000067b800000, 0x000000067b800000|100%| O|  |TAMS 0x000000067b400000| PB 0x000000067b400000| Untracked |  0
| 476|0x000000067b800000, 0x000000067bc00000, 0x000000067bc00000|100%| O|  |TAMS 0x000000067b800000| PB 0x000000067b800000| Untracked |  0
| 477|0x000000067bc00000, 0x000000067c000000, 0x000000067c000000|100%| O|  |TAMS 0x000000067bc00000| PB 0x000000067bc00000| Untracked |  0
| 478|0x000000067c000000, 0x000000067c400000, 0x000000067c400000|100%| O|  |TAMS 0x000000067c000000| PB 0x000000067c000000| Untracked |  0
| 479|0x000000067c400000, 0x000000067c800000, 0x000000067c800000|100%| O|  |TAMS 0x000000067c400000| PB 0x000000067c400000| Untracked |  0
| 480|0x000000067c800000, 0x000000067cc00000, 0x000000067cc00000|100%| O|  |TAMS 0x000000067c800000| PB 0x000000067c800000| Untracked |  0
| 481|0x000000067cc00000, 0x000000067d000000, 0x000000067d000000|100%| O|  |TAMS 0x000000067cc00000| PB 0x000000067cc00000| Untracked |  0
| 482|0x000000067d000000, 0x000000067d400000, 0x000000067d400000|100%| O|  |TAMS 0x000000067d000000| PB 0x000000067d000000| Untracked |  0
| 483|0x000000067d400000, 0x000000067d800000, 0x000000067d800000|100%| O|  |TAMS 0x000000067d400000| PB 0x000000067d400000| Untracked |  0
| 484|0x000000067d800000, 0x000000067dc00000, 0x000000067dc00000|100%| O|  |TAMS 0x000000067d800000| PB 0x000000067d800000| Untracked |  0
| 485|0x000000067dc00000, 0x000000067dc00000, 0x000000067e000000|  0%| F|  |TAMS 0x000000067dc00000| PB 0x000000067dc00000| Untracked |  0
| 486|0x000000067e000000, 0x000000067e400000, 0x000000067e400000|100%| O|  |TAMS 0x000000067e000000| PB 0x000000067e000000| Untracked |  0
| 487|0x000000067e400000, 0x000000067e800000, 0x000000067e800000|100%| O|  |TAMS 0x000000067e400000| PB 0x000000067e400000| Untracked |  0
| 488|0x000000067e800000, 0x000000067ec00000, 0x000000067ec00000|100%| O|  |TAMS 0x000000067e800000| PB 0x000000067e800000| Untracked |  0
| 489|0x000000067ec00000, 0x000000067f000000, 0x000000067f000000|100%| O|  |TAMS 0x000000067ec00000| PB 0x000000067ec00000| Untracked |  0
| 490|0x000000067f000000, 0x000000067f400000, 0x000000067f400000|100%| O|  |TAMS 0x000000067f000000| PB 0x000000067f000000| Untracked |  0
| 491|0x000000067f400000, 0x000000067f800000, 0x000000067f800000|100%| O|  |TAMS 0x000000067f400000| PB 0x000000067f400000| Untracked |  0
| 492|0x000000067f800000, 0x000000067fc00000, 0x000000067fc00000|100%| O|  |TAMS 0x000000067f800000| PB 0x000000067f800000| Untracked |  0
| 493|0x000000067fc00000, 0x0000000680000000, 0x0000000680000000|100%| O|  |TAMS 0x000000067fc00000| PB 0x000000067fc00000| Untracked |  0
| 494|0x0000000680000000, 0x0000000680400000, 0x0000000680400000|100%| O|  |TAMS 0x0000000680000000| PB 0x0000000680000000| Untracked |  0
| 495|0x0000000680400000, 0x0000000680800000, 0x0000000680800000|100%| O|  |TAMS 0x0000000680400000| PB 0x0000000680400000| Untracked |  0
| 496|0x0000000680800000, 0x0000000680c00000, 0x0000000680c00000|100%| O|  |TAMS 0x0000000680800000| PB 0x0000000680800000| Untracked |  0
| 497|0x0000000680c00000, 0x0000000681000000, 0x0000000681000000|100%| O|  |TAMS 0x0000000680c00000| PB 0x0000000680c00000| Untracked |  0
| 498|0x0000000681000000, 0x0000000681400000, 0x0000000681400000|100%| O|  |TAMS 0x0000000681000000| PB 0x0000000681000000| Untracked |  0
| 499|0x0000000681400000, 0x0000000681800000, 0x0000000681800000|100%| O|  |TAMS 0x0000000681400000| PB 0x0000000681400000| Untracked |  0
| 500|0x0000000681800000, 0x0000000681c00000, 0x0000000681c00000|100%| O|  |TAMS 0x0000000681800000| PB 0x0000000681800000| Untracked |  0
| 501|0x0000000681c00000, 0x0000000682000000, 0x0000000682000000|100%| O|  |TAMS 0x0000000681c00000| PB 0x0000000681c00000| Untracked |  0
| 502|0x0000000682000000, 0x0000000682400000, 0x0000000682400000|100%| O|  |TAMS 0x0000000682000000| PB 0x0000000682000000| Untracked |  0
| 503|0x0000000682400000, 0x0000000682800000, 0x0000000682800000|100%| O|  |TAMS 0x0000000682400000| PB 0x0000000682400000| Untracked |  0
| 504|0x0000000682800000, 0x0000000682c00000, 0x0000000682c00000|100%| O|  |TAMS 0x0000000682800000| PB 0x0000000682800000| Untracked |  0
| 505|0x0000000682c00000, 0x0000000683000000, 0x0000000683000000|100%| O|  |TAMS 0x0000000682c00000| PB 0x0000000682c00000| Untracked |  0
| 506|0x0000000683000000, 0x0000000683400000, 0x0000000683400000|100%| O|  |TAMS 0x0000000683000000| PB 0x0000000683000000| Untracked |  0
| 507|0x0000000683400000, 0x0000000683800000, 0x0000000683800000|100%|HS|  |TAMS 0x0000000683400000| PB 0x0000000683400000| Complete |  0
| 508|0x0000000683800000, 0x0000000683c00000, 0x0000000683c00000|100%|HC|  |TAMS 0x0000000683800000| PB 0x0000000683800000| Complete |  0
| 509|0x0000000683c00000, 0x0000000684000000, 0x0000000684000000|100%| O|  |TAMS 0x0000000683c00000| PB 0x0000000683c00000| Untracked |  0
| 510|0x0000000684000000, 0x0000000684400000, 0x0000000684400000|100%| O|  |TAMS 0x0000000684000000| PB 0x0000000684000000| Untracked |  0
| 511|0x0000000684400000, 0x0000000684800000, 0x0000000684800000|100%| O|  |TAMS 0x0000000684400000| PB 0x0000000684400000| Untracked |  0
| 512|0x0000000684800000, 0x0000000684c00000, 0x0000000684c00000|100%| O|  |TAMS 0x0000000684800000| PB 0x0000000684800000| Untracked |  0
| 513|0x0000000684c00000, 0x0000000685000000, 0x0000000685000000|100%| O|  |TAMS 0x0000000684c00000| PB 0x0000000684c00000| Untracked |  0
| 514|0x0000000685000000, 0x0000000685400000, 0x0000000685400000|100%| O|  |TAMS 0x0000000685000000| PB 0x0000000685000000| Untracked |  0
| 515|0x0000000685400000, 0x0000000685800000, 0x0000000685800000|100%| O|  |TAMS 0x0000000685400000| PB 0x0000000685400000| Untracked |  0
| 516|0x0000000685800000, 0x0000000685800000, 0x0000000685c00000|  0%| F|  |TAMS 0x0000000685800000| PB 0x0000000685800000| Untracked |  0
| 517|0x0000000685c00000, 0x0000000686000000, 0x0000000686000000|100%| O|  |TAMS 0x0000000685c00000| PB 0x0000000685c00000| Untracked |  0
| 518|0x0000000686000000, 0x0000000686400000, 0x0000000686400000|100%| O|  |TAMS 0x0000000686000000| PB 0x0000000686000000| Untracked |  0
| 519|0x0000000686400000, 0x0000000686800000, 0x0000000686800000|100%| O|  |TAMS 0x0000000686400000| PB 0x0000000686400000| Untracked |  0
| 520|0x0000000686800000, 0x0000000686c00000, 0x0000000686c00000|100%| O|  |TAMS 0x0000000686800000| PB 0x0000000686800000| Untracked |  0
| 521|0x0000000686c00000, 0x0000000687000000, 0x0000000687000000|100%| O|  |TAMS 0x0000000686c00000| PB 0x0000000686c00000| Untracked |  0
| 522|0x0000000687000000, 0x0000000687400000, 0x0000000687400000|100%| O|  |TAMS 0x0000000687000000| PB 0x0000000687000000| Untracked |  0
| 523|0x0000000687400000, 0x0000000687800000, 0x0000000687800000|100%| O|  |TAMS 0x0000000687400000| PB 0x0000000687400000| Untracked |  0
| 524|0x0000000687800000, 0x0000000687c00000, 0x0000000687c00000|100%| O|  |TAMS 0x0000000687800000| PB 0x0000000687800000| Untracked |  0
| 525|0x0000000687c00000, 0x0000000688000000, 0x0000000688000000|100%| O|  |TAMS 0x0000000687c00000| PB 0x0000000687c00000| Untracked |  0
| 526|0x0000000688000000, 0x0000000688400000, 0x0000000688400000|100%| O|  |TAMS 0x0000000688000000| PB 0x0000000688000000| Untracked |  0
| 527|0x0000000688400000, 0x0000000688800000, 0x0000000688800000|100%| O|  |TAMS 0x0000000688400000| PB 0x0000000688400000| Untracked |  0
| 528|0x0000000688800000, 0x0000000688c00000, 0x0000000688c00000|100%| O|  |TAMS 0x0000000688800000| PB 0x0000000688800000| Untracked |  0
| 529|0x0000000688c00000, 0x0000000688c00000, 0x0000000689000000|  0%| F|  |TAMS 0x0000000688c00000| PB 0x0000000688c00000| Untracked |  0
| 530|0x0000000689000000, 0x0000000689400000, 0x0000000689400000|100%| O|  |TAMS 0x0000000689000000| PB 0x0000000689000000| Untracked |  0
| 531|0x0000000689400000, 0x0000000689800000, 0x0000000689800000|100%| O|  |TAMS 0x0000000689400000| PB 0x0000000689400000| Untracked |  0
| 532|0x0000000689800000, 0x0000000689c00000, 0x0000000689c00000|100%| O|  |TAMS 0x0000000689800000| PB 0x0000000689800000| Untracked |  0
| 533|0x0000000689c00000, 0x0000000689c00000, 0x000000068a000000|  0%| F|  |TAMS 0x0000000689c00000| PB 0x0000000689c00000| Untracked |  0
| 534|0x000000068a000000, 0x000000068a400000, 0x000000068a400000|100%| O|  |TAMS 0x000000068a000000| PB 0x000000068a000000| Untracked |  0
| 535|0x000000068a400000, 0x000000068a800000, 0x000000068a800000|100%| O|  |TAMS 0x000000068a400000| PB 0x000000068a400000| Untracked |  0
| 536|0x000000068a800000, 0x000000068a800000, 0x000000068ac00000|  0%| F|  |TAMS 0x000000068a800000| PB 0x000000068a800000| Untracked |  0
| 537|0x000000068ac00000, 0x000000068b000000, 0x000000068b000000|100%| O|  |TAMS 0x000000068ac00000| PB 0x000000068ac00000| Untracked |  0
| 538|0x000000068b000000, 0x000000068b000000, 0x000000068b400000|  0%| F|  |TAMS 0x000000068b000000| PB 0x000000068b000000| Untracked |  0
| 539|0x000000068b400000, 0x000000068b800000, 0x000000068b800000|100%| O|  |TAMS 0x000000068b400000| PB 0x000000068b400000| Untracked |  0
| 540|0x000000068b800000, 0x000000068bc00000, 0x000000068bc00000|100%| O|  |TAMS 0x000000068b800000| PB 0x000000068b800000| Untracked |  0
| 541|0x000000068bc00000, 0x000000068c000000, 0x000000068c000000|100%| O|  |TAMS 0x000000068bc00000| PB 0x000000068bc00000| Untracked |  0
| 542|0x000000068c000000, 0x000000068c000000, 0x000000068c400000|  0%| F|  |TAMS 0x000000068c000000| PB 0x000000068c000000| Untracked |  0
| 543|0x000000068c400000, 0x000000068c800000, 0x000000068c800000|100%| O|  |TAMS 0x000000068c400000| PB 0x000000068c400000| Untracked |  0
| 544|0x000000068c800000, 0x000000068cc00000, 0x000000068cc00000|100%| O|  |TAMS 0x000000068c800000| PB 0x000000068c800000| Untracked |  0
| 545|0x000000068cc00000, 0x000000068d000000, 0x000000068d000000|100%| O|  |TAMS 0x000000068cc00000| PB 0x000000068cc00000| Untracked |  0
| 546|0x000000068d000000, 0x000000068d400000, 0x000000068d400000|100%| O|  |TAMS 0x000000068d000000| PB 0x000000068d000000| Untracked |  0
| 547|0x000000068d400000, 0x000000068d800000, 0x000000068d800000|100%| O|  |TAMS 0x000000068d400000| PB 0x000000068d400000| Untracked |  0
| 548|0x000000068d800000, 0x000000068d800000, 0x000000068dc00000|  0%| F|  |TAMS 0x000000068d800000| PB 0x000000068d800000| Untracked |  0
| 549|0x000000068dc00000, 0x000000068e000000, 0x000000068e000000|100%| O|  |TAMS 0x000000068dc00000| PB 0x000000068dc00000| Untracked |  0
| 550|0x000000068e000000, 0x000000068e400000, 0x000000068e400000|100%| O|  |TAMS 0x000000068e000000| PB 0x000000068e000000| Untracked |  0
| 551|0x000000068e400000, 0x000000068e800000, 0x000000068e800000|100%| O|  |TAMS 0x000000068e400000| PB 0x000000068e400000| Untracked |  0
| 552|0x000000068e800000, 0x000000068ec00000, 0x000000068ec00000|100%| O|  |TAMS 0x000000068e800000| PB 0x000000068e800000| Untracked |  0
| 553|0x000000068ec00000, 0x000000068f000000, 0x000000068f000000|100%| O|  |TAMS 0x000000068ec00000| PB 0x000000068ec00000| Untracked |  0
| 554|0x000000068f000000, 0x000000068f400000, 0x000000068f400000|100%| O|  |TAMS 0x000000068f000000| PB 0x000000068f000000| Untracked |  0
| 555|0x000000068f400000, 0x000000068f800000, 0x000000068f800000|100%| O|  |TAMS 0x000000068f400000| PB 0x000000068f400000| Untracked |  0
| 556|0x000000068f800000, 0x000000068fc00000, 0x000000068fc00000|100%| O|  |TAMS 0x000000068f800000| PB 0x000000068f800000| Untracked |  0
| 557|0x000000068fc00000, 0x0000000690000000, 0x0000000690000000|100%| O|  |TAMS 0x000000068fc00000| PB 0x000000068fc00000| Untracked |  0
| 558|0x0000000690000000, 0x0000000690000000, 0x0000000690400000|  0%| F|  |TAMS 0x0000000690000000| PB 0x0000000690000000| Untracked |  0
| 559|0x0000000690400000, 0x0000000690800000, 0x0000000690800000|100%| O|  |TAMS 0x0000000690400000| PB 0x0000000690400000| Untracked |  0
| 560|0x0000000690800000, 0x0000000690c00000, 0x0000000690c00000|100%| O|  |TAMS 0x0000000690800000| PB 0x0000000690800000| Untracked |  0
| 561|0x0000000690c00000, 0x0000000691000000, 0x0000000691000000|100%| O|  |TAMS 0x0000000690c00000| PB 0x0000000690c00000| Untracked |  0
| 562|0x0000000691000000, 0x0000000691000000, 0x0000000691400000|  0%| F|  |TAMS 0x0000000691000000| PB 0x0000000691000000| Untracked |  0
| 563|0x0000000691400000, 0x0000000691800000, 0x0000000691800000|100%| O|  |TAMS 0x0000000691400000| PB 0x0000000691400000| Untracked |  0
| 564|0x0000000691800000, 0x0000000691c00000, 0x0000000691c00000|100%| O|  |TAMS 0x0000000691800000| PB 0x0000000691800000| Untracked |  0
| 565|0x0000000691c00000, 0x0000000691c00000, 0x0000000692000000|  0%| F|  |TAMS 0x0000000691c00000| PB 0x0000000691c00000| Untracked |  0
| 566|0x0000000692000000, 0x0000000692000000, 0x0000000692400000|  0%| F|  |TAMS 0x0000000692000000| PB 0x0000000692000000| Untracked |  0
| 567|0x0000000692400000, 0x0000000692800000, 0x0000000692800000|100%| O|  |TAMS 0x0000000692400000| PB 0x0000000692400000| Untracked |  0
| 568|0x0000000692800000, 0x0000000692c00000, 0x0000000692c00000|100%| O|  |TAMS 0x0000000692800000| PB 0x0000000692800000| Untracked |  0
| 569|0x0000000692c00000, 0x0000000693000000, 0x0000000693000000|100%| O|  |TAMS 0x0000000692c00000| PB 0x0000000692c00000| Untracked |  0
| 570|0x0000000693000000, 0x0000000693400000, 0x0000000693400000|100%| O|  |TAMS 0x0000000693000000| PB 0x0000000693000000| Untracked |  0
| 571|0x0000000693400000, 0x0000000693800000, 0x0000000693800000|100%| O|  |TAMS 0x0000000693400000| PB 0x0000000693400000| Untracked |  0
| 572|0x0000000693800000, 0x0000000693c00000, 0x0000000693c00000|100%| O|  |TAMS 0x0000000693800000| PB 0x0000000693800000| Untracked |  0
| 573|0x0000000693c00000, 0x0000000694000000, 0x0000000694000000|100%| O|  |TAMS 0x0000000693c00000| PB 0x0000000693c00000| Untracked |  0
| 574|0x0000000694000000, 0x0000000694400000, 0x0000000694400000|100%| O|  |TAMS 0x0000000694000000| PB 0x0000000694000000| Untracked |  0
| 575|0x0000000694400000, 0x0000000694800000, 0x0000000694800000|100%| O|  |TAMS 0x0000000694400000| PB 0x0000000694400000| Untracked |  0
| 576|0x0000000694800000, 0x0000000694c00000, 0x0000000694c00000|100%| O|  |TAMS 0x0000000694800000| PB 0x0000000694800000| Untracked |  0
| 577|0x0000000694c00000, 0x0000000695000000, 0x0000000695000000|100%| O|  |TAMS 0x0000000694c00000| PB 0x0000000694c00000| Untracked |  0
| 578|0x0000000695000000, 0x0000000695400000, 0x0000000695400000|100%| O|  |TAMS 0x0000000695000000| PB 0x0000000695000000| Untracked |  0
| 579|0x0000000695400000, 0x0000000695800000, 0x0000000695800000|100%| O|  |TAMS 0x0000000695400000| PB 0x0000000695400000| Untracked |  0
| 580|0x0000000695800000, 0x0000000695c00000, 0x0000000695c00000|100%| O|  |TAMS 0x0000000695800000| PB 0x0000000695800000| Untracked |  0
| 581|0x0000000695c00000, 0x0000000696000000, 0x0000000696000000|100%| O|  |TAMS 0x0000000695c00000| PB 0x0000000695c00000| Untracked |  0
| 582|0x0000000696000000, 0x0000000696400000, 0x0000000696400000|100%| O|  |TAMS 0x0000000696000000| PB 0x0000000696000000| Untracked |  0
| 583|0x0000000696400000, 0x0000000696800000, 0x0000000696800000|100%| O|  |TAMS 0x0000000696400000| PB 0x0000000696400000| Untracked |  0
| 584|0x0000000696800000, 0x0000000696c00000, 0x0000000696c00000|100%| O|  |TAMS 0x0000000696800000| PB 0x0000000696800000| Untracked |  0
| 585|0x0000000696c00000, 0x0000000697000000, 0x0000000697000000|100%| O|  |TAMS 0x0000000696c00000| PB 0x0000000696c00000| Untracked |  0
| 586|0x0000000697000000, 0x0000000697400000, 0x0000000697400000|100%| O|  |TAMS 0x0000000697000000| PB 0x0000000697000000| Untracked |  0
| 587|0x0000000697400000, 0x0000000697800000, 0x0000000697800000|100%| O|  |TAMS 0x0000000697400000| PB 0x0000000697400000| Untracked |  0
| 588|0x0000000697800000, 0x0000000697c00000, 0x0000000697c00000|100%| O|  |TAMS 0x0000000697800000| PB 0x0000000697800000| Untracked |  0
| 589|0x0000000697c00000, 0x0000000698000000, 0x0000000698000000|100%| O|  |TAMS 0x0000000697c00000| PB 0x0000000697c00000| Untracked |  0
| 590|0x0000000698000000, 0x0000000698400000, 0x0000000698400000|100%| O|  |TAMS 0x0000000698000000| PB 0x0000000698000000| Untracked |  0
| 591|0x0000000698400000, 0x0000000698800000, 0x0000000698800000|100%| O|  |TAMS 0x0000000698400000| PB 0x0000000698400000| Untracked |  0
| 592|0x0000000698800000, 0x0000000698c00000, 0x0000000698c00000|100%| O|  |TAMS 0x0000000698800000| PB 0x0000000698800000| Untracked |  0
| 593|0x0000000698c00000, 0x0000000699000000, 0x0000000699000000|100%| O|  |TAMS 0x0000000698c00000| PB 0x0000000698c00000| Untracked |  0
| 594|0x0000000699000000, 0x0000000699400000, 0x0000000699400000|100%| O|  |TAMS 0x0000000699000000| PB 0x0000000699000000| Untracked |  0
| 595|0x0000000699400000, 0x0000000699800000, 0x0000000699800000|100%| O|  |TAMS 0x0000000699400000| PB 0x0000000699400000| Untracked |  0
| 596|0x0000000699800000, 0x0000000699c00000, 0x0000000699c00000|100%| O|  |TAMS 0x0000000699800000| PB 0x0000000699800000| Untracked |  0
| 597|0x0000000699c00000, 0x000000069a000000, 0x000000069a000000|100%| O|  |TAMS 0x0000000699c00000| PB 0x0000000699c00000| Untracked |  0
| 598|0x000000069a000000, 0x000000069a400000, 0x000000069a400000|100%| O|  |TAMS 0x000000069a000000| PB 0x000000069a000000| Untracked |  0
| 599|0x000000069a400000, 0x000000069a800000, 0x000000069a800000|100%| O|  |TAMS 0x000000069a400000| PB 0x000000069a400000| Untracked |  0
| 600|0x000000069a800000, 0x000000069ac00000, 0x000000069ac00000|100%| O|  |TAMS 0x000000069a800000| PB 0x000000069a800000| Untracked |  0
| 601|0x000000069ac00000, 0x000000069b000000, 0x000000069b000000|100%| O|  |TAMS 0x000000069ac00000| PB 0x000000069ac00000| Untracked |  0
| 602|0x000000069b000000, 0x000000069b400000, 0x000000069b400000|100%| O|  |TAMS 0x000000069b000000| PB 0x000000069b000000| Untracked |  0
| 603|0x000000069b400000, 0x000000069b800000, 0x000000069b800000|100%| O|  |TAMS 0x000000069b400000| PB 0x000000069b400000| Untracked |  0
| 604|0x000000069b800000, 0x000000069bc00000, 0x000000069bc00000|100%| O|  |TAMS 0x000000069b800000| PB 0x000000069b800000| Untracked |  0
| 605|0x000000069bc00000, 0x000000069bcacf80, 0x000000069c000000| 16%| O|  |TAMS 0x000000069bc00000| PB 0x000000069bc00000| Untracked |  0
| 606|0x000000069c000000, 0x000000069c400000, 0x000000069c400000|100%| O|  |TAMS 0x000000069c000000| PB 0x000000069c000000| Untracked |  0
| 607|0x000000069c400000, 0x000000069c400000, 0x000000069c800000|  0%| F|  |TAMS 0x000000069c400000| PB 0x000000069c400000| Untracked |  0
| 608|0x000000069c800000, 0x000000069c800000, 0x000000069cc00000|  0%| F|  |TAMS 0x000000069c800000| PB 0x000000069c800000| Untracked |  0
| 609|0x000000069cc00000, 0x000000069cc00000, 0x000000069d000000|  0%| F|  |TAMS 0x000000069cc00000| PB 0x000000069cc00000| Untracked |  0
| 610|0x000000069d000000, 0x000000069d400000, 0x000000069d400000|100%| O|  |TAMS 0x000000069d000000| PB 0x000000069d000000| Untracked |  0
| 611|0x000000069d400000, 0x000000069d800000, 0x000000069d800000|100%| O|  |TAMS 0x000000069d400000| PB 0x000000069d400000| Untracked |  0
| 612|0x000000069d800000, 0x000000069d800000, 0x000000069dc00000|  0%| F|  |TAMS 0x000000069d800000| PB 0x000000069d800000| Untracked |  0
| 613|0x000000069dc00000, 0x000000069dc00000, 0x000000069e000000|  0%| F|  |TAMS 0x000000069dc00000| PB 0x000000069dc00000| Untracked |  0
| 614|0x000000069e000000, 0x000000069e000000, 0x000000069e400000|  0%| F|  |TAMS 0x000000069e000000| PB 0x000000069e000000| Untracked |  0
| 615|0x000000069e400000, 0x000000069e400000, 0x000000069e800000|  0%| F|  |TAMS 0x000000069e400000| PB 0x000000069e400000| Untracked |  0
| 616|0x000000069e800000, 0x000000069e800000, 0x000000069ec00000|  0%| F|  |TAMS 0x000000069e800000| PB 0x000000069e800000| Untracked |  0
| 617|0x000000069ec00000, 0x000000069ec00000, 0x000000069f000000|  0%| F|  |TAMS 0x000000069ec00000| PB 0x000000069ec00000| Untracked |  0
| 618|0x000000069f000000, 0x000000069f400000, 0x000000069f400000|100%|HS|  |TAMS 0x000000069f000000| PB 0x000000069f000000| Complete |  0
| 619|0x000000069f400000, 0x000000069f800000, 0x000000069f800000|100%|HC|  |TAMS 0x000000069f400000| PB 0x000000069f400000| Complete |  0
| 620|0x000000069f800000, 0x000000069fc00000, 0x000000069fc00000|100%|HC|  |TAMS 0x000000069f800000| PB 0x000000069f800000| Complete |  0
| 621|0x000000069fc00000, 0x00000006a0000000, 0x00000006a0000000|100%|HC|  |TAMS 0x000000069fc00000| PB 0x000000069fc00000| Complete |  0
| 622|0x00000006a0000000, 0x00000006a0000000, 0x00000006a0400000|  0%| F|  |TAMS 0x00000006a0000000| PB 0x00000006a0000000| Untracked |  0
| 623|0x00000006a0400000, 0x00000006a0400000, 0x00000006a0800000|  0%| F|  |TAMS 0x00000006a0400000| PB 0x00000006a0400000| Untracked |  0
| 624|0x00000006a0800000, 0x00000006a0800000, 0x00000006a0c00000|  0%| F|  |TAMS 0x00000006a0800000| PB 0x00000006a0800000| Untracked |  0
| 625|0x00000006a0c00000, 0x00000006a0c00000, 0x00000006a1000000|  0%| F|  |TAMS 0x00000006a0c00000| PB 0x00000006a0c00000| Untracked |  0
| 626|0x00000006a1000000, 0x00000006a1000000, 0x00000006a1400000|  0%| F|  |TAMS 0x00000006a1000000| PB 0x00000006a1000000| Untracked |  0
| 627|0x00000006a1400000, 0x00000006a1400000, 0x00000006a1800000|  0%| F|  |TAMS 0x00000006a1400000| PB 0x00000006a1400000| Untracked |  0
| 628|0x00000006a1800000, 0x00000006a1800000, 0x00000006a1c00000|  0%| F|  |TAMS 0x00000006a1800000| PB 0x00000006a1800000| Untracked |  0
| 629|0x00000006a1c00000, 0x00000006a1c00000, 0x00000006a2000000|  0%| F|  |TAMS 0x00000006a1c00000| PB 0x00000006a1c00000| Untracked |  0
| 630|0x00000006a2000000, 0x00000006a2000000, 0x00000006a2400000|  0%| F|  |TAMS 0x00000006a2000000| PB 0x00000006a2000000| Untracked |  0
| 631|0x00000006a2400000, 0x00000006a2400000, 0x00000006a2800000|  0%| F|  |TAMS 0x00000006a2400000| PB 0x00000006a2400000| Untracked |  0
| 632|0x00000006a2800000, 0x00000006a2800000, 0x00000006a2c00000|  0%| F|  |TAMS 0x00000006a2800000| PB 0x00000006a2800000| Untracked |  0
| 633|0x00000006a2c00000, 0x00000006a2c00000, 0x00000006a3000000|  0%| F|  |TAMS 0x00000006a2c00000| PB 0x00000006a2c00000| Untracked |  0
| 634|0x00000006a3000000, 0x00000006a3000000, 0x00000006a3400000|  0%| F|  |TAMS 0x00000006a3000000| PB 0x00000006a3000000| Untracked |  0
| 635|0x00000006a3400000, 0x00000006a3400000, 0x00000006a3800000|  0%| F|  |TAMS 0x00000006a3400000| PB 0x00000006a3400000| Untracked |  0
| 636|0x00000006a3800000, 0x00000006a3800000, 0x00000006a3c00000|  0%| F|  |TAMS 0x00000006a3800000| PB 0x00000006a3800000| Untracked |  0
| 637|0x00000006a3c00000, 0x00000006a3c00000, 0x00000006a4000000|  0%| F|  |TAMS 0x00000006a3c00000| PB 0x00000006a3c00000| Untracked |  0
| 638|0x00000006a4000000, 0x00000006a4000000, 0x00000006a4400000|  0%| F|  |TAMS 0x00000006a4000000| PB 0x00000006a4000000| Untracked |  0
| 639|0x00000006a4400000, 0x00000006a4400000, 0x00000006a4800000|  0%| F|  |TAMS 0x00000006a4400000| PB 0x00000006a4400000| Untracked |  0
| 640|0x00000006a4800000, 0x00000006a4800000, 0x00000006a4c00000|  0%| F|  |TAMS 0x00000006a4800000| PB 0x00000006a4800000| Untracked |  0
| 641|0x00000006a4c00000, 0x00000006a4c00000, 0x00000006a5000000|  0%| F|  |TAMS 0x00000006a4c00000| PB 0x00000006a4c00000| Untracked |  0
| 642|0x00000006a5000000, 0x00000006a5000000, 0x00000006a5400000|  0%| F|  |TAMS 0x00000006a5000000| PB 0x00000006a5000000| Untracked |  0
| 643|0x00000006a5400000, 0x00000006a5400000, 0x00000006a5800000|  0%| F|  |TAMS 0x00000006a5400000| PB 0x00000006a5400000| Untracked |  0
| 644|0x00000006a5800000, 0x00000006a5800000, 0x00000006a5c00000|  0%| F|  |TAMS 0x00000006a5800000| PB 0x00000006a5800000| Untracked |  0
| 645|0x00000006a5c00000, 0x00000006a5c00000, 0x00000006a6000000|  0%| F|  |TAMS 0x00000006a5c00000| PB 0x00000006a5c00000| Untracked |  0
| 646|0x00000006a6000000, 0x00000006a6400000, 0x00000006a6400000|100%| O|  |TAMS 0x00000006a6000000| PB 0x00000006a6000000| Untracked |  0
| 647|0x00000006a6400000, 0x00000006a6800000, 0x00000006a6800000|100%| O|  |TAMS 0x00000006a6400000| PB 0x00000006a6400000| Untracked |  0
| 648|0x00000006a6800000, 0x00000006a6c00000, 0x00000006a6c00000|100%| O|  |TAMS 0x00000006a6800000| PB 0x00000006a6800000| Untracked |  0
| 649|0x00000006a6c00000, 0x00000006a7000000, 0x00000006a7000000|100%| O|  |TAMS 0x00000006a6c00000| PB 0x00000006a6c00000| Untracked |  0
| 650|0x00000006a7000000, 0x00000006a7400000, 0x00000006a7400000|100%| O|  |TAMS 0x00000006a7000000| PB 0x00000006a7000000| Untracked |  0
| 651|0x00000006a7400000, 0x00000006a7800000, 0x00000006a7800000|100%| O|  |TAMS 0x00000006a7400000| PB 0x00000006a7400000| Untracked |  0
| 652|0x00000006a7800000, 0x00000006a7c00000, 0x00000006a7c00000|100%| O|  |TAMS 0x00000006a7800000| PB 0x00000006a7800000| Untracked |  0
| 653|0x00000006a7c00000, 0x00000006a8000000, 0x00000006a8000000|100%| O|  |TAMS 0x00000006a7c00000| PB 0x00000006a7c00000| Untracked |  0
| 654|0x00000006a8000000, 0x00000006a8400000, 0x00000006a8400000|100%| O|  |TAMS 0x00000006a8000000| PB 0x00000006a8000000| Untracked |  0
| 655|0x00000006a8400000, 0x00000006a8800000, 0x00000006a8800000|100%| O|  |TAMS 0x00000006a8400000| PB 0x00000006a8400000| Untracked |  0
| 656|0x00000006a8800000, 0x00000006a8c00000, 0x00000006a8c00000|100%| O|  |TAMS 0x00000006a8800000| PB 0x00000006a8800000| Untracked |  0
| 657|0x00000006a8c00000, 0x00000006a9000000, 0x00000006a9000000|100%| O|  |TAMS 0x00000006a8c00000| PB 0x00000006a8c00000| Untracked |  0
| 658|0x00000006a9000000, 0x00000006a9400000, 0x00000006a9400000|100%| O|  |TAMS 0x00000006a9000000| PB 0x00000006a9000000| Untracked |  0
| 659|0x00000006a9400000, 0x00000006a9800000, 0x00000006a9800000|100%| O|  |TAMS 0x00000006a9400000| PB 0x00000006a9400000| Untracked |  0
| 660|0x00000006a9800000, 0x00000006a9800000, 0x00000006a9c00000|  0%| F|  |TAMS 0x00000006a9800000| PB 0x00000006a9800000| Untracked |  0
| 661|0x00000006a9c00000, 0x00000006aa000000, 0x00000006aa000000|100%| O|  |TAMS 0x00000006a9c00000| PB 0x00000006a9c00000| Untracked |  0
| 662|0x00000006aa000000, 0x00000006aa000000, 0x00000006aa400000|  0%| F|  |TAMS 0x00000006aa000000| PB 0x00000006aa000000| Untracked |  0
| 663|0x00000006aa400000, 0x00000006aa400000, 0x00000006aa800000|  0%| F|  |TAMS 0x00000006aa400000| PB 0x00000006aa400000| Untracked |  0
| 664|0x00000006aa800000, 0x00000006aac00000, 0x00000006aac00000|100%| O|  |TAMS 0x00000006aa800000| PB 0x00000006aa800000| Untracked |  0
| 665|0x00000006aac00000, 0x00000006ab000000, 0x00000006ab000000|100%| O|  |TAMS 0x00000006aac00000| PB 0x00000006aac00000| Untracked |  0
| 666|0x00000006ab000000, 0x00000006ab400000, 0x00000006ab400000|100%| O|  |TAMS 0x00000006ab000000| PB 0x00000006ab000000| Untracked |  0
| 667|0x00000006ab400000, 0x00000006ab800000, 0x00000006ab800000|100%| O|  |TAMS 0x00000006ab400000| PB 0x00000006ab400000| Untracked |  0
| 668|0x00000006ab800000, 0x00000006abc00000, 0x00000006abc00000|100%| O|  |TAMS 0x00000006ab800000| PB 0x00000006ab800000| Untracked |  0
| 669|0x00000006abc00000, 0x00000006abc00000, 0x00000006ac000000|  0%| F|  |TAMS 0x00000006abc00000| PB 0x00000006abc00000| Untracked |  0
| 670|0x00000006ac000000, 0x00000006ac400000, 0x00000006ac400000|100%| O|  |TAMS 0x00000006ac000000| PB 0x00000006ac000000| Untracked |  0
| 671|0x00000006ac400000, 0x00000006ac800000, 0x00000006ac800000|100%| O|  |TAMS 0x00000006ac400000| PB 0x00000006ac400000| Untracked |  0
| 672|0x00000006ac800000, 0x00000006acc00000, 0x00000006acc00000|100%| O|  |TAMS 0x00000006ac800000| PB 0x00000006ac800000| Untracked |  0
| 673|0x00000006acc00000, 0x00000006ad000000, 0x00000006ad000000|100%| O|  |TAMS 0x00000006acc00000| PB 0x00000006acc00000| Untracked |  0
| 674|0x00000006ad000000, 0x00000006ad400000, 0x00000006ad400000|100%| O|  |TAMS 0x00000006ad000000| PB 0x00000006ad000000| Untracked |  0
| 675|0x00000006ad400000, 0x00000006ad800000, 0x00000006ad800000|100%| O|  |TAMS 0x00000006ad400000| PB 0x00000006ad400000| Untracked |  0
| 676|0x00000006ad800000, 0x00000006adc00000, 0x00000006adc00000|100%| O|  |TAMS 0x00000006ad800000| PB 0x00000006ad800000| Untracked |  0
| 677|0x00000006adc00000, 0x00000006ae000000, 0x00000006ae000000|100%| O|  |TAMS 0x00000006adc00000| PB 0x00000006adc00000| Untracked |  0
| 678|0x00000006ae000000, 0x00000006ae400000, 0x00000006ae400000|100%| O|  |TAMS 0x00000006ae000000| PB 0x00000006ae000000| Untracked |  0
| 679|0x00000006ae400000, 0x00000006ae800000, 0x00000006ae800000|100%| O|  |TAMS 0x00000006ae400000| PB 0x00000006ae400000| Untracked |  0
| 680|0x00000006ae800000, 0x00000006aec00000, 0x00000006aec00000|100%| O|  |TAMS 0x00000006ae800000| PB 0x00000006ae800000| Untracked |  0
| 681|0x00000006aec00000, 0x00000006af000000, 0x00000006af000000|100%| O|  |TAMS 0x00000006aec00000| PB 0x00000006aec00000| Untracked |  0
| 682|0x00000006af000000, 0x00000006af400000, 0x00000006af400000|100%| O|  |TAMS 0x00000006af000000| PB 0x00000006af000000| Untracked |  0
| 683|0x00000006af400000, 0x00000006af800000, 0x00000006af800000|100%| O|  |TAMS 0x00000006af400000| PB 0x00000006af400000| Untracked |  0
| 684|0x00000006af800000, 0x00000006afc00000, 0x00000006afc00000|100%| O|  |TAMS 0x00000006af800000| PB 0x00000006af800000| Untracked |  0
| 685|0x00000006afc00000, 0x00000006b0000000, 0x00000006b0000000|100%| O|  |TAMS 0x00000006afc00000| PB 0x00000006afc00000| Untracked |  0
| 686|0x00000006b0000000, 0x00000006b0400000, 0x00000006b0400000|100%| O|  |TAMS 0x00000006b0000000| PB 0x00000006b0000000| Untracked |  0
| 687|0x00000006b0400000, 0x00000006b0800000, 0x00000006b0800000|100%| O|  |TAMS 0x00000006b0400000| PB 0x00000006b0400000| Untracked |  0
| 688|0x00000006b0800000, 0x00000006b0800000, 0x00000006b0c00000|  0%| F|  |TAMS 0x00000006b0800000| PB 0x00000006b0800000| Untracked |  0
| 689|0x00000006b0c00000, 0x00000006b1000000, 0x00000006b1000000|100%| O|  |TAMS 0x00000006b0c00000| PB 0x00000006b0c00000| Untracked |  0
| 690|0x00000006b1000000, 0x00000006b1400000, 0x00000006b1400000|100%| O|  |TAMS 0x00000006b1000000| PB 0x00000006b1000000| Untracked |  0
| 691|0x00000006b1400000, 0x00000006b1800000, 0x00000006b1800000|100%| O|  |TAMS 0x00000006b1400000| PB 0x00000006b1400000| Untracked |  0
| 692|0x00000006b1800000, 0x00000006b1c00000, 0x00000006b1c00000|100%| O|  |TAMS 0x00000006b1800000| PB 0x00000006b1800000| Untracked |  0
| 693|0x00000006b1c00000, 0x00000006b2000000, 0x00000006b2000000|100%| O|  |TAMS 0x00000006b1c00000| PB 0x00000006b1c00000| Untracked |  0
| 694|0x00000006b2000000, 0x00000006b2400000, 0x00000006b2400000|100%| O|  |TAMS 0x00000006b2000000| PB 0x00000006b2000000| Untracked |  0
| 695|0x00000006b2400000, 0x00000006b2800000, 0x00000006b2800000|100%| O|  |TAMS 0x00000006b2400000| PB 0x00000006b2400000| Untracked |  0
| 696|0x00000006b2800000, 0x00000006b2c00000, 0x00000006b2c00000|100%| O|  |TAMS 0x00000006b2800000| PB 0x00000006b2800000| Untracked |  0
| 697|0x00000006b2c00000, 0x00000006b3000000, 0x00000006b3000000|100%| O|  |TAMS 0x00000006b2c00000| PB 0x00000006b2c00000| Untracked |  0
| 698|0x00000006b3000000, 0x00000006b3400000, 0x00000006b3400000|100%| O|  |TAMS 0x00000006b3000000| PB 0x00000006b3000000| Untracked |  0
| 699|0x00000006b3400000, 0x00000006b3400000, 0x00000006b3800000|  0%| F|  |TAMS 0x00000006b3400000| PB 0x00000006b3400000| Untracked |  0
| 700|0x00000006b3800000, 0x00000006b3c00000, 0x00000006b3c00000|100%| O|  |TAMS 0x00000006b3800000| PB 0x00000006b3800000| Untracked |  0
| 701|0x00000006b3c00000, 0x00000006b3c00000, 0x00000006b4000000|  0%| F|  |TAMS 0x00000006b3c00000| PB 0x00000006b3c00000| Untracked |  0
| 702|0x00000006b4000000, 0x00000006b4000000, 0x00000006b4400000|  0%| F|  |TAMS 0x00000006b4000000| PB 0x00000006b4000000| Untracked |  0
| 703|0x00000006b4400000, 0x00000006b4400000, 0x00000006b4800000|  0%| F|  |TAMS 0x00000006b4400000| PB 0x00000006b4400000| Untracked |  0
| 704|0x00000006b4800000, 0x00000006b4c00000, 0x00000006b4c00000|100%| O|  |TAMS 0x00000006b4800000| PB 0x00000006b4800000| Untracked |  0
| 705|0x00000006b4c00000, 0x00000006b5000000, 0x00000006b5000000|100%| O|  |TAMS 0x00000006b4c00000| PB 0x00000006b4c00000| Untracked |  0
| 706|0x00000006b5000000, 0x00000006b5400000, 0x00000006b5400000|100%| O|  |TAMS 0x00000006b5000000| PB 0x00000006b5000000| Untracked |  0
| 707|0x00000006b5400000, 0x00000006b5800000, 0x00000006b5800000|100%| O|  |TAMS 0x00000006b5400000| PB 0x00000006b5400000| Untracked |  0
| 708|0x00000006b5800000, 0x00000006b5c00000, 0x00000006b5c00000|100%| O|  |TAMS 0x00000006b5800000| PB 0x00000006b5800000| Untracked |  0
| 709|0x00000006b5c00000, 0x00000006b6000000, 0x00000006b6000000|100%| O|  |TAMS 0x00000006b5c00000| PB 0x00000006b5c00000| Untracked |  0
| 710|0x00000006b6000000, 0x00000006b6400000, 0x00000006b6400000|100%| O|  |TAMS 0x00000006b6000000| PB 0x00000006b6000000| Untracked |  0
| 711|0x00000006b6400000, 0x00000006b6800000, 0x00000006b6800000|100%| O|  |TAMS 0x00000006b6400000| PB 0x00000006b6400000| Untracked |  0
| 712|0x00000006b6800000, 0x00000006b6c00000, 0x00000006b6c00000|100%| O|  |TAMS 0x00000006b6800000| PB 0x00000006b6800000| Untracked |  0
| 713|0x00000006b6c00000, 0x00000006b7000000, 0x00000006b7000000|100%| O|  |TAMS 0x00000006b6c00000| PB 0x00000006b6c00000| Untracked |  0
| 714|0x00000006b7000000, 0x00000006b7000000, 0x00000006b7400000|  0%| F|  |TAMS 0x00000006b7000000| PB 0x00000006b7000000| Untracked |  0
| 715|0x00000006b7400000, 0x00000006b7400000, 0x00000006b7800000|  0%| F|  |TAMS 0x00000006b7400000| PB 0x00000006b7400000| Untracked |  0
| 716|0x00000006b7800000, 0x00000006b7800000, 0x00000006b7c00000|  0%| F|  |TAMS 0x00000006b7800000| PB 0x00000006b7800000| Untracked |  0
| 717|0x00000006b7c00000, 0x00000006b8000000, 0x00000006b8000000|100%| O|  |TAMS 0x00000006b7c00000| PB 0x00000006b7c00000| Untracked |  0
| 718|0x00000006b8000000, 0x00000006b8000000, 0x00000006b8400000|  0%| F|  |TAMS 0x00000006b8000000| PB 0x00000006b8000000| Untracked |  0
| 719|0x00000006b8400000, 0x00000006b8400000, 0x00000006b8800000|  0%| F|  |TAMS 0x00000006b8400000| PB 0x00000006b8400000| Untracked |  0
| 720|0x00000006b8800000, 0x00000006b8800000, 0x00000006b8c00000|  0%| F|  |TAMS 0x00000006b8800000| PB 0x00000006b8800000| Untracked |  0
| 721|0x00000006b8c00000, 0x00000006b8c00000, 0x00000006b9000000|  0%| F|  |TAMS 0x00000006b8c00000| PB 0x00000006b8c00000| Untracked |  0
| 722|0x00000006b9000000, 0x00000006b9000000, 0x00000006b9400000|  0%| F|  |TAMS 0x00000006b9000000| PB 0x00000006b9000000| Untracked |  0
| 723|0x00000006b9400000, 0x00000006b9400000, 0x00000006b9800000|  0%| F|  |TAMS 0x00000006b9400000| PB 0x00000006b9400000| Untracked |  0
| 724|0x00000006b9800000, 0x00000006b9800000, 0x00000006b9c00000|  0%| F|  |TAMS 0x00000006b9800000| PB 0x00000006b9800000| Untracked |  0
| 725|0x00000006b9c00000, 0x00000006b9c00000, 0x00000006ba000000|  0%| F|  |TAMS 0x00000006b9c00000| PB 0x00000006b9c00000| Untracked |  0
| 726|0x00000006ba000000, 0x00000006ba000000, 0x00000006ba400000|  0%| F|  |TAMS 0x00000006ba000000| PB 0x00000006ba000000| Untracked |  0
| 727|0x00000006ba400000, 0x00000006ba400000, 0x00000006ba800000|  0%| F|  |TAMS 0x00000006ba400000| PB 0x00000006ba400000| Untracked |  0
| 728|0x00000006ba800000, 0x00000006ba800000, 0x00000006bac00000|  0%| F|  |TAMS 0x00000006ba800000| PB 0x00000006ba800000| Untracked |  0
| 729|0x00000006bac00000, 0x00000006bac00000, 0x00000006bb000000|  0%| F|  |TAMS 0x00000006bac00000| PB 0x00000006bac00000| Untracked |  0
| 730|0x00000006bb000000, 0x00000006bb000000, 0x00000006bb400000|  0%| F|  |TAMS 0x00000006bb000000| PB 0x00000006bb000000| Untracked |  0
| 731|0x00000006bb400000, 0x00000006bb400000, 0x00000006bb800000|  0%| F|  |TAMS 0x00000006bb400000| PB 0x00000006bb400000| Untracked |  0
| 732|0x00000006bb800000, 0x00000006bb800000, 0x00000006bbc00000|  0%| F|  |TAMS 0x00000006bb800000| PB 0x00000006bb800000| Untracked |  0
| 733|0x00000006bbc00000, 0x00000006bbc00000, 0x00000006bc000000|  0%| F|  |TAMS 0x00000006bbc00000| PB 0x00000006bbc00000| Untracked |  0
| 734|0x00000006bc000000, 0x00000006bc000000, 0x00000006bc400000|  0%| F|  |TAMS 0x00000006bc000000| PB 0x00000006bc000000| Untracked |  0
| 735|0x00000006bc400000, 0x00000006bc400000, 0x00000006bc800000|  0%| F|  |TAMS 0x00000006bc400000| PB 0x00000006bc400000| Untracked |  0
| 736|0x00000006bc800000, 0x00000006bc859660, 0x00000006bcc00000|  8%| S|CS|TAMS 0x00000006bc800000| PB 0x00000006bc800000| Complete |  0
| 737|0x00000006bcc00000, 0x00000006bd000000, 0x00000006bd000000|100%| S|CS|TAMS 0x00000006bcc00000| PB 0x00000006bcc00000| Complete |  0
| 738|0x00000006bd000000, 0x00000006bd400000, 0x00000006bd400000|100%| S|CS|TAMS 0x00000006bd000000| PB 0x00000006bd000000| Complete |  0
| 739|0x00000006bd400000, 0x00000006bd800000, 0x00000006bd800000|100%| S|CS|TAMS 0x00000006bd400000| PB 0x00000006bd400000| Complete |  0
| 740|0x00000006bd800000, 0x00000006bd800000, 0x00000006bdc00000|  0%| F|  |TAMS 0x00000006bd800000| PB 0x00000006bd800000| Untracked |  0
| 741|0x00000006bdc00000, 0x00000006bdc00000, 0x00000006be000000|  0%| F|  |TAMS 0x00000006bdc00000| PB 0x00000006bdc00000| Untracked |  0
| 742|0x00000006be000000, 0x00000006be000000, 0x00000006be400000|  0%| F|  |TAMS 0x00000006be000000| PB 0x00000006be000000| Untracked |  0
| 743|0x00000006be400000, 0x00000006be400000, 0x00000006be800000|  0%| F|  |TAMS 0x00000006be400000| PB 0x00000006be400000| Untracked |  0
| 744|0x00000006be800000, 0x00000006be800000, 0x00000006bec00000|  0%| F|  |TAMS 0x00000006be800000| PB 0x00000006be800000| Untracked |  0
| 745|0x00000006bec00000, 0x00000006bec00000, 0x00000006bf000000|  0%| F|  |TAMS 0x00000006bec00000| PB 0x00000006bec00000| Untracked |  0
| 746|0x00000006bf000000, 0x00000006bf000000, 0x00000006bf400000|  0%| F|  |TAMS 0x00000006bf000000| PB 0x00000006bf000000| Untracked |  0
| 747|0x00000006bf400000, 0x00000006bf400000, 0x00000006bf800000|  0%| F|  |TAMS 0x00000006bf400000| PB 0x00000006bf400000| Untracked |  0
| 748|0x00000006bf800000, 0x00000006bf800000, 0x00000006bfc00000|  0%| F|  |TAMS 0x00000006bf800000| PB 0x00000006bf800000| Untracked |  0
| 749|0x00000006bfc00000, 0x00000006bfc00000, 0x00000006c0000000|  0%| F|  |TAMS 0x00000006bfc00000| PB 0x00000006bfc00000| Untracked |  0
| 750|0x00000006c0000000, 0x00000006c0000000, 0x00000006c0400000|  0%| F|  |TAMS 0x00000006c0000000| PB 0x00000006c0000000| Untracked |  0
| 751|0x00000006c0400000, 0x00000006c0400000, 0x00000006c0800000|  0%| F|  |TAMS 0x00000006c0400000| PB 0x00000006c0400000| Untracked |  0
| 752|0x00000006c0800000, 0x00000006c0800000, 0x00000006c0c00000|  0%| F|  |TAMS 0x00000006c0800000| PB 0x00000006c0800000| Untracked |  0
| 753|0x00000006c0c00000, 0x00000006c0c00000, 0x00000006c1000000|  0%| F|  |TAMS 0x00000006c0c00000| PB 0x00000006c0c00000| Untracked |  0
| 754|0x00000006c1000000, 0x00000006c1000000, 0x00000006c1400000|  0%| F|  |TAMS 0x00000006c1000000| PB 0x00000006c1000000| Untracked |  0
| 755|0x00000006c1400000, 0x00000006c1400000, 0x00000006c1800000|  0%| F|  |TAMS 0x00000006c1400000| PB 0x00000006c1400000| Untracked |  0
| 756|0x00000006c1800000, 0x00000006c1800000, 0x00000006c1c00000|  0%| F|  |TAMS 0x00000006c1800000| PB 0x00000006c1800000| Untracked |  0
| 757|0x00000006c1c00000, 0x00000006c1c00000, 0x00000006c2000000|  0%| F|  |TAMS 0x00000006c1c00000| PB 0x00000006c1c00000| Untracked |  0
| 758|0x00000006c2000000, 0x00000006c2000000, 0x00000006c2400000|  0%| F|  |TAMS 0x00000006c2000000| PB 0x00000006c2000000| Untracked |  0
| 759|0x00000006c2400000, 0x00000006c2400000, 0x00000006c2800000|  0%| F|  |TAMS 0x00000006c2400000| PB 0x00000006c2400000| Untracked |  0
| 760|0x00000006c2800000, 0x00000006c2800000, 0x00000006c2c00000|  0%| F|  |TAMS 0x00000006c2800000| PB 0x00000006c2800000| Untracked |  0
| 761|0x00000006c2c00000, 0x00000006c2c00000, 0x00000006c3000000|  0%| F|  |TAMS 0x00000006c2c00000| PB 0x00000006c2c00000| Untracked |  0
| 762|0x00000006c3000000, 0x00000006c3000000, 0x00000006c3400000|  0%| F|  |TAMS 0x00000006c3000000| PB 0x00000006c3000000| Untracked |  0
| 763|0x00000006c3400000, 0x00000006c3400000, 0x00000006c3800000|  0%| F|  |TAMS 0x00000006c3400000| PB 0x00000006c3400000| Untracked |  0
| 764|0x00000006c3800000, 0x00000006c3800000, 0x00000006c3c00000|  0%| F|  |TAMS 0x00000006c3800000| PB 0x00000006c3800000| Untracked |  0
| 765|0x00000006c3c00000, 0x00000006c3c00000, 0x00000006c4000000|  0%| F|  |TAMS 0x00000006c3c00000| PB 0x00000006c3c00000| Untracked |  0
| 766|0x00000006c4000000, 0x00000006c4000000, 0x00000006c4400000|  0%| F|  |TAMS 0x00000006c4000000| PB 0x00000006c4000000| Untracked |  0
| 767|0x00000006c4400000, 0x00000006c4400000, 0x00000006c4800000|  0%| F|  |TAMS 0x00000006c4400000| PB 0x00000006c4400000| Untracked |  0
| 768|0x00000006c4800000, 0x00000006c4800000, 0x00000006c4c00000|  0%| F|  |TAMS 0x00000006c4800000| PB 0x00000006c4800000| Untracked |  0
| 769|0x00000006c4c00000, 0x00000006c4c00000, 0x00000006c5000000|  0%| F|  |TAMS 0x00000006c4c00000| PB 0x00000006c4c00000| Untracked |  0
| 770|0x00000006c5000000, 0x00000006c5000000, 0x00000006c5400000|  0%| F|  |TAMS 0x00000006c5000000| PB 0x00000006c5000000| Untracked |  0
| 771|0x00000006c5400000, 0x00000006c5400000, 0x00000006c5800000|  0%| F|  |TAMS 0x00000006c5400000| PB 0x00000006c5400000| Untracked |  0
| 772|0x00000006c5800000, 0x00000006c5800000, 0x00000006c5c00000|  0%| F|  |TAMS 0x00000006c5800000| PB 0x00000006c5800000| Untracked |  0
| 773|0x00000006c5c00000, 0x00000006c5c00000, 0x00000006c6000000|  0%| F|  |TAMS 0x00000006c5c00000| PB 0x00000006c5c00000| Untracked |  0
| 774|0x00000006c6000000, 0x00000006c6000000, 0x00000006c6400000|  0%| F|  |TAMS 0x00000006c6000000| PB 0x00000006c6000000| Untracked |  0
| 775|0x00000006c6400000, 0x00000006c6400000, 0x00000006c6800000|  0%| F|  |TAMS 0x00000006c6400000| PB 0x00000006c6400000| Untracked |  0
| 776|0x00000006c6800000, 0x00000006c6800000, 0x00000006c6c00000|  0%| F|  |TAMS 0x00000006c6800000| PB 0x00000006c6800000| Untracked |  0
| 777|0x00000006c6c00000, 0x00000006c6c00000, 0x00000006c7000000|  0%| F|  |TAMS 0x00000006c6c00000| PB 0x00000006c6c00000| Untracked |  0
| 778|0x00000006c7000000, 0x00000006c7000000, 0x00000006c7400000|  0%| F|  |TAMS 0x00000006c7000000| PB 0x00000006c7000000| Untracked |  0
| 779|0x00000006c7400000, 0x00000006c7400000, 0x00000006c7800000|  0%| F|  |TAMS 0x00000006c7400000| PB 0x00000006c7400000| Untracked |  0
| 780|0x00000006c7800000, 0x00000006c7800000, 0x00000006c7c00000|  0%| F|  |TAMS 0x00000006c7800000| PB 0x00000006c7800000| Untracked |  0
| 781|0x00000006c7c00000, 0x00000006c7c00000, 0x00000006c8000000|  0%| F|  |TAMS 0x00000006c7c00000| PB 0x00000006c7c00000| Untracked |  0
| 782|0x00000006c8000000, 0x00000006c8000000, 0x00000006c8400000|  0%| F|  |TAMS 0x00000006c8000000| PB 0x00000006c8000000| Untracked |  0
| 783|0x00000006c8400000, 0x00000006c8400000, 0x00000006c8800000|  0%| F|  |TAMS 0x00000006c8400000| PB 0x00000006c8400000| Untracked |  0
| 784|0x00000006c8800000, 0x00000006c8800000, 0x00000006c8c00000|  0%| F|  |TAMS 0x00000006c8800000| PB 0x00000006c8800000| Untracked |  0
| 785|0x00000006c8c00000, 0x00000006c8c00000, 0x00000006c9000000|  0%| F|  |TAMS 0x00000006c8c00000| PB 0x00000006c8c00000| Untracked |  0
| 786|0x00000006c9000000, 0x00000006c9000000, 0x00000006c9400000|  0%| F|  |TAMS 0x00000006c9000000| PB 0x00000006c9000000| Untracked |  0
| 787|0x00000006c9400000, 0x00000006c9400000, 0x00000006c9800000|  0%| F|  |TAMS 0x00000006c9400000| PB 0x00000006c9400000| Untracked |  0
| 788|0x00000006c9800000, 0x00000006c9800000, 0x00000006c9c00000|  0%| F|  |TAMS 0x00000006c9800000| PB 0x00000006c9800000| Untracked |  0
| 789|0x00000006c9c00000, 0x00000006c9c00000, 0x00000006ca000000|  0%| F|  |TAMS 0x00000006c9c00000| PB 0x00000006c9c00000| Untracked |  0
| 790|0x00000006ca000000, 0x00000006ca000000, 0x00000006ca400000|  0%| F|  |TAMS 0x00000006ca000000| PB 0x00000006ca000000| Untracked |  0
| 791|0x00000006ca400000, 0x00000006ca400000, 0x00000006ca800000|  0%| F|  |TAMS 0x00000006ca400000| PB 0x00000006ca400000| Untracked |  0
| 792|0x00000006ca800000, 0x00000006ca800000, 0x00000006cac00000|  0%| F|  |TAMS 0x00000006ca800000| PB 0x00000006ca800000| Untracked |  0
| 793|0x00000006cac00000, 0x00000006cac00000, 0x00000006cb000000|  0%| F|  |TAMS 0x00000006cac00000| PB 0x00000006cac00000| Untracked |  0
| 794|0x00000006cb000000, 0x00000006cb000000, 0x00000006cb400000|  0%| F|  |TAMS 0x00000006cb000000| PB 0x00000006cb000000| Untracked |  0
| 795|0x00000006cb400000, 0x00000006cb400000, 0x00000006cb800000|  0%| F|  |TAMS 0x00000006cb400000| PB 0x00000006cb400000| Untracked |  0
| 796|0x00000006cb800000, 0x00000006cb800000, 0x00000006cbc00000|  0%| F|  |TAMS 0x00000006cb800000| PB 0x00000006cb800000| Untracked |  0
| 797|0x00000006cbc00000, 0x00000006cbc00000, 0x00000006cc000000|  0%| F|  |TAMS 0x00000006cbc00000| PB 0x00000006cbc00000| Untracked |  0
| 798|0x00000006cc000000, 0x00000006cc000000, 0x00000006cc400000|  0%| F|  |TAMS 0x00000006cc000000| PB 0x00000006cc000000| Untracked |  0
| 799|0x00000006cc400000, 0x00000006cc400000, 0x00000006cc800000|  0%| F|  |TAMS 0x00000006cc400000| PB 0x00000006cc400000| Untracked |  0
| 800|0x00000006cc800000, 0x00000006cc800000, 0x00000006ccc00000|  0%| F|  |TAMS 0x00000006cc800000| PB 0x00000006cc800000| Untracked |  0
| 801|0x00000006ccc00000, 0x00000006ccc00000, 0x00000006cd000000|  0%| F|  |TAMS 0x00000006ccc00000| PB 0x00000006ccc00000| Untracked |  0
| 802|0x00000006cd000000, 0x00000006cd000000, 0x00000006cd400000|  0%| F|  |TAMS 0x00000006cd000000| PB 0x00000006cd000000| Untracked |  0
| 803|0x00000006cd400000, 0x00000006cd400000, 0x00000006cd800000|  0%| F|  |TAMS 0x00000006cd400000| PB 0x00000006cd400000| Untracked |  0
| 804|0x00000006cd800000, 0x00000006cd800000, 0x00000006cdc00000|  0%| F|  |TAMS 0x00000006cd800000| PB 0x00000006cd800000| Untracked |  0
| 805|0x00000006cdc00000, 0x00000006cdc00000, 0x00000006ce000000|  0%| F|  |TAMS 0x00000006cdc00000| PB 0x00000006cdc00000| Untracked |  0
| 806|0x00000006ce000000, 0x00000006ce000000, 0x00000006ce400000|  0%| F|  |TAMS 0x00000006ce000000| PB 0x00000006ce000000| Untracked |  0
| 807|0x00000006ce400000, 0x00000006ce400000, 0x00000006ce800000|  0%| F|  |TAMS 0x00000006ce400000| PB 0x00000006ce400000| Untracked |  0
| 808|0x00000006ce800000, 0x00000006ce800000, 0x00000006cec00000|  0%| F|  |TAMS 0x00000006ce800000| PB 0x00000006ce800000| Untracked |  0
| 809|0x00000006cec00000, 0x00000006cec00000, 0x00000006cf000000|  0%| F|  |TAMS 0x00000006cec00000| PB 0x00000006cec00000| Untracked |  0
| 810|0x00000006cf000000, 0x00000006cf000000, 0x00000006cf400000|  0%| F|  |TAMS 0x00000006cf000000| PB 0x00000006cf000000| Untracked |  0
| 811|0x00000006cf400000, 0x00000006cf400000, 0x00000006cf800000|  0%| F|  |TAMS 0x00000006cf400000| PB 0x00000006cf400000| Untracked |  0
| 812|0x00000006cf800000, 0x00000006cf800000, 0x00000006cfc00000|  0%| F|  |TAMS 0x00000006cf800000| PB 0x00000006cf800000| Untracked |  0
| 813|0x00000006cfc00000, 0x00000006cfc00000, 0x00000006d0000000|  0%| F|  |TAMS 0x00000006cfc00000| PB 0x00000006cfc00000| Untracked |  0
| 814|0x00000006d0000000, 0x00000006d0000000, 0x00000006d0400000|  0%| F|  |TAMS 0x00000006d0000000| PB 0x00000006d0000000| Untracked |  0
| 815|0x00000006d0400000, 0x00000006d0400000, 0x00000006d0800000|  0%| F|  |TAMS 0x00000006d0400000| PB 0x00000006d0400000| Untracked |  0
| 816|0x00000006d0800000, 0x00000006d0800000, 0x00000006d0c00000|  0%| F|  |TAMS 0x00000006d0800000| PB 0x00000006d0800000| Untracked |  0
| 817|0x00000006d0c00000, 0x00000006d0c00000, 0x00000006d1000000|  0%| F|  |TAMS 0x00000006d0c00000| PB 0x00000006d0c00000| Untracked |  0
| 818|0x00000006d1000000, 0x00000006d1000000, 0x00000006d1400000|  0%| F|  |TAMS 0x00000006d1000000| PB 0x00000006d1000000| Untracked |  0
| 819|0x00000006d1400000, 0x00000006d1400000, 0x00000006d1800000|  0%| F|  |TAMS 0x00000006d1400000| PB 0x00000006d1400000| Untracked |  0
| 820|0x00000006d1800000, 0x00000006d1800000, 0x00000006d1c00000|  0%| F|  |TAMS 0x00000006d1800000| PB 0x00000006d1800000| Untracked |  0
| 821|0x00000006d1c00000, 0x00000006d1c00000, 0x00000006d2000000|  0%| F|  |TAMS 0x00000006d1c00000| PB 0x00000006d1c00000| Untracked |  0
| 822|0x00000006d2000000, 0x00000006d2000000, 0x00000006d2400000|  0%| F|  |TAMS 0x00000006d2000000| PB 0x00000006d2000000| Untracked |  0
| 823|0x00000006d2400000, 0x00000006d2400000, 0x00000006d2800000|  0%| F|  |TAMS 0x00000006d2400000| PB 0x00000006d2400000| Untracked |  0
| 824|0x00000006d2800000, 0x00000006d2800000, 0x00000006d2c00000|  0%| F|  |TAMS 0x00000006d2800000| PB 0x00000006d2800000| Untracked |  0
| 825|0x00000006d2c00000, 0x00000006d2c00000, 0x00000006d3000000|  0%| F|  |TAMS 0x00000006d2c00000| PB 0x00000006d2c00000| Untracked |  0
| 826|0x00000006d3000000, 0x00000006d3000000, 0x00000006d3400000|  0%| F|  |TAMS 0x00000006d3000000| PB 0x00000006d3000000| Untracked |  0
| 827|0x00000006d3400000, 0x00000006d3400000, 0x00000006d3800000|  0%| F|  |TAMS 0x00000006d3400000| PB 0x00000006d3400000| Untracked |  0
| 828|0x00000006d3800000, 0x00000006d3800000, 0x00000006d3c00000|  0%| F|  |TAMS 0x00000006d3800000| PB 0x00000006d3800000| Untracked |  0
| 829|0x00000006d3c00000, 0x00000006d3c00000, 0x00000006d4000000|  0%| F|  |TAMS 0x00000006d3c00000| PB 0x00000006d3c00000| Untracked |  0
| 830|0x00000006d4000000, 0x00000006d4000000, 0x00000006d4400000|  0%| F|  |TAMS 0x00000006d4000000| PB 0x00000006d4000000| Untracked |  0
| 831|0x00000006d4400000, 0x00000006d4400000, 0x00000006d4800000|  0%| F|  |TAMS 0x00000006d4400000| PB 0x00000006d4400000| Untracked |  0
| 832|0x00000006d4800000, 0x00000006d4800000, 0x00000006d4c00000|  0%| F|  |TAMS 0x00000006d4800000| PB 0x00000006d4800000| Untracked |  0
| 833|0x00000006d4c00000, 0x00000006d4c00000, 0x00000006d5000000|  0%| F|  |TAMS 0x00000006d4c00000| PB 0x00000006d4c00000| Untracked |  0
| 834|0x00000006d5000000, 0x00000006d5000000, 0x00000006d5400000|  0%| F|  |TAMS 0x00000006d5000000| PB 0x00000006d5000000| Untracked |  0
| 835|0x00000006d5400000, 0x00000006d5400000, 0x00000006d5800000|  0%| F|  |TAMS 0x00000006d5400000| PB 0x00000006d5400000| Untracked |  0
| 836|0x00000006d5800000, 0x00000006d5800000, 0x00000006d5c00000|  0%| F|  |TAMS 0x00000006d5800000| PB 0x00000006d5800000| Untracked |  0
| 837|0x00000006d5c00000, 0x00000006d5c00000, 0x00000006d6000000|  0%| F|  |TAMS 0x00000006d5c00000| PB 0x00000006d5c00000| Untracked |  0
| 838|0x00000006d6000000, 0x00000006d6000000, 0x00000006d6400000|  0%| F|  |TAMS 0x00000006d6000000| PB 0x00000006d6000000| Untracked |  0
| 839|0x00000006d6400000, 0x00000006d6400000, 0x00000006d6800000|  0%| F|  |TAMS 0x00000006d6400000| PB 0x00000006d6400000| Untracked |  0
| 840|0x00000006d6800000, 0x00000006d6800000, 0x00000006d6c00000|  0%| F|  |TAMS 0x00000006d6800000| PB 0x00000006d6800000| Untracked |  0
| 841|0x00000006d6c00000, 0x00000006d6c00000, 0x00000006d7000000|  0%| F|  |TAMS 0x00000006d6c00000| PB 0x00000006d6c00000| Untracked |  0
| 842|0x00000006d7000000, 0x00000006d7000000, 0x00000006d7400000|  0%| F|  |TAMS 0x00000006d7000000| PB 0x00000006d7000000| Untracked |  0
| 843|0x00000006d7400000, 0x00000006d7400000, 0x00000006d7800000|  0%| F|  |TAMS 0x00000006d7400000| PB 0x00000006d7400000| Untracked |  0
| 844|0x00000006d7800000, 0x00000006d7800000, 0x00000006d7c00000|  0%| F|  |TAMS 0x00000006d7800000| PB 0x00000006d7800000| Untracked |  0
| 845|0x00000006d7c00000, 0x00000006d7c00000, 0x00000006d8000000|  0%| F|  |TAMS 0x00000006d7c00000| PB 0x00000006d7c00000| Untracked |  0
| 846|0x00000006d8000000, 0x00000006d8000000, 0x00000006d8400000|  0%| F|  |TAMS 0x00000006d8000000| PB 0x00000006d8000000| Untracked |  0
| 847|0x00000006d8400000, 0x00000006d8400000, 0x00000006d8800000|  0%| F|  |TAMS 0x00000006d8400000| PB 0x00000006d8400000| Untracked |  0
| 848|0x00000006d8800000, 0x00000006d8800000, 0x00000006d8c00000|  0%| F|  |TAMS 0x00000006d8800000| PB 0x00000006d8800000| Untracked |  0
| 849|0x00000006d8c00000, 0x00000006d8c00000, 0x00000006d9000000|  0%| F|  |TAMS 0x00000006d8c00000| PB 0x00000006d8c00000| Untracked |  0
| 850|0x00000006d9000000, 0x00000006d9000000, 0x00000006d9400000|  0%| F|  |TAMS 0x00000006d9000000| PB 0x00000006d9000000| Untracked |  0
| 851|0x00000006d9400000, 0x00000006d9400000, 0x00000006d9800000|  0%| F|  |TAMS 0x00000006d9400000| PB 0x00000006d9400000| Untracked |  0
| 852|0x00000006d9800000, 0x00000006d9800000, 0x00000006d9c00000|  0%| F|  |TAMS 0x00000006d9800000| PB 0x00000006d9800000| Untracked |  0
| 853|0x00000006d9c00000, 0x00000006d9c00000, 0x00000006da000000|  0%| F|  |TAMS 0x00000006d9c00000| PB 0x00000006d9c00000| Untracked |  0
| 854|0x00000006da000000, 0x00000006da000000, 0x00000006da400000|  0%| F|  |TAMS 0x00000006da000000| PB 0x00000006da000000| Untracked |  0
| 855|0x00000006da400000, 0x00000006da659618, 0x00000006da800000| 58%| E|  |TAMS 0x00000006da400000| PB 0x00000006da400000| Complete |  0
| 856|0x00000006da800000, 0x00000006dac00000, 0x00000006dac00000|100%| E|CS|TAMS 0x00000006da800000| PB 0x00000006da800000| Complete |  0
| 857|0x00000006dac00000, 0x00000006db000000, 0x00000006db000000|100%| E|CS|TAMS 0x00000006dac00000| PB 0x00000006dac00000| Complete |  0
| 858|0x00000006db000000, 0x00000006db400000, 0x00000006db400000|100%| E|CS|TAMS 0x00000006db000000| PB 0x00000006db000000| Complete |  0
| 859|0x00000006db400000, 0x00000006db800000, 0x00000006db800000|100%| E|CS|TAMS 0x00000006db400000| PB 0x00000006db400000| Complete |  0
| 860|0x00000006db800000, 0x00000006dbc00000, 0x00000006dbc00000|100%| E|CS|TAMS 0x00000006db800000| PB 0x00000006db800000| Complete |  0
| 861|0x00000006dbc00000, 0x00000006dc000000, 0x00000006dc000000|100%| E|CS|TAMS 0x00000006dbc00000| PB 0x00000006dbc00000| Complete |  0
| 862|0x00000006dc000000, 0x00000006dc400000, 0x00000006dc400000|100%| E|CS|TAMS 0x00000006dc000000| PB 0x00000006dc000000| Complete |  0
| 863|0x00000006dc400000, 0x00000006dc800000, 0x00000006dc800000|100%| E|CS|TAMS 0x00000006dc400000| PB 0x00000006dc400000| Complete |  0
| 864|0x00000006dc800000, 0x00000006dcc00000, 0x00000006dcc00000|100%| E|CS|TAMS 0x00000006dc800000| PB 0x00000006dc800000| Complete |  0
| 865|0x00000006dcc00000, 0x00000006dd000000, 0x00000006dd000000|100%| E|CS|TAMS 0x00000006dcc00000| PB 0x00000006dcc00000| Complete |  0
| 866|0x00000006dd000000, 0x00000006dd400000, 0x00000006dd400000|100%| E|CS|TAMS 0x00000006dd000000| PB 0x00000006dd000000| Complete |  0
| 867|0x00000006dd400000, 0x00000006dd800000, 0x00000006dd800000|100%| E|CS|TAMS 0x00000006dd400000| PB 0x00000006dd400000| Complete |  0
| 868|0x00000006dd800000, 0x00000006ddc00000, 0x00000006ddc00000|100%| E|CS|TAMS 0x00000006dd800000| PB 0x00000006dd800000| Complete |  0
| 869|0x00000006ddc00000, 0x00000006de000000, 0x00000006de000000|100%| E|CS|TAMS 0x00000006ddc00000| PB 0x00000006ddc00000| Complete |  0
| 870|0x00000006de000000, 0x00000006de400000, 0x00000006de400000|100%| E|CS|TAMS 0x00000006de000000| PB 0x00000006de000000| Complete |  0
| 871|0x00000006de400000, 0x00000006de800000, 0x00000006de800000|100%| E|CS|TAMS 0x00000006de400000| PB 0x00000006de400000| Complete |  0
| 872|0x00000006de800000, 0x00000006dec00000, 0x00000006dec00000|100%| E|CS|TAMS 0x00000006de800000| PB 0x00000006de800000| Complete |  0
| 873|0x00000006dec00000, 0x00000006df000000, 0x00000006df000000|100%| E|CS|TAMS 0x00000006dec00000| PB 0x00000006dec00000| Complete |  0
| 874|0x00000006df000000, 0x00000006df400000, 0x00000006df400000|100%| E|CS|TAMS 0x00000006df000000| PB 0x00000006df000000| Complete |  0
| 875|0x00000006df400000, 0x00000006df800000, 0x00000006df800000|100%| E|CS|TAMS 0x00000006df400000| PB 0x00000006df400000| Complete |  0
| 876|0x00000006df800000, 0x00000006dfc00000, 0x00000006dfc00000|100%| E|CS|TAMS 0x00000006df800000| PB 0x00000006df800000| Complete |  0
| 877|0x00000006dfc00000, 0x00000006e0000000, 0x00000006e0000000|100%| E|CS|TAMS 0x00000006dfc00000| PB 0x00000006dfc00000| Complete |  0
| 878|0x00000006e0000000, 0x00000006e0400000, 0x00000006e0400000|100%| E|CS|TAMS 0x00000006e0000000| PB 0x00000006e0000000| Complete |  0
| 879|0x00000006e0400000, 0x00000006e0800000, 0x00000006e0800000|100%| E|CS|TAMS 0x00000006e0400000| PB 0x00000006e0400000| Complete |  0
| 880|0x00000006e0800000, 0x00000006e0c00000, 0x00000006e0c00000|100%| E|CS|TAMS 0x00000006e0800000| PB 0x00000006e0800000| Complete |  0
| 881|0x00000006e0c00000, 0x00000006e1000000, 0x00000006e1000000|100%| E|CS|TAMS 0x00000006e0c00000| PB 0x00000006e0c00000| Complete |  0
| 882|0x00000006e1000000, 0x00000006e1400000, 0x00000006e1400000|100%| E|CS|TAMS 0x00000006e1000000| PB 0x00000006e1000000| Complete |  0
| 883|0x00000006e1400000, 0x00000006e1800000, 0x00000006e1800000|100%| E|CS|TAMS 0x00000006e1400000| PB 0x00000006e1400000| Complete |  0
| 884|0x00000006e1800000, 0x00000006e1c00000, 0x00000006e1c00000|100%| E|CS|TAMS 0x00000006e1800000| PB 0x00000006e1800000| Complete |  0
| 885|0x00000006e1c00000, 0x00000006e2000000, 0x00000006e2000000|100%| E|CS|TAMS 0x00000006e1c00000| PB 0x00000006e1c00000| Complete |  0
| 886|0x00000006e2000000, 0x00000006e2400000, 0x00000006e2400000|100%| E|CS|TAMS 0x00000006e2000000| PB 0x00000006e2000000| Complete |  0
| 887|0x00000006e2400000, 0x00000006e2800000, 0x00000006e2800000|100%| E|CS|TAMS 0x00000006e2400000| PB 0x00000006e2400000| Complete |  0
| 888|0x00000006e2800000, 0x00000006e2c00000, 0x00000006e2c00000|100%| E|CS|TAMS 0x00000006e2800000| PB 0x00000006e2800000| Complete |  0
| 889|0x00000006e2c00000, 0x00000006e3000000, 0x00000006e3000000|100%| E|CS|TAMS 0x00000006e2c00000| PB 0x00000006e2c00000| Complete |  0
| 890|0x00000006e3000000, 0x00000006e3400000, 0x00000006e3400000|100%| E|CS|TAMS 0x00000006e3000000| PB 0x00000006e3000000| Complete |  0
| 891|0x00000006e3400000, 0x00000006e3800000, 0x00000006e3800000|100%| E|CS|TAMS 0x00000006e3400000| PB 0x00000006e3400000| Complete |  0
| 892|0x00000006e3800000, 0x00000006e3c00000, 0x00000006e3c00000|100%| E|CS|TAMS 0x00000006e3800000| PB 0x00000006e3800000| Complete |  0
| 893|0x00000006e3c00000, 0x00000006e4000000, 0x00000006e4000000|100%| E|CS|TAMS 0x00000006e3c00000| PB 0x00000006e3c00000| Complete |  0
| 894|0x00000006e4000000, 0x00000006e4400000, 0x00000006e4400000|100%| E|CS|TAMS 0x00000006e4000000| PB 0x00000006e4000000| Complete |  0
| 895|0x00000006e4400000, 0x00000006e4800000, 0x00000006e4800000|100%| E|CS|TAMS 0x00000006e4400000| PB 0x00000006e4400000| Complete |  0
| 896|0x00000006e4800000, 0x00000006e4c00000, 0x00000006e4c00000|100%| E|CS|TAMS 0x00000006e4800000| PB 0x00000006e4800000| Complete |  0
| 897|0x00000006e4c00000, 0x00000006e5000000, 0x00000006e5000000|100%| E|CS|TAMS 0x00000006e4c00000| PB 0x00000006e4c00000| Complete |  0
| 898|0x00000006e5000000, 0x00000006e5400000, 0x00000006e5400000|100%| E|CS|TAMS 0x00000006e5000000| PB 0x00000006e5000000| Complete |  0
| 899|0x00000006e5400000, 0x00000006e5800000, 0x00000006e5800000|100%| E|CS|TAMS 0x00000006e5400000| PB 0x00000006e5400000| Complete |  0
| 900|0x00000006e5800000, 0x00000006e5c00000, 0x00000006e5c00000|100%| E|CS|TAMS 0x00000006e5800000| PB 0x00000006e5800000| Complete |  0
| 901|0x00000006e5c00000, 0x00000006e6000000, 0x00000006e6000000|100%| E|CS|TAMS 0x00000006e5c00000| PB 0x00000006e5c00000| Complete |  0
| 902|0x00000006e6000000, 0x00000006e6400000, 0x00000006e6400000|100%| E|CS|TAMS 0x00000006e6000000| PB 0x00000006e6000000| Complete |  0
| 903|0x00000006e6400000, 0x00000006e6800000, 0x00000006e6800000|100%| E|CS|TAMS 0x00000006e6400000| PB 0x00000006e6400000| Complete |  0
| 904|0x00000006e6800000, 0x00000006e6c00000, 0x00000006e6c00000|100%| E|CS|TAMS 0x00000006e6800000| PB 0x00000006e6800000| Complete |  0
| 905|0x00000006e6c00000, 0x00000006e7000000, 0x00000006e7000000|100%| E|CS|TAMS 0x00000006e6c00000| PB 0x00000006e6c00000| Complete |  0
| 906|0x00000006e7000000, 0x00000006e7400000, 0x00000006e7400000|100%| E|CS|TAMS 0x00000006e7000000| PB 0x00000006e7000000| Complete |  0
| 907|0x00000006e7400000, 0x00000006e7800000, 0x00000006e7800000|100%| E|CS|TAMS 0x00000006e7400000| PB 0x00000006e7400000| Complete |  0
| 908|0x00000006e7800000, 0x00000006e7c00000, 0x00000006e7c00000|100%| E|CS|TAMS 0x00000006e7800000| PB 0x00000006e7800000| Complete |  0
| 909|0x00000006e7c00000, 0x00000006e8000000, 0x00000006e8000000|100%| E|CS|TAMS 0x00000006e7c00000| PB 0x00000006e7c00000| Complete |  0
| 910|0x00000006e8000000, 0x00000006e8400000, 0x00000006e8400000|100%| E|CS|TAMS 0x00000006e8000000| PB 0x00000006e8000000| Complete |  0
| 911|0x00000006e8400000, 0x00000006e8800000, 0x00000006e8800000|100%| E|CS|TAMS 0x00000006e8400000| PB 0x00000006e8400000| Complete |  0
| 912|0x00000006e8800000, 0x00000006e8c00000, 0x00000006e8c00000|100%| E|CS|TAMS 0x00000006e8800000| PB 0x00000006e8800000| Complete |  0
| 913|0x00000006e8c00000, 0x00000006e9000000, 0x00000006e9000000|100%| E|CS|TAMS 0x00000006e8c00000| PB 0x00000006e8c00000| Complete |  0
| 914|0x00000006e9000000, 0x00000006e9400000, 0x00000006e9400000|100%| E|CS|TAMS 0x00000006e9000000| PB 0x00000006e9000000| Complete |  0
| 915|0x00000006e9400000, 0x00000006e9800000, 0x00000006e9800000|100%| E|CS|TAMS 0x00000006e9400000| PB 0x00000006e9400000| Complete |  0
| 916|0x00000006e9800000, 0x00000006e9c00000, 0x00000006e9c00000|100%| E|CS|TAMS 0x00000006e9800000| PB 0x00000006e9800000| Complete |  0
| 917|0x00000006e9c00000, 0x00000006ea000000, 0x00000006ea000000|100%| E|CS|TAMS 0x00000006e9c00000| PB 0x00000006e9c00000| Complete |  0
| 918|0x00000006ea000000, 0x00000006ea400000, 0x00000006ea400000|100%| E|CS|TAMS 0x00000006ea000000| PB 0x00000006ea000000| Complete |  0
| 919|0x00000006ea400000, 0x00000006ea800000, 0x00000006ea800000|100%| E|CS|TAMS 0x00000006ea400000| PB 0x00000006ea400000| Complete |  0
| 920|0x00000006ea800000, 0x00000006eac00000, 0x00000006eac00000|100%| E|CS|TAMS 0x00000006ea800000| PB 0x00000006ea800000| Complete |  0
| 921|0x00000006eac00000, 0x00000006eb000000, 0x00000006eb000000|100%| E|CS|TAMS 0x00000006eac00000| PB 0x00000006eac00000| Complete |  0
| 922|0x00000006eb000000, 0x00000006eb400000, 0x00000006eb400000|100%| E|CS|TAMS 0x00000006eb000000| PB 0x00000006eb000000| Complete |  0
| 923|0x00000006eb400000, 0x00000006eb800000, 0x00000006eb800000|100%| E|CS|TAMS 0x00000006eb400000| PB 0x00000006eb400000| Complete |  0
| 924|0x00000006eb800000, 0x00000006ebc00000, 0x00000006ebc00000|100%| E|CS|TAMS 0x00000006eb800000| PB 0x00000006eb800000| Complete |  0
| 925|0x00000006ebc00000, 0x00000006ec000000, 0x00000006ec000000|100%| E|CS|TAMS 0x00000006ebc00000| PB 0x00000006ebc00000| Complete |  0
| 926|0x00000006ec000000, 0x00000006ec400000, 0x00000006ec400000|100%| E|CS|TAMS 0x00000006ec000000| PB 0x00000006ec000000| Complete |  0
| 927|0x00000006ec400000, 0x00000006ec800000, 0x00000006ec800000|100%| E|CS|TAMS 0x00000006ec400000| PB 0x00000006ec400000| Complete |  0
| 928|0x00000006ec800000, 0x00000006ecc00000, 0x00000006ecc00000|100%| E|CS|TAMS 0x00000006ec800000| PB 0x00000006ec800000| Complete |  0
| 929|0x00000006ecc00000, 0x00000006ed000000, 0x00000006ed000000|100%| E|CS|TAMS 0x00000006ecc00000| PB 0x00000006ecc00000| Complete |  0
| 930|0x00000006ed000000, 0x00000006ed400000, 0x00000006ed400000|100%| E|CS|TAMS 0x00000006ed000000| PB 0x00000006ed000000| Complete |  0
| 931|0x00000006ed400000, 0x00000006ed800000, 0x00000006ed800000|100%| E|CS|TAMS 0x00000006ed400000| PB 0x00000006ed400000| Complete |  0
| 932|0x00000006ed800000, 0x00000006edc00000, 0x00000006edc00000|100%| E|CS|TAMS 0x00000006ed800000| PB 0x00000006ed800000| Complete |  0
| 933|0x00000006edc00000, 0x00000006ee000000, 0x00000006ee000000|100%| E|CS|TAMS 0x00000006edc00000| PB 0x00000006edc00000| Complete |  0
| 934|0x00000006ee000000, 0x00000006ee400000, 0x00000006ee400000|100%| E|CS|TAMS 0x00000006ee000000| PB 0x00000006ee000000| Complete |  0
| 935|0x00000006ee400000, 0x00000006ee800000, 0x00000006ee800000|100%| E|CS|TAMS 0x00000006ee400000| PB 0x00000006ee400000| Complete |  0
| 936|0x00000006ee800000, 0x00000006eec00000, 0x00000006eec00000|100%| E|CS|TAMS 0x00000006ee800000| PB 0x00000006ee800000| Complete |  0
| 937|0x00000006eec00000, 0x00000006ef000000, 0x00000006ef000000|100%| E|CS|TAMS 0x00000006eec00000| PB 0x00000006eec00000| Complete |  0
| 938|0x00000006ef000000, 0x00000006ef400000, 0x00000006ef400000|100%| E|CS|TAMS 0x00000006ef000000| PB 0x00000006ef000000| Complete |  0
| 939|0x00000006ef400000, 0x00000006ef800000, 0x00000006ef800000|100%| E|CS|TAMS 0x00000006ef400000| PB 0x00000006ef400000| Complete |  0
| 940|0x00000006ef800000, 0x00000006efc00000, 0x00000006efc00000|100%| E|CS|TAMS 0x00000006ef800000| PB 0x00000006ef800000| Complete |  0
| 941|0x00000006efc00000, 0x00000006f0000000, 0x00000006f0000000|100%| E|CS|TAMS 0x00000006efc00000| PB 0x00000006efc00000| Complete |  0
| 942|0x00000006f0000000, 0x00000006f0400000, 0x00000006f0400000|100%| E|CS|TAMS 0x00000006f0000000| PB 0x00000006f0000000| Complete |  0
| 943|0x00000006f0400000, 0x00000006f0800000, 0x00000006f0800000|100%| E|CS|TAMS 0x00000006f0400000| PB 0x00000006f0400000| Complete |  0
| 944|0x00000006f0800000, 0x00000006f0c00000, 0x00000006f0c00000|100%| E|CS|TAMS 0x00000006f0800000| PB 0x00000006f0800000| Complete |  0
| 945|0x00000006f0c00000, 0x00000006f1000000, 0x00000006f1000000|100%| E|CS|TAMS 0x00000006f0c00000| PB 0x00000006f0c00000| Complete |  0
| 946|0x00000006f1000000, 0x00000006f1400000, 0x00000006f1400000|100%| E|CS|TAMS 0x00000006f1000000| PB 0x00000006f1000000| Complete |  0
| 947|0x00000006f1400000, 0x00000006f1800000, 0x00000006f1800000|100%| E|CS|TAMS 0x00000006f1400000| PB 0x00000006f1400000| Complete |  0
| 948|0x00000006f1800000, 0x00000006f1c00000, 0x00000006f1c00000|100%| E|CS|TAMS 0x00000006f1800000| PB 0x00000006f1800000| Complete |  0
| 949|0x00000006f1c00000, 0x00000006f2000000, 0x00000006f2000000|100%| E|CS|TAMS 0x00000006f1c00000| PB 0x00000006f1c00000| Complete |  0
| 950|0x00000006f2000000, 0x00000006f2400000, 0x00000006f2400000|100%| E|CS|TAMS 0x00000006f2000000| PB 0x00000006f2000000| Complete |  0
| 951|0x00000006f2400000, 0x00000006f2800000, 0x00000006f2800000|100%| E|CS|TAMS 0x00000006f2400000| PB 0x00000006f2400000| Complete |  0
| 952|0x00000006f2800000, 0x00000006f2c00000, 0x00000006f2c00000|100%| E|CS|TAMS 0x00000006f2800000| PB 0x00000006f2800000| Complete |  0
| 953|0x00000006f2c00000, 0x00000006f3000000, 0x00000006f3000000|100%| E|CS|TAMS 0x00000006f2c00000| PB 0x00000006f2c00000| Complete |  0
| 954|0x00000006f3000000, 0x00000006f3400000, 0x00000006f3400000|100%| E|CS|TAMS 0x00000006f3000000| PB 0x00000006f3000000| Complete |  0
| 955|0x00000006f3400000, 0x00000006f3800000, 0x00000006f3800000|100%| E|CS|TAMS 0x00000006f3400000| PB 0x00000006f3400000| Complete |  0
| 956|0x00000006f3800000, 0x00000006f3c00000, 0x00000006f3c00000|100%| E|CS|TAMS 0x00000006f3800000| PB 0x00000006f3800000| Complete |  0
| 957|0x00000006f3c00000, 0x00000006f4000000, 0x00000006f4000000|100%| E|CS|TAMS 0x00000006f3c00000| PB 0x00000006f3c00000| Complete |  0
| 958|0x00000006f4000000, 0x00000006f4400000, 0x00000006f4400000|100%| E|CS|TAMS 0x00000006f4000000| PB 0x00000006f4000000| Complete |  0
| 959|0x00000006f4400000, 0x00000006f4800000, 0x00000006f4800000|100%| E|CS|TAMS 0x00000006f4400000| PB 0x00000006f4400000| Complete |  0
| 960|0x00000006f4800000, 0x00000006f4c00000, 0x00000006f4c00000|100%| E|CS|TAMS 0x00000006f4800000| PB 0x00000006f4800000| Complete |  0
| 961|0x00000006f4c00000, 0x00000006f5000000, 0x00000006f5000000|100%| E|CS|TAMS 0x00000006f4c00000| PB 0x00000006f4c00000| Complete |  0
| 962|0x00000006f5000000, 0x00000006f5400000, 0x00000006f5400000|100%| E|CS|TAMS 0x00000006f5000000| PB 0x00000006f5000000| Complete |  0
| 963|0x00000006f5400000, 0x00000006f5800000, 0x00000006f5800000|100%| E|CS|TAMS 0x00000006f5400000| PB 0x00000006f5400000| Complete |  0
| 964|0x00000006f5800000, 0x00000006f5c00000, 0x00000006f5c00000|100%| E|CS|TAMS 0x00000006f5800000| PB 0x00000006f5800000| Complete |  0
| 965|0x00000006f5c00000, 0x00000006f6000000, 0x00000006f6000000|100%| E|CS|TAMS 0x00000006f5c00000| PB 0x00000006f5c00000| Complete |  0
| 966|0x00000006f6000000, 0x00000006f6400000, 0x00000006f6400000|100%| E|CS|TAMS 0x00000006f6000000| PB 0x00000006f6000000| Complete |  0
| 967|0x00000006f6400000, 0x00000006f6800000, 0x00000006f6800000|100%| E|CS|TAMS 0x00000006f6400000| PB 0x00000006f6400000| Complete |  0
| 968|0x00000006f6800000, 0x00000006f6c00000, 0x00000006f6c00000|100%| E|CS|TAMS 0x00000006f6800000| PB 0x00000006f6800000| Complete |  0
| 969|0x00000006f6c00000, 0x00000006f7000000, 0x00000006f7000000|100%| E|CS|TAMS 0x00000006f6c00000| PB 0x00000006f6c00000| Complete |  0
| 970|0x00000006f7000000, 0x00000006f7400000, 0x00000006f7400000|100%| E|CS|TAMS 0x00000006f7000000| PB 0x00000006f7000000| Complete |  0
| 971|0x00000006f7400000, 0x00000006f7800000, 0x00000006f7800000|100%| E|CS|TAMS 0x00000006f7400000| PB 0x00000006f7400000| Complete |  0
| 972|0x00000006f7800000, 0x00000006f7c00000, 0x00000006f7c00000|100%| E|CS|TAMS 0x00000006f7800000| PB 0x00000006f7800000| Complete |  0
| 973|0x00000006f7c00000, 0x00000006f8000000, 0x00000006f8000000|100%| E|CS|TAMS 0x00000006f7c00000| PB 0x00000006f7c00000| Complete |  0
| 974|0x00000006f8000000, 0x00000006f8400000, 0x00000006f8400000|100%| E|CS|TAMS 0x00000006f8000000| PB 0x00000006f8000000| Complete |  0
| 975|0x00000006f8400000, 0x00000006f8800000, 0x00000006f8800000|100%| E|CS|TAMS 0x00000006f8400000| PB 0x00000006f8400000| Complete |  0
| 976|0x00000006f8800000, 0x00000006f8c00000, 0x00000006f8c00000|100%| E|CS|TAMS 0x00000006f8800000| PB 0x00000006f8800000| Complete |  0
| 977|0x00000006f8c00000, 0x00000006f9000000, 0x00000006f9000000|100%| E|CS|TAMS 0x00000006f8c00000| PB 0x00000006f8c00000| Complete |  0
| 978|0x00000006f9000000, 0x00000006f9400000, 0x00000006f9400000|100%| E|CS|TAMS 0x00000006f9000000| PB 0x00000006f9000000| Complete |  0
| 979|0x00000006f9400000, 0x00000006f9800000, 0x00000006f9800000|100%| E|CS|TAMS 0x00000006f9400000| PB 0x00000006f9400000| Complete |  0
| 980|0x00000006f9800000, 0x00000006f9c00000, 0x00000006f9c00000|100%| E|CS|TAMS 0x00000006f9800000| PB 0x00000006f9800000| Complete |  0
| 981|0x00000006f9c00000, 0x00000006fa000000, 0x00000006fa000000|100%| E|CS|TAMS 0x00000006f9c00000| PB 0x00000006f9c00000| Complete |  0
| 982|0x00000006fa000000, 0x00000006fa400000, 0x00000006fa400000|100%| E|CS|TAMS 0x00000006fa000000| PB 0x00000006fa000000| Complete |  0
| 983|0x00000006fa400000, 0x00000006fa800000, 0x00000006fa800000|100%| E|CS|TAMS 0x00000006fa400000| PB 0x00000006fa400000| Complete |  0
| 984|0x00000006fa800000, 0x00000006fac00000, 0x00000006fac00000|100%| E|CS|TAMS 0x00000006fa800000| PB 0x00000006fa800000| Complete |  0
| 985|0x00000006fac00000, 0x00000006fb000000, 0x00000006fb000000|100%| E|CS|TAMS 0x00000006fac00000| PB 0x00000006fac00000| Complete |  0
| 986|0x00000006fb000000, 0x00000006fb400000, 0x00000006fb400000|100%| E|CS|TAMS 0x00000006fb000000| PB 0x00000006fb000000| Complete |  0
| 987|0x00000006fb400000, 0x00000006fb800000, 0x00000006fb800000|100%| E|CS|TAMS 0x00000006fb400000| PB 0x00000006fb400000| Complete |  0
| 988|0x00000006fb800000, 0x00000006fbc00000, 0x00000006fbc00000|100%| E|CS|TAMS 0x00000006fb800000| PB 0x00000006fb800000| Complete |  0
| 989|0x00000006fbc00000, 0x00000006fc000000, 0x00000006fc000000|100%| E|CS|TAMS 0x00000006fbc00000| PB 0x00000006fbc00000| Complete |  0
| 990|0x00000006fc000000, 0x00000006fc400000, 0x00000006fc400000|100%| E|CS|TAMS 0x00000006fc000000| PB 0x00000006fc000000| Complete |  0
| 991|0x00000006fc400000, 0x00000006fc800000, 0x00000006fc800000|100%| E|CS|TAMS 0x00000006fc400000| PB 0x00000006fc400000| Complete |  0
| 992|0x00000006fc800000, 0x00000006fcc00000, 0x00000006fcc00000|100%| E|CS|TAMS 0x00000006fc800000| PB 0x00000006fc800000| Complete |  0
| 993|0x00000006fcc00000, 0x00000006fd000000, 0x00000006fd000000|100%| E|CS|TAMS 0x00000006fcc00000| PB 0x00000006fcc00000| Complete |  0
| 994|0x00000006fd000000, 0x00000006fd400000, 0x00000006fd400000|100%| E|CS|TAMS 0x00000006fd000000| PB 0x00000006fd000000| Complete |  0
| 995|0x00000006fd400000, 0x00000006fd800000, 0x00000006fd800000|100%| E|CS|TAMS 0x00000006fd400000| PB 0x00000006fd400000| Complete |  0
| 996|0x00000006fd800000, 0x00000006fdc00000, 0x00000006fdc00000|100%| E|CS|TAMS 0x00000006fd800000| PB 0x00000006fd800000| Complete |  0
| 997|0x00000006fdc00000, 0x00000006fe000000, 0x00000006fe000000|100%| E|CS|TAMS 0x00000006fdc00000| PB 0x00000006fdc00000| Complete |  0
| 998|0x00000006fe000000, 0x00000006fe400000, 0x00000006fe400000|100%| E|CS|TAMS 0x00000006fe000000| PB 0x00000006fe000000| Complete |  0
| 999|0x00000006fe400000, 0x00000006fe800000, 0x00000006fe800000|100%| E|CS|TAMS 0x00000006fe400000| PB 0x00000006fe400000| Complete |  0
|1000|0x00000006fe800000, 0x00000006fec00000, 0x00000006fec00000|100%| E|CS|TAMS 0x00000006fe800000| PB 0x00000006fe800000| Complete |  0
|1001|0x00000006fec00000, 0x00000006ff000000, 0x00000006ff000000|100%| E|CS|TAMS 0x00000006fec00000| PB 0x00000006fec00000| Complete |  0
|1002|0x00000006ff000000, 0x00000006ff400000, 0x00000006ff400000|100%| E|CS|TAMS 0x00000006ff000000| PB 0x00000006ff000000| Complete |  0
|1003|0x00000006ff400000, 0x00000006ff800000, 0x00000006ff800000|100%| E|CS|TAMS 0x00000006ff400000| PB 0x00000006ff400000| Complete |  0
|1004|0x00000006ff800000, 0x00000006ffc00000, 0x00000006ffc00000|100%| E|CS|TAMS 0x00000006ff800000| PB 0x00000006ff800000| Complete |  0
|1005|0x00000006ffc00000, 0x0000000700000000, 0x0000000700000000|100%| E|CS|TAMS 0x00000006ffc00000| PB 0x00000006ffc00000| Complete |  0
|1006|0x0000000700000000, 0x0000000700400000, 0x0000000700400000|100%| E|CS|TAMS 0x0000000700000000| PB 0x0000000700000000| Complete |  0
|1007|0x0000000700400000, 0x0000000700800000, 0x0000000700800000|100%| E|CS|TAMS 0x0000000700400000| PB 0x0000000700400000| Complete |  0
|1008|0x0000000700800000, 0x0000000700c00000, 0x0000000700c00000|100%| E|CS|TAMS 0x0000000700800000| PB 0x0000000700800000| Complete |  0
|1009|0x0000000700c00000, 0x0000000701000000, 0x0000000701000000|100%| E|CS|TAMS 0x0000000700c00000| PB 0x0000000700c00000| Complete |  0
|1010|0x0000000701000000, 0x0000000701400000, 0x0000000701400000|100%| E|CS|TAMS 0x0000000701000000| PB 0x0000000701000000| Complete |  0
|1011|0x0000000701400000, 0x0000000701800000, 0x0000000701800000|100%| E|CS|TAMS 0x0000000701400000| PB 0x0000000701400000| Complete |  0
|1012|0x0000000701800000, 0x0000000701c00000, 0x0000000701c00000|100%| E|CS|TAMS 0x0000000701800000| PB 0x0000000701800000| Complete |  0
|1013|0x0000000701c00000, 0x0000000702000000, 0x0000000702000000|100%| E|CS|TAMS 0x0000000701c00000| PB 0x0000000701c00000| Complete |  0
|1014|0x0000000702000000, 0x0000000702400000, 0x0000000702400000|100%| E|CS|TAMS 0x0000000702000000| PB 0x0000000702000000| Complete |  0
|1015|0x0000000702400000, 0x0000000702800000, 0x0000000702800000|100%| E|CS|TAMS 0x0000000702400000| PB 0x0000000702400000| Complete |  0
|1016|0x0000000702800000, 0x0000000702c00000, 0x0000000702c00000|100%| E|CS|TAMS 0x0000000702800000| PB 0x0000000702800000| Complete |  0
|1017|0x0000000702c00000, 0x0000000703000000, 0x0000000703000000|100%| E|CS|TAMS 0x0000000702c00000| PB 0x0000000702c00000| Complete |  0
|1018|0x0000000703000000, 0x0000000703400000, 0x0000000703400000|100%| E|CS|TAMS 0x0000000703000000| PB 0x0000000703000000| Complete |  0
|1019|0x0000000703400000, 0x0000000703800000, 0x0000000703800000|100%| E|CS|TAMS 0x0000000703400000| PB 0x0000000703400000| Complete |  0
|1020|0x0000000703800000, 0x0000000703c00000, 0x0000000703c00000|100%| E|CS|TAMS 0x0000000703800000| PB 0x0000000703800000| Complete |  0
|1021|0x0000000703c00000, 0x0000000704000000, 0x0000000704000000|100%| E|CS|TAMS 0x0000000703c00000| PB 0x0000000703c00000| Complete |  0
|1022|0x0000000704000000, 0x0000000704400000, 0x0000000704400000|100%| E|CS|TAMS 0x0000000704000000| PB 0x0000000704000000| Complete |  0
|1023|0x0000000704400000, 0x0000000704800000, 0x0000000704800000|100%| E|CS|TAMS 0x0000000704400000| PB 0x0000000704400000| Complete |  0
|1024|0x0000000704800000, 0x0000000704c00000, 0x0000000704c00000|100%| E|CS|TAMS 0x0000000704800000| PB 0x0000000704800000| Complete |  0
|1025|0x0000000704c00000, 0x0000000705000000, 0x0000000705000000|100%| E|CS|TAMS 0x0000000704c00000| PB 0x0000000704c00000| Complete |  0
|1026|0x0000000705000000, 0x0000000705400000, 0x0000000705400000|100%| E|CS|TAMS 0x0000000705000000| PB 0x0000000705000000| Complete |  0
|1027|0x0000000705400000, 0x0000000705800000, 0x0000000705800000|100%| E|CS|TAMS 0x0000000705400000| PB 0x0000000705400000| Complete |  0
|1028|0x0000000705800000, 0x0000000705c00000, 0x0000000705c00000|100%| E|CS|TAMS 0x0000000705800000| PB 0x0000000705800000| Complete |  0
|1029|0x0000000705c00000, 0x0000000706000000, 0x0000000706000000|100%| E|CS|TAMS 0x0000000705c00000| PB 0x0000000705c00000| Complete |  0
|1030|0x0000000706000000, 0x0000000706400000, 0x0000000706400000|100%| E|CS|TAMS 0x0000000706000000| PB 0x0000000706000000| Complete |  0
|1031|0x0000000706400000, 0x0000000706800000, 0x0000000706800000|100%| E|CS|TAMS 0x0000000706400000| PB 0x0000000706400000| Complete |  0
|1032|0x0000000706800000, 0x0000000706c00000, 0x0000000706c00000|100%| E|CS|TAMS 0x0000000706800000| PB 0x0000000706800000| Complete |  0
|1033|0x0000000706c00000, 0x0000000707000000, 0x0000000707000000|100%| E|CS|TAMS 0x0000000706c00000| PB 0x0000000706c00000| Complete |  0
|1034|0x0000000707000000, 0x0000000707400000, 0x0000000707400000|100%| E|CS|TAMS 0x0000000707000000| PB 0x0000000707000000| Complete |  0
|1035|0x0000000707400000, 0x0000000707800000, 0x0000000707800000|100%| E|CS|TAMS 0x0000000707400000| PB 0x0000000707400000| Complete |  0
|1036|0x0000000707800000, 0x0000000707c00000, 0x0000000707c00000|100%| E|CS|TAMS 0x0000000707800000| PB 0x0000000707800000| Complete |  0
|1037|0x0000000707c00000, 0x0000000708000000, 0x0000000708000000|100%| E|CS|TAMS 0x0000000707c00000| PB 0x0000000707c00000| Complete |  0
|1038|0x0000000708000000, 0x0000000708400000, 0x0000000708400000|100%| E|CS|TAMS 0x0000000708000000| PB 0x0000000708000000| Complete |  0
|1039|0x0000000708400000, 0x0000000708800000, 0x0000000708800000|100%| E|CS|TAMS 0x0000000708400000| PB 0x0000000708400000| Complete |  0
|1040|0x0000000708800000, 0x0000000708c00000, 0x0000000708c00000|100%| E|CS|TAMS 0x0000000708800000| PB 0x0000000708800000| Complete |  0
|1041|0x0000000708c00000, 0x0000000709000000, 0x0000000709000000|100%| E|CS|TAMS 0x0000000708c00000| PB 0x0000000708c00000| Complete |  0
|1042|0x0000000709000000, 0x0000000709400000, 0x0000000709400000|100%| E|CS|TAMS 0x0000000709000000| PB 0x0000000709000000| Complete |  0
|1043|0x0000000709400000, 0x0000000709800000, 0x0000000709800000|100%| E|CS|TAMS 0x0000000709400000| PB 0x0000000709400000| Complete |  0
|1044|0x0000000709800000, 0x0000000709c00000, 0x0000000709c00000|100%| E|CS|TAMS 0x0000000709800000| PB 0x0000000709800000| Complete |  0
|1045|0x0000000709c00000, 0x000000070a000000, 0x000000070a000000|100%| E|CS|TAMS 0x0000000709c00000| PB 0x0000000709c00000| Complete |  0
|1046|0x000000070a000000, 0x000000070a400000, 0x000000070a400000|100%| E|CS|TAMS 0x000000070a000000| PB 0x000000070a000000| Complete |  0
|1047|0x000000070a400000, 0x000000070a800000, 0x000000070a800000|100%| E|CS|TAMS 0x000000070a400000| PB 0x000000070a400000| Complete |  0
|1048|0x000000070a800000, 0x000000070ac00000, 0x000000070ac00000|100%| E|CS|TAMS 0x000000070a800000| PB 0x000000070a800000| Complete |  0
|1049|0x000000070ac00000, 0x000000070b000000, 0x000000070b000000|100%| E|CS|TAMS 0x000000070ac00000| PB 0x000000070ac00000| Complete |  0
|1050|0x000000070b000000, 0x000000070b400000, 0x000000070b400000|100%| E|CS|TAMS 0x000000070b000000| PB 0x000000070b000000| Complete |  0
|1051|0x000000070b400000, 0x000000070b800000, 0x000000070b800000|100%| E|CS|TAMS 0x000000070b400000| PB 0x000000070b400000| Complete |  0
|1052|0x000000070b800000, 0x000000070bc00000, 0x000000070bc00000|100%| E|CS|TAMS 0x000000070b800000| PB 0x000000070b800000| Complete |  0
|1053|0x000000070bc00000, 0x000000070c000000, 0x000000070c000000|100%| E|CS|TAMS 0x000000070bc00000| PB 0x000000070bc00000| Complete |  0
|1054|0x000000070c000000, 0x000000070c400000, 0x000000070c400000|100%| E|CS|TAMS 0x000000070c000000| PB 0x000000070c000000| Complete |  0
|1055|0x000000070c400000, 0x000000070c800000, 0x000000070c800000|100%| E|CS|TAMS 0x000000070c400000| PB 0x000000070c400000| Complete |  0
|1056|0x000000070c800000, 0x000000070cc00000, 0x000000070cc00000|100%| E|CS|TAMS 0x000000070c800000| PB 0x000000070c800000| Complete |  0
|1057|0x000000070cc00000, 0x000000070d000000, 0x000000070d000000|100%| E|CS|TAMS 0x000000070cc00000| PB 0x000000070cc00000| Complete |  0
|1058|0x000000070d000000, 0x000000070d400000, 0x000000070d400000|100%| E|CS|TAMS 0x000000070d000000| PB 0x000000070d000000| Complete |  0
|1059|0x000000070d400000, 0x000000070d800000, 0x000000070d800000|100%| E|CS|TAMS 0x000000070d400000| PB 0x000000070d400000| Complete |  0
|1060|0x000000070d800000, 0x000000070dc00000, 0x000000070dc00000|100%| E|CS|TAMS 0x000000070d800000| PB 0x000000070d800000| Complete |  0
|1061|0x000000070dc00000, 0x000000070e000000, 0x000000070e000000|100%| E|CS|TAMS 0x000000070dc00000| PB 0x000000070dc00000| Complete |  0
|1062|0x000000070e000000, 0x000000070e400000, 0x000000070e400000|100%| E|CS|TAMS 0x000000070e000000| PB 0x000000070e000000| Complete |  0
|1063|0x000000070e400000, 0x000000070e800000, 0x000000070e800000|100%| E|CS|TAMS 0x000000070e400000| PB 0x000000070e400000| Complete |  0
|1064|0x000000070e800000, 0x000000070ec00000, 0x000000070ec00000|100%| E|CS|TAMS 0x000000070e800000| PB 0x000000070e800000| Complete |  0
|1065|0x000000070ec00000, 0x000000070f000000, 0x000000070f000000|100%| E|CS|TAMS 0x000000070ec00000| PB 0x000000070ec00000| Complete |  0
|1066|0x000000070f000000, 0x000000070f400000, 0x000000070f400000|100%| E|CS|TAMS 0x000000070f000000| PB 0x000000070f000000| Complete |  0
|1067|0x000000070f400000, 0x000000070f800000, 0x000000070f800000|100%| E|CS|TAMS 0x000000070f400000| PB 0x000000070f400000| Complete |  0
|1068|0x000000070f800000, 0x000000070fc00000, 0x000000070fc00000|100%| E|CS|TAMS 0x000000070f800000| PB 0x000000070f800000| Complete |  0
|1069|0x000000070fc00000, 0x0000000710000000, 0x0000000710000000|100%| E|CS|TAMS 0x000000070fc00000| PB 0x000000070fc00000| Complete |  0
|1070|0x0000000710000000, 0x0000000710400000, 0x0000000710400000|100%| E|CS|TAMS 0x0000000710000000| PB 0x0000000710000000| Complete |  0
|1071|0x0000000710400000, 0x0000000710800000, 0x0000000710800000|100%| E|CS|TAMS 0x0000000710400000| PB 0x0000000710400000| Complete |  0
|1072|0x0000000710800000, 0x0000000710c00000, 0x0000000710c00000|100%| E|CS|TAMS 0x0000000710800000| PB 0x0000000710800000| Complete |  0
|1073|0x0000000710c00000, 0x0000000711000000, 0x0000000711000000|100%| E|CS|TAMS 0x0000000710c00000| PB 0x0000000710c00000| Complete |  0
|1074|0x0000000711000000, 0x0000000711400000, 0x0000000711400000|100%| E|CS|TAMS 0x0000000711000000| PB 0x0000000711000000| Complete |  0
|1075|0x0000000711400000, 0x0000000711800000, 0x0000000711800000|100%| E|CS|TAMS 0x0000000711400000| PB 0x0000000711400000| Complete |  0
|1076|0x0000000711800000, 0x0000000711c00000, 0x0000000711c00000|100%| E|CS|TAMS 0x0000000711800000| PB 0x0000000711800000| Complete |  0
|1077|0x0000000711c00000, 0x0000000712000000, 0x0000000712000000|100%| E|CS|TAMS 0x0000000711c00000| PB 0x0000000711c00000| Complete |  0
|1078|0x0000000712000000, 0x0000000712400000, 0x0000000712400000|100%| E|CS|TAMS 0x0000000712000000| PB 0x0000000712000000| Complete |  0
|1079|0x0000000712400000, 0x0000000712800000, 0x0000000712800000|100%| E|CS|TAMS 0x0000000712400000| PB 0x0000000712400000| Complete |  0
|1080|0x0000000712800000, 0x0000000712c00000, 0x0000000712c00000|100%| E|CS|TAMS 0x0000000712800000| PB 0x0000000712800000| Complete |  0
|1081|0x0000000712c00000, 0x0000000713000000, 0x0000000713000000|100%| E|CS|TAMS 0x0000000712c00000| PB 0x0000000712c00000| Complete |  0
|1082|0x0000000713000000, 0x0000000713400000, 0x0000000713400000|100%| E|CS|TAMS 0x0000000713000000| PB 0x0000000713000000| Complete |  0
|1083|0x0000000713400000, 0x0000000713800000, 0x0000000713800000|100%| E|CS|TAMS 0x0000000713400000| PB 0x0000000713400000| Complete |  0
|1084|0x0000000713800000, 0x0000000713c00000, 0x0000000713c00000|100%| E|CS|TAMS 0x0000000713800000| PB 0x0000000713800000| Complete |  0
|1085|0x0000000713c00000, 0x0000000714000000, 0x0000000714000000|100%| E|CS|TAMS 0x0000000713c00000| PB 0x0000000713c00000| Complete |  0
|1086|0x0000000714000000, 0x0000000714400000, 0x0000000714400000|100%| E|CS|TAMS 0x0000000714000000| PB 0x0000000714000000| Complete |  0
|1087|0x0000000714400000, 0x0000000714800000, 0x0000000714800000|100%| E|CS|TAMS 0x0000000714400000| PB 0x0000000714400000| Complete |  0
|1088|0x0000000714800000, 0x0000000714c00000, 0x0000000714c00000|100%| E|CS|TAMS 0x0000000714800000| PB 0x0000000714800000| Complete |  0
|1089|0x0000000714c00000, 0x0000000715000000, 0x0000000715000000|100%| E|CS|TAMS 0x0000000714c00000| PB 0x0000000714c00000| Complete |  0
|1090|0x0000000715000000, 0x0000000715400000, 0x0000000715400000|100%| E|CS|TAMS 0x0000000715000000| PB 0x0000000715000000| Complete |  0
|1091|0x0000000715400000, 0x0000000715800000, 0x0000000715800000|100%| E|CS|TAMS 0x0000000715400000| PB 0x0000000715400000| Complete |  0
|1092|0x0000000715800000, 0x0000000715c00000, 0x0000000715c00000|100%| E|CS|TAMS 0x0000000715800000| PB 0x0000000715800000| Complete |  0
|1093|0x0000000715c00000, 0x0000000716000000, 0x0000000716000000|100%| E|CS|TAMS 0x0000000715c00000| PB 0x0000000715c00000| Complete |  0
|1094|0x0000000716000000, 0x0000000716400000, 0x0000000716400000|100%| E|CS|TAMS 0x0000000716000000| PB 0x0000000716000000| Complete |  0
|1095|0x0000000716400000, 0x0000000716800000, 0x0000000716800000|100%| E|CS|TAMS 0x0000000716400000| PB 0x0000000716400000| Complete |  0
|1096|0x0000000716800000, 0x0000000716c00000, 0x0000000716c00000|100%| E|CS|TAMS 0x0000000716800000| PB 0x0000000716800000| Complete |  0
|1097|0x0000000716c00000, 0x0000000717000000, 0x0000000717000000|100%| E|CS|TAMS 0x0000000716c00000| PB 0x0000000716c00000| Complete |  0
|1098|0x0000000717000000, 0x0000000717400000, 0x0000000717400000|100%| E|CS|TAMS 0x0000000717000000| PB 0x0000000717000000| Complete |  0
|1099|0x0000000717400000, 0x0000000717800000, 0x0000000717800000|100%| E|CS|TAMS 0x0000000717400000| PB 0x0000000717400000| Complete |  0
|1100|0x0000000717800000, 0x0000000717c00000, 0x0000000717c00000|100%| E|CS|TAMS 0x0000000717800000| PB 0x0000000717800000| Complete |  0
|1101|0x0000000717c00000, 0x0000000718000000, 0x0000000718000000|100%| E|CS|TAMS 0x0000000717c00000| PB 0x0000000717c00000| Complete |  0
|1102|0x0000000718000000, 0x0000000718400000, 0x0000000718400000|100%| E|CS|TAMS 0x0000000718000000| PB 0x0000000718000000| Complete |  0
|1103|0x0000000718400000, 0x0000000718800000, 0x0000000718800000|100%| E|CS|TAMS 0x0000000718400000| PB 0x0000000718400000| Complete |  0
|1104|0x0000000718800000, 0x0000000718c00000, 0x0000000718c00000|100%| E|CS|TAMS 0x0000000718800000| PB 0x0000000718800000| Complete |  0
|1105|0x0000000718c00000, 0x0000000719000000, 0x0000000719000000|100%| E|CS|TAMS 0x0000000718c00000| PB 0x0000000718c00000| Complete |  0
|1106|0x0000000719000000, 0x0000000719400000, 0x0000000719400000|100%| E|CS|TAMS 0x0000000719000000| PB 0x0000000719000000| Complete |  0
|1107|0x0000000719400000, 0x0000000719800000, 0x0000000719800000|100%| E|CS|TAMS 0x0000000719400000| PB 0x0000000719400000| Complete |  0
|1108|0x0000000719800000, 0x0000000719c00000, 0x0000000719c00000|100%| E|CS|TAMS 0x0000000719800000| PB 0x0000000719800000| Complete |  0
|1109|0x0000000719c00000, 0x000000071a000000, 0x000000071a000000|100%| E|CS|TAMS 0x0000000719c00000| PB 0x0000000719c00000| Complete |  0
|1110|0x000000071a000000, 0x000000071a400000, 0x000000071a400000|100%| E|CS|TAMS 0x000000071a000000| PB 0x000000071a000000| Complete |  0
|1111|0x000000071a400000, 0x000000071a800000, 0x000000071a800000|100%| E|CS|TAMS 0x000000071a400000| PB 0x000000071a400000| Complete |  0
|1112|0x000000071a800000, 0x000000071ac00000, 0x000000071ac00000|100%| E|CS|TAMS 0x000000071a800000| PB 0x000000071a800000| Complete |  0
|1113|0x000000071ac00000, 0x000000071b000000, 0x000000071b000000|100%| E|CS|TAMS 0x000000071ac00000| PB 0x000000071ac00000| Complete |  0
|1114|0x000000071b000000, 0x000000071b400000, 0x000000071b400000|100%| E|CS|TAMS 0x000000071b000000| PB 0x000000071b000000| Complete |  0
|1115|0x000000071b400000, 0x000000071b800000, 0x000000071b800000|100%| E|CS|TAMS 0x000000071b400000| PB 0x000000071b400000| Complete |  0
|1116|0x000000071b800000, 0x000000071bc00000, 0x000000071bc00000|100%| E|CS|TAMS 0x000000071b800000| PB 0x000000071b800000| Complete |  0
|1117|0x000000071bc00000, 0x000000071c000000, 0x000000071c000000|100%| E|CS|TAMS 0x000000071bc00000| PB 0x000000071bc00000| Complete |  0
|1118|0x000000071c000000, 0x000000071c400000, 0x000000071c400000|100%| E|CS|TAMS 0x000000071c000000| PB 0x000000071c000000| Complete |  0
|1119|0x000000071c400000, 0x000000071c800000, 0x000000071c800000|100%| E|CS|TAMS 0x000000071c400000| PB 0x000000071c400000| Complete |  0
|1120|0x000000071c800000, 0x000000071cc00000, 0x000000071cc00000|100%| E|CS|TAMS 0x000000071c800000| PB 0x000000071c800000| Complete |  0
|1121|0x000000071cc00000, 0x000000071d000000, 0x000000071d000000|100%| E|CS|TAMS 0x000000071cc00000| PB 0x000000071cc00000| Complete |  0
|1122|0x000000071d000000, 0x000000071d400000, 0x000000071d400000|100%| E|CS|TAMS 0x000000071d000000| PB 0x000000071d000000| Complete |  0
|1123|0x000000071d400000, 0x000000071d800000, 0x000000071d800000|100%| E|CS|TAMS 0x000000071d400000| PB 0x000000071d400000| Complete |  0
|1124|0x000000071d800000, 0x000000071dc00000, 0x000000071dc00000|100%| E|CS|TAMS 0x000000071d800000| PB 0x000000071d800000| Complete |  0
|1125|0x000000071dc00000, 0x000000071e000000, 0x000000071e000000|100%| E|CS|TAMS 0x000000071dc00000| PB 0x000000071dc00000| Complete |  0
|1126|0x000000071e000000, 0x000000071e400000, 0x000000071e400000|100%| E|CS|TAMS 0x000000071e000000| PB 0x000000071e000000| Complete |  0
|1127|0x000000071e400000, 0x000000071e800000, 0x000000071e800000|100%| E|CS|TAMS 0x000000071e400000| PB 0x000000071e400000| Complete |  0
|1128|0x000000071e800000, 0x000000071ec00000, 0x000000071ec00000|100%| E|CS|TAMS 0x000000071e800000| PB 0x000000071e800000| Complete |  0
|1129|0x000000071ec00000, 0x000000071f000000, 0x000000071f000000|100%| E|CS|TAMS 0x000000071ec00000| PB 0x000000071ec00000| Complete |  0
|1130|0x000000071f000000, 0x000000071f400000, 0x000000071f400000|100%| E|CS|TAMS 0x000000071f000000| PB 0x000000071f000000| Complete |  0
|1131|0x000000071f400000, 0x000000071f800000, 0x000000071f800000|100%| E|CS|TAMS 0x000000071f400000| PB 0x000000071f400000| Complete |  0
|1132|0x000000071f800000, 0x000000071fc00000, 0x000000071fc00000|100%| E|CS|TAMS 0x000000071f800000| PB 0x000000071f800000| Complete |  0
|1133|0x000000071fc00000, 0x0000000720000000, 0x0000000720000000|100%| E|CS|TAMS 0x000000071fc00000| PB 0x000000071fc00000| Complete |  0
|1134|0x0000000720000000, 0x0000000720400000, 0x0000000720400000|100%| E|CS|TAMS 0x0000000720000000| PB 0x0000000720000000| Complete |  0
|1135|0x0000000720400000, 0x0000000720800000, 0x0000000720800000|100%| E|CS|TAMS 0x0000000720400000| PB 0x0000000720400000| Complete |  0
|1136|0x0000000720800000, 0x0000000720c00000, 0x0000000720c00000|100%| E|CS|TAMS 0x0000000720800000| PB 0x0000000720800000| Complete |  0
|1137|0x0000000720c00000, 0x0000000721000000, 0x0000000721000000|100%| E|CS|TAMS 0x0000000720c00000| PB 0x0000000720c00000| Complete |  0
|1138|0x0000000721000000, 0x0000000721400000, 0x0000000721400000|100%| E|CS|TAMS 0x0000000721000000| PB 0x0000000721000000| Complete |  0
|1139|0x0000000721400000, 0x0000000721800000, 0x0000000721800000|100%| E|CS|TAMS 0x0000000721400000| PB 0x0000000721400000| Complete |  0
|1140|0x0000000721800000, 0x0000000721c00000, 0x0000000721c00000|100%| E|CS|TAMS 0x0000000721800000| PB 0x0000000721800000| Complete |  0
|1141|0x0000000721c00000, 0x0000000722000000, 0x0000000722000000|100%| E|CS|TAMS 0x0000000721c00000| PB 0x0000000721c00000| Complete |  0
|1142|0x0000000722000000, 0x0000000722400000, 0x0000000722400000|100%| E|CS|TAMS 0x0000000722000000| PB 0x0000000722000000| Complete |  0
|1143|0x0000000722400000, 0x0000000722800000, 0x0000000722800000|100%| E|CS|TAMS 0x0000000722400000| PB 0x0000000722400000| Complete |  0
|1144|0x0000000722800000, 0x0000000722c00000, 0x0000000722c00000|100%| E|CS|TAMS 0x0000000722800000| PB 0x0000000722800000| Complete |  0
|1145|0x0000000722c00000, 0x0000000723000000, 0x0000000723000000|100%| E|CS|TAMS 0x0000000722c00000| PB 0x0000000722c00000| Complete |  0
|1146|0x0000000723000000, 0x0000000723400000, 0x0000000723400000|100%| E|CS|TAMS 0x0000000723000000| PB 0x0000000723000000| Complete |  0
|1147|0x0000000723400000, 0x0000000723800000, 0x0000000723800000|100%| E|CS|TAMS 0x0000000723400000| PB 0x0000000723400000| Complete |  0
|1148|0x0000000723800000, 0x0000000723c00000, 0x0000000723c00000|100%| E|CS|TAMS 0x0000000723800000| PB 0x0000000723800000| Complete |  0
|1149|0x0000000723c00000, 0x0000000724000000, 0x0000000724000000|100%| E|CS|TAMS 0x0000000723c00000| PB 0x0000000723c00000| Complete |  0
|1150|0x0000000724000000, 0x0000000724400000, 0x0000000724400000|100%| E|CS|TAMS 0x0000000724000000| PB 0x0000000724000000| Complete |  0
|1151|0x0000000724400000, 0x0000000724800000, 0x0000000724800000|100%| E|CS|TAMS 0x0000000724400000| PB 0x0000000724400000| Complete |  0
|1152|0x0000000724800000, 0x0000000724c00000, 0x0000000724c00000|100%| E|CS|TAMS 0x0000000724800000| PB 0x0000000724800000| Complete |  0
|1153|0x0000000724c00000, 0x0000000725000000, 0x0000000725000000|100%| E|CS|TAMS 0x0000000724c00000| PB 0x0000000724c00000| Complete |  0
|1154|0x0000000725000000, 0x0000000725400000, 0x0000000725400000|100%| E|CS|TAMS 0x0000000725000000| PB 0x0000000725000000| Complete |  0
|1155|0x0000000725400000, 0x0000000725800000, 0x0000000725800000|100%| E|CS|TAMS 0x0000000725400000| PB 0x0000000725400000| Complete |  0
|1156|0x0000000725800000, 0x0000000725c00000, 0x0000000725c00000|100%| E|CS|TAMS 0x0000000725800000| PB 0x0000000725800000| Complete |  0
|1157|0x0000000725c00000, 0x0000000726000000, 0x0000000726000000|100%| E|CS|TAMS 0x0000000725c00000| PB 0x0000000725c00000| Complete |  0
|1158|0x0000000726000000, 0x0000000726400000, 0x0000000726400000|100%| E|CS|TAMS 0x0000000726000000| PB 0x0000000726000000| Complete |  0
|1159|0x0000000726400000, 0x0000000726800000, 0x0000000726800000|100%| E|CS|TAMS 0x0000000726400000| PB 0x0000000726400000| Complete |  0
|1160|0x0000000726800000, 0x0000000726c00000, 0x0000000726c00000|100%| E|CS|TAMS 0x0000000726800000| PB 0x0000000726800000| Complete |  0
|1161|0x0000000726c00000, 0x0000000727000000, 0x0000000727000000|100%| E|CS|TAMS 0x0000000726c00000| PB 0x0000000726c00000| Complete |  0
|1162|0x0000000727000000, 0x0000000727400000, 0x0000000727400000|100%| E|CS|TAMS 0x0000000727000000| PB 0x0000000727000000| Complete |  0
|1163|0x0000000727400000, 0x0000000727800000, 0x0000000727800000|100%| E|CS|TAMS 0x0000000727400000| PB 0x0000000727400000| Complete |  0
|1164|0x0000000727800000, 0x0000000727c00000, 0x0000000727c00000|100%| E|CS|TAMS 0x0000000727800000| PB 0x0000000727800000| Complete |  0
|1165|0x0000000727c00000, 0x0000000728000000, 0x0000000728000000|100%| E|CS|TAMS 0x0000000727c00000| PB 0x0000000727c00000| Complete |  0
|1166|0x0000000728000000, 0x0000000728400000, 0x0000000728400000|100%| E|CS|TAMS 0x0000000728000000| PB 0x0000000728000000| Complete |  0
|1167|0x0000000728400000, 0x0000000728800000, 0x0000000728800000|100%| E|CS|TAMS 0x0000000728400000| PB 0x0000000728400000| Complete |  0
|1168|0x0000000728800000, 0x0000000728c00000, 0x0000000728c00000|100%| E|CS|TAMS 0x0000000728800000| PB 0x0000000728800000| Complete |  0
|1169|0x0000000728c00000, 0x0000000729000000, 0x0000000729000000|100%| E|CS|TAMS 0x0000000728c00000| PB 0x0000000728c00000| Complete |  0
|1170|0x0000000729000000, 0x0000000729400000, 0x0000000729400000|100%| E|CS|TAMS 0x0000000729000000| PB 0x0000000729000000| Complete |  0
|1171|0x0000000729400000, 0x0000000729800000, 0x0000000729800000|100%| E|CS|TAMS 0x0000000729400000| PB 0x0000000729400000| Complete |  0
|1172|0x0000000729800000, 0x0000000729c00000, 0x0000000729c00000|100%| E|CS|TAMS 0x0000000729800000| PB 0x0000000729800000| Complete |  0
|1173|0x0000000729c00000, 0x000000072a000000, 0x000000072a000000|100%| E|CS|TAMS 0x0000000729c00000| PB 0x0000000729c00000| Complete |  0
|1174|0x000000072a000000, 0x000000072a400000, 0x000000072a400000|100%| E|CS|TAMS 0x000000072a000000| PB 0x000000072a000000| Complete |  0
|1175|0x000000072a400000, 0x000000072a800000, 0x000000072a800000|100%| E|CS|TAMS 0x000000072a400000| PB 0x000000072a400000| Complete |  0
|1176|0x000000072a800000, 0x000000072ac00000, 0x000000072ac00000|100%| E|CS|TAMS 0x000000072a800000| PB 0x000000072a800000| Complete |  0
|1177|0x000000072ac00000, 0x000000072b000000, 0x000000072b000000|100%| E|CS|TAMS 0x000000072ac00000| PB 0x000000072ac00000| Complete |  0
|1178|0x000000072b000000, 0x000000072b400000, 0x000000072b400000|100%| E|CS|TAMS 0x000000072b000000| PB 0x000000072b000000| Complete |  0
|1179|0x000000072b400000, 0x000000072b800000, 0x000000072b800000|100%| E|CS|TAMS 0x000000072b400000| PB 0x000000072b400000| Complete |  0
|1180|0x000000072b800000, 0x000000072bc00000, 0x000000072bc00000|100%| E|CS|TAMS 0x000000072b800000| PB 0x000000072b800000| Complete |  0
|1181|0x000000072bc00000, 0x000000072c000000, 0x000000072c000000|100%| E|CS|TAMS 0x000000072bc00000| PB 0x000000072bc00000| Complete |  0
|1182|0x000000072c000000, 0x000000072c400000, 0x000000072c400000|100%| E|CS|TAMS 0x000000072c000000| PB 0x000000072c000000| Complete |  0
|1183|0x000000072c400000, 0x000000072c800000, 0x000000072c800000|100%| E|CS|TAMS 0x000000072c400000| PB 0x000000072c400000| Complete |  0
|1184|0x000000072c800000, 0x000000072cc00000, 0x000000072cc00000|100%| E|CS|TAMS 0x000000072c800000| PB 0x000000072c800000| Complete |  0
|1185|0x000000072cc00000, 0x000000072d000000, 0x000000072d000000|100%| E|CS|TAMS 0x000000072cc00000| PB 0x000000072cc00000| Complete |  0
|1186|0x000000072d000000, 0x000000072d400000, 0x000000072d400000|100%| E|CS|TAMS 0x000000072d000000| PB 0x000000072d000000| Complete |  0
|1187|0x000000072d400000, 0x000000072d800000, 0x000000072d800000|100%| E|CS|TAMS 0x000000072d400000| PB 0x000000072d400000| Complete |  0
|1188|0x000000072d800000, 0x000000072dc00000, 0x000000072dc00000|100%| E|CS|TAMS 0x000000072d800000| PB 0x000000072d800000| Complete |  0
|1189|0x000000072dc00000, 0x000000072e000000, 0x000000072e000000|100%| E|CS|TAMS 0x000000072dc00000| PB 0x000000072dc00000| Complete |  0
|1190|0x000000072e000000, 0x000000072e400000, 0x000000072e400000|100%| E|CS|TAMS 0x000000072e000000| PB 0x000000072e000000| Complete |  0
|1191|0x000000072e400000, 0x000000072e800000, 0x000000072e800000|100%| E|CS|TAMS 0x000000072e400000| PB 0x000000072e400000| Complete |  0
|1192|0x000000072e800000, 0x000000072ec00000, 0x000000072ec00000|100%| E|CS|TAMS 0x000000072e800000| PB 0x000000072e800000| Complete |  0
|1193|0x000000072ec00000, 0x000000072f000000, 0x000000072f000000|100%| E|CS|TAMS 0x000000072ec00000| PB 0x000000072ec00000| Complete |  0
|1194|0x000000072f000000, 0x000000072f400000, 0x000000072f400000|100%| E|CS|TAMS 0x000000072f000000| PB 0x000000072f000000| Complete |  0
|1195|0x000000072f400000, 0x000000072f800000, 0x000000072f800000|100%| E|CS|TAMS 0x000000072f400000| PB 0x000000072f400000| Complete |  0
|1196|0x000000072f800000, 0x000000072fc00000, 0x000000072fc00000|100%| E|CS|TAMS 0x000000072f800000| PB 0x000000072f800000| Complete |  0
|1197|0x000000072fc00000, 0x0000000730000000, 0x0000000730000000|100%| E|CS|TAMS 0x000000072fc00000| PB 0x000000072fc00000| Complete |  0
|1198|0x0000000730000000, 0x0000000730400000, 0x0000000730400000|100%| E|CS|TAMS 0x0000000730000000| PB 0x0000000730000000| Complete |  0
|1199|0x0000000730400000, 0x0000000730800000, 0x0000000730800000|100%| E|CS|TAMS 0x0000000730400000| PB 0x0000000730400000| Complete |  0
|1200|0x0000000730800000, 0x0000000730c00000, 0x0000000730c00000|100%| E|CS|TAMS 0x0000000730800000| PB 0x0000000730800000| Complete |  0
|1201|0x0000000730c00000, 0x0000000731000000, 0x0000000731000000|100%| E|CS|TAMS 0x0000000730c00000| PB 0x0000000730c00000| Complete |  0
|1202|0x0000000731000000, 0x0000000731400000, 0x0000000731400000|100%| E|CS|TAMS 0x0000000731000000| PB 0x0000000731000000| Complete |  0
|1203|0x0000000731400000, 0x0000000731800000, 0x0000000731800000|100%| E|CS|TAMS 0x0000000731400000| PB 0x0000000731400000| Complete |  0
|1204|0x0000000731800000, 0x0000000731c00000, 0x0000000731c00000|100%| E|CS|TAMS 0x0000000731800000| PB 0x0000000731800000| Complete |  0
|1205|0x0000000731c00000, 0x0000000732000000, 0x0000000732000000|100%| E|CS|TAMS 0x0000000731c00000| PB 0x0000000731c00000| Complete |  0
|1206|0x0000000732000000, 0x0000000732400000, 0x0000000732400000|100%| E|CS|TAMS 0x0000000732000000| PB 0x0000000732000000| Complete |  0
|1207|0x0000000732400000, 0x0000000732800000, 0x0000000732800000|100%| E|CS|TAMS 0x0000000732400000| PB 0x0000000732400000| Complete |  0
|1208|0x0000000732800000, 0x0000000732c00000, 0x0000000732c00000|100%| E|CS|TAMS 0x0000000732800000| PB 0x0000000732800000| Complete |  0
|1209|0x0000000732c00000, 0x0000000733000000, 0x0000000733000000|100%| E|CS|TAMS 0x0000000732c00000| PB 0x0000000732c00000| Complete |  0
|1210|0x0000000733000000, 0x0000000733400000, 0x0000000733400000|100%| E|CS|TAMS 0x0000000733000000| PB 0x0000000733000000| Complete |  0
|1211|0x0000000733400000, 0x0000000733800000, 0x0000000733800000|100%| E|CS|TAMS 0x0000000733400000| PB 0x0000000733400000| Complete |  0
|1212|0x0000000733800000, 0x0000000733c00000, 0x0000000733c00000|100%| E|CS|TAMS 0x0000000733800000| PB 0x0000000733800000| Complete |  0
|1213|0x0000000733c00000, 0x0000000734000000, 0x0000000734000000|100%| E|CS|TAMS 0x0000000733c00000| PB 0x0000000733c00000| Complete |  0
|1214|0x0000000734000000, 0x0000000734400000, 0x0000000734400000|100%| E|CS|TAMS 0x0000000734000000| PB 0x0000000734000000| Complete |  0
|1215|0x0000000734400000, 0x0000000734800000, 0x0000000734800000|100%| E|CS|TAMS 0x0000000734400000| PB 0x0000000734400000| Complete |  0
|1216|0x0000000734800000, 0x0000000734c00000, 0x0000000734c00000|100%| E|CS|TAMS 0x0000000734800000| PB 0x0000000734800000| Complete |  0
|1217|0x0000000734c00000, 0x0000000735000000, 0x0000000735000000|100%| E|CS|TAMS 0x0000000734c00000| PB 0x0000000734c00000| Complete |  0
|1218|0x0000000735000000, 0x0000000735400000, 0x0000000735400000|100%| E|CS|TAMS 0x0000000735000000| PB 0x0000000735000000| Complete |  0
|1219|0x0000000735400000, 0x0000000735800000, 0x0000000735800000|100%| E|CS|TAMS 0x0000000735400000| PB 0x0000000735400000| Complete |  0
|1220|0x0000000735800000, 0x0000000735c00000, 0x0000000735c00000|100%| E|CS|TAMS 0x0000000735800000| PB 0x0000000735800000| Complete |  0
|1221|0x0000000735c00000, 0x0000000736000000, 0x0000000736000000|100%| E|CS|TAMS 0x0000000735c00000| PB 0x0000000735c00000| Complete |  0
|1222|0x0000000736000000, 0x0000000736400000, 0x0000000736400000|100%| E|CS|TAMS 0x0000000736000000| PB 0x0000000736000000| Complete |  0
|1223|0x0000000736400000, 0x0000000736800000, 0x0000000736800000|100%| E|CS|TAMS 0x0000000736400000| PB 0x0000000736400000| Complete |  0
|1224|0x0000000736800000, 0x0000000736c00000, 0x0000000736c00000|100%| E|CS|TAMS 0x0000000736800000| PB 0x0000000736800000| Complete |  0
|1225|0x0000000736c00000, 0x0000000737000000, 0x0000000737000000|100%| E|CS|TAMS 0x0000000736c00000| PB 0x0000000736c00000| Complete |  0
|1226|0x0000000737000000, 0x0000000737400000, 0x0000000737400000|100%| E|CS|TAMS 0x0000000737000000| PB 0x0000000737000000| Complete |  0
|1227|0x0000000737400000, 0x0000000737800000, 0x0000000737800000|100%| E|CS|TAMS 0x0000000737400000| PB 0x0000000737400000| Complete |  0
|1228|0x0000000737800000, 0x0000000737c00000, 0x0000000737c00000|100%| E|CS|TAMS 0x0000000737800000| PB 0x0000000737800000| Complete |  0
|1229|0x0000000737c00000, 0x0000000738000000, 0x0000000738000000|100%| E|CS|TAMS 0x0000000737c00000| PB 0x0000000737c00000| Complete |  0
|1230|0x0000000738000000, 0x0000000738400000, 0x0000000738400000|100%| E|CS|TAMS 0x0000000738000000| PB 0x0000000738000000| Complete |  0
|1231|0x0000000738400000, 0x0000000738800000, 0x0000000738800000|100%| E|CS|TAMS 0x0000000738400000| PB 0x0000000738400000| Complete |  0
|1232|0x0000000738800000, 0x0000000738c00000, 0x0000000738c00000|100%| E|CS|TAMS 0x0000000738800000| PB 0x0000000738800000| Complete |  0
|1233|0x0000000738c00000, 0x0000000739000000, 0x0000000739000000|100%| E|CS|TAMS 0x0000000738c00000| PB 0x0000000738c00000| Complete |  0
|1234|0x0000000739000000, 0x0000000739400000, 0x0000000739400000|100%| E|CS|TAMS 0x0000000739000000| PB 0x0000000739000000| Complete |  0
|1235|0x0000000739400000, 0x0000000739800000, 0x0000000739800000|100%| E|CS|TAMS 0x0000000739400000| PB 0x0000000739400000| Complete |  0
|1236|0x0000000739800000, 0x0000000739c00000, 0x0000000739c00000|100%| E|CS|TAMS 0x0000000739800000| PB 0x0000000739800000| Complete |  0
|1237|0x0000000739c00000, 0x000000073a000000, 0x000000073a000000|100%| E|CS|TAMS 0x0000000739c00000| PB 0x0000000739c00000| Complete |  0
|1238|0x000000073a000000, 0x000000073a400000, 0x000000073a400000|100%| E|CS|TAMS 0x000000073a000000| PB 0x000000073a000000| Complete |  0
|1239|0x000000073a400000, 0x000000073a800000, 0x000000073a800000|100%| E|CS|TAMS 0x000000073a400000| PB 0x000000073a400000| Complete |  0
|1240|0x000000073a800000, 0x000000073ac00000, 0x000000073ac00000|100%| E|CS|TAMS 0x000000073a800000| PB 0x000000073a800000| Complete |  0
|1241|0x000000073ac00000, 0x000000073b000000, 0x000000073b000000|100%| E|CS|TAMS 0x000000073ac00000| PB 0x000000073ac00000| Complete |  0
|1242|0x000000073b000000, 0x000000073b400000, 0x000000073b400000|100%| E|CS|TAMS 0x000000073b000000| PB 0x000000073b000000| Complete |  0
|1243|0x000000073b400000, 0x000000073b800000, 0x000000073b800000|100%| E|CS|TAMS 0x000000073b400000| PB 0x000000073b400000| Complete |  0
|1244|0x000000073b800000, 0x000000073bc00000, 0x000000073bc00000|100%| E|CS|TAMS 0x000000073b800000| PB 0x000000073b800000| Complete |  0
|1245|0x000000073bc00000, 0x000000073c000000, 0x000000073c000000|100%| E|CS|TAMS 0x000000073bc00000| PB 0x000000073bc00000| Complete |  0
|1246|0x000000073c000000, 0x000000073c400000, 0x000000073c400000|100%| E|CS|TAMS 0x000000073c000000| PB 0x000000073c000000| Complete |  0
|1247|0x000000073c400000, 0x000000073c800000, 0x000000073c800000|100%| E|CS|TAMS 0x000000073c400000| PB 0x000000073c400000| Complete |  0
|1248|0x000000073c800000, 0x000000073cc00000, 0x000000073cc00000|100%| E|CS|TAMS 0x000000073c800000| PB 0x000000073c800000| Complete |  0
|1249|0x000000073cc00000, 0x000000073d000000, 0x000000073d000000|100%| E|CS|TAMS 0x000000073cc00000| PB 0x000000073cc00000| Complete |  0
|1250|0x000000073d000000, 0x000000073d400000, 0x000000073d400000|100%| E|CS|TAMS 0x000000073d000000| PB 0x000000073d000000| Complete |  0
|1251|0x000000073d400000, 0x000000073d800000, 0x000000073d800000|100%| E|CS|TAMS 0x000000073d400000| PB 0x000000073d400000| Complete |  0
|1252|0x000000073d800000, 0x000000073dc00000, 0x000000073dc00000|100%| E|CS|TAMS 0x000000073d800000| PB 0x000000073d800000| Complete |  0
|1253|0x000000073dc00000, 0x000000073e000000, 0x000000073e000000|100%| E|CS|TAMS 0x000000073dc00000| PB 0x000000073dc00000| Complete |  0
|1254|0x000000073e000000, 0x000000073e400000, 0x000000073e400000|100%| E|CS|TAMS 0x000000073e000000| PB 0x000000073e000000| Complete |  0
|1255|0x000000073e400000, 0x000000073e800000, 0x000000073e800000|100%| E|CS|TAMS 0x000000073e400000| PB 0x000000073e400000| Complete |  0
|1256|0x000000073e800000, 0x000000073ec00000, 0x000000073ec00000|100%| E|CS|TAMS 0x000000073e800000| PB 0x000000073e800000| Complete |  0
|1257|0x000000073ec00000, 0x000000073f000000, 0x000000073f000000|100%| E|CS|TAMS 0x000000073ec00000| PB 0x000000073ec00000| Complete |  0
|1258|0x000000073f000000, 0x000000073f400000, 0x000000073f400000|100%| E|CS|TAMS 0x000000073f000000| PB 0x000000073f000000| Complete |  0
|1259|0x000000073f400000, 0x000000073f800000, 0x000000073f800000|100%| E|CS|TAMS 0x000000073f400000| PB 0x000000073f400000| Complete |  0
|1260|0x000000073f800000, 0x000000073fc00000, 0x000000073fc00000|100%| E|CS|TAMS 0x000000073f800000| PB 0x000000073f800000| Complete |  0
|1261|0x000000073fc00000, 0x0000000740000000, 0x0000000740000000|100%| E|CS|TAMS 0x000000073fc00000| PB 0x000000073fc00000| Complete |  0
|1262|0x0000000740000000, 0x0000000740400000, 0x0000000740400000|100%| E|CS|TAMS 0x0000000740000000| PB 0x0000000740000000| Complete |  0
|1263|0x0000000740400000, 0x0000000740800000, 0x0000000740800000|100%| E|CS|TAMS 0x0000000740400000| PB 0x0000000740400000| Complete |  0
|1264|0x0000000740800000, 0x0000000740c00000, 0x0000000740c00000|100%| E|CS|TAMS 0x0000000740800000| PB 0x0000000740800000| Complete |  0
|1265|0x0000000740c00000, 0x0000000741000000, 0x0000000741000000|100%| E|CS|TAMS 0x0000000740c00000| PB 0x0000000740c00000| Complete |  0
|1266|0x0000000741000000, 0x0000000741400000, 0x0000000741400000|100%| E|CS|TAMS 0x0000000741000000| PB 0x0000000741000000| Complete |  0
|1267|0x0000000741400000, 0x0000000741800000, 0x0000000741800000|100%| E|CS|TAMS 0x0000000741400000| PB 0x0000000741400000| Complete |  0
|1268|0x0000000741800000, 0x0000000741c00000, 0x0000000741c00000|100%| E|CS|TAMS 0x0000000741800000| PB 0x0000000741800000| Complete |  0
|1269|0x0000000741c00000, 0x0000000742000000, 0x0000000742000000|100%| E|CS|TAMS 0x0000000741c00000| PB 0x0000000741c00000| Complete |  0
|1270|0x0000000742000000, 0x0000000742400000, 0x0000000742400000|100%| E|CS|TAMS 0x0000000742000000| PB 0x0000000742000000| Complete |  0
|1271|0x0000000742400000, 0x0000000742800000, 0x0000000742800000|100%| E|CS|TAMS 0x0000000742400000| PB 0x0000000742400000| Complete |  0
|1272|0x0000000742800000, 0x0000000742c00000, 0x0000000742c00000|100%| E|CS|TAMS 0x0000000742800000| PB 0x0000000742800000| Complete |  0
|1273|0x0000000742c00000, 0x0000000743000000, 0x0000000743000000|100%| E|CS|TAMS 0x0000000742c00000| PB 0x0000000742c00000| Complete |  0
|1274|0x0000000743000000, 0x0000000743400000, 0x0000000743400000|100%| E|CS|TAMS 0x0000000743000000| PB 0x0000000743000000| Complete |  0
|1275|0x0000000743400000, 0x0000000743800000, 0x0000000743800000|100%| E|CS|TAMS 0x0000000743400000| PB 0x0000000743400000| Complete |  0
|1276|0x0000000743800000, 0x0000000743c00000, 0x0000000743c00000|100%| E|CS|TAMS 0x0000000743800000| PB 0x0000000743800000| Complete |  0
|1277|0x0000000743c00000, 0x0000000744000000, 0x0000000744000000|100%| E|CS|TAMS 0x0000000743c00000| PB 0x0000000743c00000| Complete |  0
|1278|0x0000000744000000, 0x0000000744400000, 0x0000000744400000|100%| E|CS|TAMS 0x0000000744000000| PB 0x0000000744000000| Complete |  0
|1279|0x0000000744400000, 0x0000000744800000, 0x0000000744800000|100%| E|CS|TAMS 0x0000000744400000| PB 0x0000000744400000| Complete |  0
|1280|0x0000000744800000, 0x0000000744c00000, 0x0000000744c00000|100%| E|CS|TAMS 0x0000000744800000| PB 0x0000000744800000| Complete |  0
|1281|0x0000000744c00000, 0x0000000745000000, 0x0000000745000000|100%| E|CS|TAMS 0x0000000744c00000| PB 0x0000000744c00000| Complete |  0
|1282|0x0000000745000000, 0x0000000745400000, 0x0000000745400000|100%| E|CS|TAMS 0x0000000745000000| PB 0x0000000745000000| Complete |  0
|1283|0x0000000745400000, 0x0000000745800000, 0x0000000745800000|100%| E|CS|TAMS 0x0000000745400000| PB 0x0000000745400000| Complete |  0
|1284|0x0000000745800000, 0x0000000745c00000, 0x0000000745c00000|100%| E|CS|TAMS 0x0000000745800000| PB 0x0000000745800000| Complete |  0
|1285|0x0000000745c00000, 0x0000000746000000, 0x0000000746000000|100%| E|CS|TAMS 0x0000000745c00000| PB 0x0000000745c00000| Complete |  0
|1286|0x0000000746000000, 0x0000000746400000, 0x0000000746400000|100%| E|CS|TAMS 0x0000000746000000| PB 0x0000000746000000| Complete |  0
|1287|0x0000000746400000, 0x0000000746800000, 0x0000000746800000|100%| E|CS|TAMS 0x0000000746400000| PB 0x0000000746400000| Complete |  0
|1288|0x0000000746800000, 0x0000000746c00000, 0x0000000746c00000|100%| E|CS|TAMS 0x0000000746800000| PB 0x0000000746800000| Complete |  0
|1289|0x0000000746c00000, 0x0000000747000000, 0x0000000747000000|100%| E|CS|TAMS 0x0000000746c00000| PB 0x0000000746c00000| Complete |  0
|1290|0x0000000747000000, 0x0000000747400000, 0x0000000747400000|100%| E|CS|TAMS 0x0000000747000000| PB 0x0000000747000000| Complete |  0
|1291|0x0000000747400000, 0x0000000747800000, 0x0000000747800000|100%| E|CS|TAMS 0x0000000747400000| PB 0x0000000747400000| Complete |  0
|1292|0x0000000747800000, 0x0000000747c00000, 0x0000000747c00000|100%| E|CS|TAMS 0x0000000747800000| PB 0x0000000747800000| Complete |  0
|1293|0x0000000747c00000, 0x0000000748000000, 0x0000000748000000|100%| E|CS|TAMS 0x0000000747c00000| PB 0x0000000747c00000| Complete |  0
|1294|0x0000000748000000, 0x0000000748400000, 0x0000000748400000|100%| E|CS|TAMS 0x0000000748000000| PB 0x0000000748000000| Complete |  0
|1295|0x0000000748400000, 0x0000000748800000, 0x0000000748800000|100%| E|CS|TAMS 0x0000000748400000| PB 0x0000000748400000| Complete |  0
|1296|0x0000000748800000, 0x0000000748c00000, 0x0000000748c00000|100%| E|CS|TAMS 0x0000000748800000| PB 0x0000000748800000| Complete |  0
|1297|0x0000000748c00000, 0x0000000749000000, 0x0000000749000000|100%| E|CS|TAMS 0x0000000748c00000| PB 0x0000000748c00000| Complete |  0
|1298|0x0000000749000000, 0x0000000749400000, 0x0000000749400000|100%| E|CS|TAMS 0x0000000749000000| PB 0x0000000749000000| Complete |  0
|1299|0x0000000749400000, 0x0000000749800000, 0x0000000749800000|100%| E|CS|TAMS 0x0000000749400000| PB 0x0000000749400000| Complete |  0
|1300|0x0000000749800000, 0x0000000749c00000, 0x0000000749c00000|100%| E|CS|TAMS 0x0000000749800000| PB 0x0000000749800000| Complete |  0
|1301|0x0000000749c00000, 0x000000074a000000, 0x000000074a000000|100%| E|CS|TAMS 0x0000000749c00000| PB 0x0000000749c00000| Complete |  0
|1302|0x000000074a000000, 0x000000074a400000, 0x000000074a400000|100%| E|CS|TAMS 0x000000074a000000| PB 0x000000074a000000| Complete |  0
|1303|0x000000074a400000, 0x000000074a800000, 0x000000074a800000|100%| E|CS|TAMS 0x000000074a400000| PB 0x000000074a400000| Complete |  0
|1870|0x00000007d8000000, 0x00000007d8400000, 0x00000007d8400000|100%| E|CS|TAMS 0x00000007d8000000| PB 0x00000007d8000000| Complete |  0
|1871|0x00000007d8400000, 0x00000007d8800000, 0x00000007d8800000|100%| E|CS|TAMS 0x00000007d8400000| PB 0x00000007d8400000| Complete |  0
|1872|0x00000007d8800000, 0x00000007d8c00000, 0x00000007d8c00000|100%| E|CS|TAMS 0x00000007d8800000| PB 0x00000007d8800000| Complete |  0
|1873|0x00000007d8c00000, 0x00000007d9000000, 0x00000007d9000000|100%| E|CS|TAMS 0x00000007d8c00000| PB 0x00000007d8c00000| Complete |  0
|1874|0x00000007d9000000, 0x00000007d9400000, 0x00000007d9400000|100%| O|  |TAMS 0x00000007d9000000| PB 0x00000007d9000000| Untracked |  0
|1875|0x00000007d9400000, 0x00000007d9800000, 0x00000007d9800000|100%| O|  |TAMS 0x00000007d9400000| PB 0x00000007d9400000| Untracked |  0
|1876|0x00000007d9800000, 0x00000007d9c00000, 0x00000007d9c00000|100%| E|CS|TAMS 0x00000007d9800000| PB 0x00000007d9800000| Complete |  0
|1877|0x00000007d9c00000, 0x00000007da000000, 0x00000007da000000|100%| E|CS|TAMS 0x00000007d9c00000| PB 0x00000007d9c00000| Complete |  0
|1878|0x00000007da000000, 0x00000007da400000, 0x00000007da400000|100%| E|CS|TAMS 0x00000007da000000| PB 0x00000007da000000| Complete |  0
|1879|0x00000007da400000, 0x00000007da800000, 0x00000007da800000|100%| E|CS|TAMS 0x00000007da400000| PB 0x00000007da400000| Complete |  0
|1880|0x00000007da800000, 0x00000007dac00000, 0x00000007dac00000|100%| E|CS|TAMS 0x00000007da800000| PB 0x00000007da800000| Complete |  0
|1881|0x00000007dac00000, 0x00000007db000000, 0x00000007db000000|100%| E|CS|TAMS 0x00000007dac00000| PB 0x00000007dac00000| Complete |  0
|1882|0x00000007db000000, 0x00000007db400000, 0x00000007db400000|100%| E|CS|TAMS 0x00000007db000000| PB 0x00000007db000000| Complete |  0
|1883|0x00000007db400000, 0x00000007db800000, 0x00000007db800000|100%| E|CS|TAMS 0x00000007db400000| PB 0x00000007db400000| Complete |  0
|1884|0x00000007db800000, 0x00000007dbc00000, 0x00000007dbc00000|100%| E|CS|TAMS 0x00000007db800000| PB 0x00000007db800000| Complete |  0
|1885|0x00000007dbc00000, 0x00000007dc000000, 0x00000007dc000000|100%| E|CS|TAMS 0x00000007dbc00000| PB 0x00000007dbc00000| Complete |  0
|1886|0x00000007dc000000, 0x00000007dc400000, 0x00000007dc400000|100%| E|CS|TAMS 0x00000007dc000000| PB 0x00000007dc000000| Complete |  0
|1887|0x00000007dc400000, 0x00000007dc800000, 0x00000007dc800000|100%| E|CS|TAMS 0x00000007dc400000| PB 0x00000007dc400000| Complete |  0
|1888|0x00000007dc800000, 0x00000007dcc00000, 0x00000007dcc00000|100%| E|CS|TAMS 0x00000007dc800000| PB 0x00000007dc800000| Complete |  0
|1889|0x00000007dcc00000, 0x00000007dd000000, 0x00000007dd000000|100%| E|CS|TAMS 0x00000007dcc00000| PB 0x00000007dcc00000| Complete |  0
|1890|0x00000007dd000000, 0x00000007dd400000, 0x00000007dd400000|100%| E|CS|TAMS 0x00000007dd000000| PB 0x00000007dd000000| Complete |  0
|1891|0x00000007dd400000, 0x00000007dd800000, 0x00000007dd800000|100%| E|CS|TAMS 0x00000007dd400000| PB 0x00000007dd400000| Complete |  0
|1892|0x00000007dd800000, 0x00000007ddc00000, 0x00000007ddc00000|100%| E|CS|TAMS 0x00000007dd800000| PB 0x00000007dd800000| Complete |  0
|1893|0x00000007ddc00000, 0x00000007de000000, 0x00000007de000000|100%| E|CS|TAMS 0x00000007ddc00000| PB 0x00000007ddc00000| Complete |  0
|1894|0x00000007de000000, 0x00000007de400000, 0x00000007de400000|100%| E|CS|TAMS 0x00000007de000000| PB 0x00000007de000000| Complete |  0
|1895|0x00000007de400000, 0x00000007de800000, 0x00000007de800000|100%| E|CS|TAMS 0x00000007de400000| PB 0x00000007de400000| Complete |  0
|1896|0x00000007de800000, 0x00000007dec00000, 0x00000007dec00000|100%| E|CS|TAMS 0x00000007de800000| PB 0x00000007de800000| Complete |  0
|1897|0x00000007dec00000, 0x00000007df000000, 0x00000007df000000|100%| E|CS|TAMS 0x00000007dec00000| PB 0x00000007dec00000| Complete |  0
|1898|0x00000007df000000, 0x00000007df400000, 0x00000007df400000|100%| E|CS|TAMS 0x00000007df000000| PB 0x00000007df000000| Complete |  0
|1899|0x00000007df400000, 0x00000007df800000, 0x00000007df800000|100%| E|CS|TAMS 0x00000007df400000| PB 0x00000007df400000| Complete |  0
|1900|0x00000007df800000, 0x00000007dfc00000, 0x00000007dfc00000|100%| E|CS|TAMS 0x00000007df800000| PB 0x00000007df800000| Complete |  0
|1901|0x00000007dfc00000, 0x00000007e0000000, 0x00000007e0000000|100%| E|CS|TAMS 0x00000007dfc00000| PB 0x00000007dfc00000| Complete |  0
|1902|0x00000007e0000000, 0x00000007e0400000, 0x00000007e0400000|100%| E|CS|TAMS 0x00000007e0000000| PB 0x00000007e0000000| Complete |  0
|1903|0x00000007e0400000, 0x00000007e0800000, 0x00000007e0800000|100%| E|CS|TAMS 0x00000007e0400000| PB 0x00000007e0400000| Complete |  0
|1904|0x00000007e0800000, 0x00000007e0c00000, 0x00000007e0c00000|100%| E|CS|TAMS 0x00000007e0800000| PB 0x00000007e0800000| Complete |  0
|1905|0x00000007e0c00000, 0x00000007e1000000, 0x00000007e1000000|100%| E|CS|TAMS 0x00000007e0c00000| PB 0x00000007e0c00000| Complete |  0
|1906|0x00000007e1000000, 0x00000007e1400000, 0x00000007e1400000|100%| E|CS|TAMS 0x00000007e1000000| PB 0x00000007e1000000| Complete |  0
|1907|0x00000007e1400000, 0x00000007e1800000, 0x00000007e1800000|100%| E|CS|TAMS 0x00000007e1400000| PB 0x00000007e1400000| Complete |  0
|1908|0x00000007e1800000, 0x00000007e1c00000, 0x00000007e1c00000|100%| E|CS|TAMS 0x00000007e1800000| PB 0x00000007e1800000| Complete |  0
|1909|0x00000007e1c00000, 0x00000007e2000000, 0x00000007e2000000|100%| E|CS|TAMS 0x00000007e1c00000| PB 0x00000007e1c00000| Complete |  0
|1910|0x00000007e2000000, 0x00000007e2400000, 0x00000007e2400000|100%| E|CS|TAMS 0x00000007e2000000| PB 0x00000007e2000000| Complete |  0
|1911|0x00000007e2400000, 0x00000007e2800000, 0x00000007e2800000|100%| E|CS|TAMS 0x00000007e2400000| PB 0x00000007e2400000| Complete |  0
|1912|0x00000007e2800000, 0x00000007e2c00000, 0x00000007e2c00000|100%| E|CS|TAMS 0x00000007e2800000| PB 0x00000007e2800000| Complete |  0
|1913|0x00000007e2c00000, 0x00000007e3000000, 0x00000007e3000000|100%| E|CS|TAMS 0x00000007e2c00000| PB 0x00000007e2c00000| Complete |  0
|1914|0x00000007e3000000, 0x00000007e3400000, 0x00000007e3400000|100%| E|CS|TAMS 0x00000007e3000000| PB 0x00000007e3000000| Complete |  0
|1915|0x00000007e3400000, 0x00000007e3800000, 0x00000007e3800000|100%| E|CS|TAMS 0x00000007e3400000| PB 0x00000007e3400000| Complete |  0
|1916|0x00000007e3800000, 0x00000007e3c00000, 0x00000007e3c00000|100%| E|CS|TAMS 0x00000007e3800000| PB 0x00000007e3800000| Complete |  0
|1917|0x00000007e3c00000, 0x00000007e4000000, 0x00000007e4000000|100%| E|CS|TAMS 0x00000007e3c00000| PB 0x00000007e3c00000| Complete |  0
|1918|0x00000007e4000000, 0x00000007e4400000, 0x00000007e4400000|100%| E|CS|TAMS 0x00000007e4000000| PB 0x00000007e4000000| Complete |  0
|1919|0x00000007e4400000, 0x00000007e4800000, 0x00000007e4800000|100%| E|CS|TAMS 0x00000007e4400000| PB 0x00000007e4400000| Complete |  0
|1920|0x00000007e4800000, 0x00000007e4c00000, 0x00000007e4c00000|100%| E|CS|TAMS 0x00000007e4800000| PB 0x00000007e4800000| Complete |  0
|1921|0x00000007e4c00000, 0x00000007e5000000, 0x00000007e5000000|100%| E|CS|TAMS 0x00000007e4c00000| PB 0x00000007e4c00000| Complete |  0
|1922|0x00000007e5000000, 0x00000007e5400000, 0x00000007e5400000|100%| E|CS|TAMS 0x00000007e5000000| PB 0x00000007e5000000| Complete |  0
|1923|0x00000007e5400000, 0x00000007e5800000, 0x00000007e5800000|100%| E|CS|TAMS 0x00000007e5400000| PB 0x00000007e5400000| Complete |  0
|1924|0x00000007e5800000, 0x00000007e5c00000, 0x00000007e5c00000|100%| E|CS|TAMS 0x00000007e5800000| PB 0x00000007e5800000| Complete |  0
|1925|0x00000007e5c00000, 0x00000007e6000000, 0x00000007e6000000|100%| E|CS|TAMS 0x00000007e5c00000| PB 0x00000007e5c00000| Complete |  0
|1926|0x00000007e6000000, 0x00000007e6400000, 0x00000007e6400000|100%| E|CS|TAMS 0x00000007e6000000| PB 0x00000007e6000000| Complete |  0
|1927|0x00000007e6400000, 0x00000007e6800000, 0x00000007e6800000|100%| E|CS|TAMS 0x00000007e6400000| PB 0x00000007e6400000| Complete |  0
|1928|0x00000007e6800000, 0x00000007e6c00000, 0x00000007e6c00000|100%| E|CS|TAMS 0x00000007e6800000| PB 0x00000007e6800000| Complete |  0
|1929|0x00000007e6c00000, 0x00000007e7000000, 0x00000007e7000000|100%| E|CS|TAMS 0x00000007e6c00000| PB 0x00000007e6c00000| Complete |  0
|1930|0x00000007e7000000, 0x00000007e7400000, 0x00000007e7400000|100%| E|CS|TAMS 0x00000007e7000000| PB 0x00000007e7000000| Complete |  0
|1931|0x00000007e7400000, 0x00000007e7800000, 0x00000007e7800000|100%| E|CS|TAMS 0x00000007e7400000| PB 0x00000007e7400000| Complete |  0
|1932|0x00000007e7800000, 0x00000007e7c00000, 0x00000007e7c00000|100%| E|CS|TAMS 0x00000007e7800000| PB 0x00000007e7800000| Complete |  0
|1933|0x00000007e7c00000, 0x00000007e8000000, 0x00000007e8000000|100%| E|CS|TAMS 0x00000007e7c00000| PB 0x00000007e7c00000| Complete |  0
|1934|0x00000007e8000000, 0x00000007e8400000, 0x00000007e8400000|100%| E|CS|TAMS 0x00000007e8000000| PB 0x00000007e8000000| Complete |  0
|1935|0x00000007e8400000, 0x00000007e8800000, 0x00000007e8800000|100%| E|CS|TAMS 0x00000007e8400000| PB 0x00000007e8400000| Complete |  0
|1936|0x00000007e8800000, 0x00000007e8c00000, 0x00000007e8c00000|100%| E|CS|TAMS 0x00000007e8800000| PB 0x00000007e8800000| Complete |  0
|1937|0x00000007e8c00000, 0x00000007e9000000, 0x00000007e9000000|100%| E|CS|TAMS 0x00000007e8c00000| PB 0x00000007e8c00000| Complete |  0
|1938|0x00000007e9000000, 0x00000007e9400000, 0x00000007e9400000|100%| E|CS|TAMS 0x00000007e9000000| PB 0x00000007e9000000| Complete |  0
|1939|0x00000007e9400000, 0x00000007e9800000, 0x00000007e9800000|100%| E|CS|TAMS 0x00000007e9400000| PB 0x00000007e9400000| Complete |  0
|1940|0x00000007e9800000, 0x00000007e9c00000, 0x00000007e9c00000|100%| E|CS|TAMS 0x00000007e9800000| PB 0x00000007e9800000| Complete |  0
|1941|0x00000007e9c00000, 0x00000007ea000000, 0x00000007ea000000|100%| E|CS|TAMS 0x00000007e9c00000| PB 0x00000007e9c00000| Complete |  0
|1942|0x00000007ea000000, 0x00000007ea400000, 0x00000007ea400000|100%| E|CS|TAMS 0x00000007ea000000| PB 0x00000007ea000000| Complete |  0
|1943|0x00000007ea400000, 0x00000007ea800000, 0x00000007ea800000|100%| E|CS|TAMS 0x00000007ea400000| PB 0x00000007ea400000| Complete |  0
|1944|0x00000007ea800000, 0x00000007eac00000, 0x00000007eac00000|100%| E|CS|TAMS 0x00000007ea800000| PB 0x00000007ea800000| Complete |  0
|1945|0x00000007eac00000, 0x00000007eb000000, 0x00000007eb000000|100%| E|CS|TAMS 0x00000007eac00000| PB 0x00000007eac00000| Complete |  0
|1946|0x00000007eb000000, 0x00000007eb400000, 0x00000007eb400000|100%| E|CS|TAMS 0x00000007eb000000| PB 0x00000007eb000000| Complete |  0
|1947|0x00000007eb400000, 0x00000007eb800000, 0x00000007eb800000|100%| E|CS|TAMS 0x00000007eb400000| PB 0x00000007eb400000| Complete |  0
|1948|0x00000007eb800000, 0x00000007ebc00000, 0x00000007ebc00000|100%| E|CS|TAMS 0x00000007eb800000| PB 0x00000007eb800000| Complete |  0
|1949|0x00000007ebc00000, 0x00000007ec000000, 0x00000007ec000000|100%| E|CS|TAMS 0x00000007ebc00000| PB 0x00000007ebc00000| Complete |  0
|1950|0x00000007ec000000, 0x00000007ec400000, 0x00000007ec400000|100%| E|CS|TAMS 0x00000007ec000000| PB 0x00000007ec000000| Complete |  0
|1951|0x00000007ec400000, 0x00000007ec800000, 0x00000007ec800000|100%| E|CS|TAMS 0x00000007ec400000| PB 0x00000007ec400000| Complete |  0
|1952|0x00000007ec800000, 0x00000007ecc00000, 0x00000007ecc00000|100%| E|CS|TAMS 0x00000007ec800000| PB 0x00000007ec800000| Complete |  0
|1953|0x00000007ecc00000, 0x00000007ed000000, 0x00000007ed000000|100%| E|CS|TAMS 0x00000007ecc00000| PB 0x00000007ecc00000| Complete |  0
|1954|0x00000007ed000000, 0x00000007ed400000, 0x00000007ed400000|100%| E|CS|TAMS 0x00000007ed000000| PB 0x00000007ed000000| Complete |  0
|1955|0x00000007ed400000, 0x00000007ed800000, 0x00000007ed800000|100%| E|CS|TAMS 0x00000007ed400000| PB 0x00000007ed400000| Complete |  0
|1956|0x00000007ed800000, 0x00000007edc00000, 0x00000007edc00000|100%| E|CS|TAMS 0x00000007ed800000| PB 0x00000007ed800000| Complete |  0
|1957|0x00000007edc00000, 0x00000007ee000000, 0x00000007ee000000|100%| E|CS|TAMS 0x00000007edc00000| PB 0x00000007edc00000| Complete |  0
|1958|0x00000007ee000000, 0x00000007ee400000, 0x00000007ee400000|100%| E|CS|TAMS 0x00000007ee000000| PB 0x00000007ee000000| Complete |  0
|1959|0x00000007ee400000, 0x00000007ee800000, 0x00000007ee800000|100%| E|CS|TAMS 0x00000007ee400000| PB 0x00000007ee400000| Complete |  0
|1960|0x00000007ee800000, 0x00000007eec00000, 0x00000007eec00000|100%| E|CS|TAMS 0x00000007ee800000| PB 0x00000007ee800000| Complete |  0
|1961|0x00000007eec00000, 0x00000007ef000000, 0x00000007ef000000|100%| E|CS|TAMS 0x00000007eec00000| PB 0x00000007eec00000| Complete |  0
|1962|0x00000007ef000000, 0x00000007ef400000, 0x00000007ef400000|100%| E|CS|TAMS 0x00000007ef000000| PB 0x00000007ef000000| Complete |  0
|1963|0x00000007ef400000, 0x00000007ef800000, 0x00000007ef800000|100%| E|CS|TAMS 0x00000007ef400000| PB 0x00000007ef400000| Complete |  0
|1964|0x00000007ef800000, 0x00000007efc00000, 0x00000007efc00000|100%| E|CS|TAMS 0x00000007ef800000| PB 0x00000007ef800000| Complete |  0
|1965|0x00000007efc00000, 0x00000007f0000000, 0x00000007f0000000|100%| E|CS|TAMS 0x00000007efc00000| PB 0x00000007efc00000| Complete |  0
|1966|0x00000007f0000000, 0x00000007f0400000, 0x00000007f0400000|100%| E|CS|TAMS 0x00000007f0000000| PB 0x00000007f0000000| Complete |  0
|1967|0x00000007f0400000, 0x00000007f0800000, 0x00000007f0800000|100%| E|CS|TAMS 0x00000007f0400000| PB 0x00000007f0400000| Complete |  0
|1968|0x00000007f0800000, 0x00000007f0c00000, 0x00000007f0c00000|100%| E|CS|TAMS 0x00000007f0800000| PB 0x00000007f0800000| Complete |  0
|1969|0x00000007f0c00000, 0x00000007f1000000, 0x00000007f1000000|100%| E|CS|TAMS 0x00000007f0c00000| PB 0x00000007f0c00000| Complete |  0
|1970|0x00000007f1000000, 0x00000007f1400000, 0x00000007f1400000|100%| E|CS|TAMS 0x00000007f1000000| PB 0x00000007f1000000| Complete |  0
|1971|0x00000007f1400000, 0x00000007f1800000, 0x00000007f1800000|100%| E|CS|TAMS 0x00000007f1400000| PB 0x00000007f1400000| Complete |  0
|1972|0x00000007f1800000, 0x00000007f1c00000, 0x00000007f1c00000|100%| E|CS|TAMS 0x00000007f1800000| PB 0x00000007f1800000| Complete |  0
|1973|0x00000007f1c00000, 0x00000007f2000000, 0x00000007f2000000|100%| E|CS|TAMS 0x00000007f1c00000| PB 0x00000007f1c00000| Complete |  0
|1974|0x00000007f2000000, 0x00000007f2400000, 0x00000007f2400000|100%| E|CS|TAMS 0x00000007f2000000| PB 0x00000007f2000000| Complete |  0
|1975|0x00000007f2400000, 0x00000007f2800000, 0x00000007f2800000|100%| O|  |TAMS 0x00000007f2400000| PB 0x00000007f2400000| Untracked |  0
|1976|0x00000007f2800000, 0x00000007f2c00000, 0x00000007f2c00000|100%| O|  |TAMS 0x00000007f2800000| PB 0x00000007f2800000| Untracked |  0
|1977|0x00000007f2c00000, 0x00000007f3000000, 0x00000007f3000000|100%| O|  |TAMS 0x00000007f2c00000| PB 0x00000007f2c00000| Untracked |  0
|1978|0x00000007f3000000, 0x00000007f3400000, 0x00000007f3400000|100%| O|  |TAMS 0x00000007f3000000| PB 0x00000007f3000000| Untracked |  0
|1979|0x00000007f3400000, 0x00000007f3800000, 0x00000007f3800000|100%| O|  |TAMS 0x00000007f3400000| PB 0x00000007f3400000| Untracked |  0
|1980|0x00000007f3800000, 0x00000007f3c00000, 0x00000007f3c00000|100%| O|  |TAMS 0x00000007f3800000| PB 0x00000007f3800000| Untracked |  0
|1981|0x00000007f3c00000, 0x00000007f4000000, 0x00000007f4000000|100%| O|  |TAMS 0x00000007f3c00000| PB 0x00000007f3c00000| Untracked |  0
|1982|0x00000007f4000000, 0x00000007f4400000, 0x00000007f4400000|100%| O|  |TAMS 0x00000007f4000000| PB 0x00000007f4000000| Untracked |  0
|1983|0x00000007f4400000, 0x00000007f4800000, 0x00000007f4800000|100%| O|  |TAMS 0x00000007f4400000| PB 0x00000007f4400000| Untracked |  0
|1984|0x00000007f4800000, 0x00000007f4c00000, 0x00000007f4c00000|100%| O|  |TAMS 0x00000007f4800000| PB 0x00000007f4800000| Untracked |  0
|1985|0x00000007f4c00000, 0x00000007f5000000, 0x00000007f5000000|100%| E|CS|TAMS 0x00000007f4c00000| PB 0x00000007f4c00000| Complete |  0
|1986|0x00000007f5000000, 0x00000007f5400000, 0x00000007f5400000|100%| O|  |TAMS 0x00000007f5000000| PB 0x00000007f5000000| Untracked |  0
|1987|0x00000007f5400000, 0x00000007f5800000, 0x00000007f5800000|100%| O|  |TAMS 0x00000007f5400000| PB 0x00000007f5400000| Untracked |  0
|1988|0x00000007f5800000, 0x00000007f5c00000, 0x00000007f5c00000|100%| E|CS|TAMS 0x00000007f5800000| PB 0x00000007f5800000| Complete |  0
|1989|0x00000007f5c00000, 0x00000007f6000000, 0x00000007f6000000|100%| E|CS|TAMS 0x00000007f5c00000| PB 0x00000007f5c00000| Complete |  0
|1990|0x00000007f6000000, 0x00000007f6400000, 0x00000007f6400000|100%| O|  |TAMS 0x00000007f6000000| PB 0x00000007f6000000| Untracked |  0
|1991|0x00000007f6400000, 0x00000007f6800000, 0x00000007f6800000|100%| O|  |TAMS 0x00000007f6400000| PB 0x00000007f6400000| Untracked |  0
|1992|0x00000007f6800000, 0x00000007f6c00000, 0x00000007f6c00000|100%| E|CS|TAMS 0x00000007f6800000| PB 0x00000007f6800000| Complete |  0
|1993|0x00000007f6c00000, 0x00000007f7000000, 0x00000007f7000000|100%| O|  |TAMS 0x00000007f6c00000| PB 0x00000007f6c00000| Untracked |  0
|1994|0x00000007f7000000, 0x00000007f7400000, 0x00000007f7400000|100%| O|  |TAMS 0x00000007f7000000| PB 0x00000007f7000000| Untracked |  0
|1995|0x00000007f7400000, 0x00000007f7800000, 0x00000007f7800000|100%| O|  |TAMS 0x00000007f7400000| PB 0x00000007f7400000| Untracked |  0
|1996|0x00000007f7800000, 0x00000007f7c00000, 0x00000007f7c00000|100%| E|CS|TAMS 0x00000007f7800000| PB 0x00000007f7800000| Complete |  0
|1997|0x00000007f7c00000, 0x00000007f8000000, 0x00000007f8000000|100%| E|CS|TAMS 0x00000007f7c00000| PB 0x00000007f7c00000| Complete |  0
|1998|0x00000007f8000000, 0x00000007f8400000, 0x00000007f8400000|100%| E|CS|TAMS 0x00000007f8000000| PB 0x00000007f8000000| Complete |  0
|1999|0x00000007f8400000, 0x00000007f8800000, 0x00000007f8800000|100%| E|CS|TAMS 0x00000007f8400000| PB 0x00000007f8400000| Complete |  0
|2000|0x00000007f8800000, 0x00000007f8c00000, 0x00000007f8c00000|100%| O|  |TAMS 0x00000007f8800000| PB 0x00000007f8800000| Untracked |  0
|2001|0x00000007f8c00000, 0x00000007f9000000, 0x00000007f9000000|100%| E|CS|TAMS 0x00000007f8c00000| PB 0x00000007f8c00000| Complete |  0
|2002|0x00000007f9000000, 0x00000007f9400000, 0x00000007f9400000|100%| E|CS|TAMS 0x00000007f9000000| PB 0x00000007f9000000| Complete |  0
|2003|0x00000007f9400000, 0x00000007f9800000, 0x00000007f9800000|100%| E|CS|TAMS 0x00000007f9400000| PB 0x00000007f9400000| Complete |  0
|2004|0x00000007f9800000, 0x00000007f9c00000, 0x00000007f9c00000|100%| E|CS|TAMS 0x00000007f9800000| PB 0x00000007f9800000| Complete |  0
|2005|0x00000007f9c00000, 0x00000007fa000000, 0x00000007fa000000|100%| E|CS|TAMS 0x00000007f9c00000| PB 0x00000007f9c00000| Complete |  0
|2006|0x00000007fa000000, 0x00000007fa400000, 0x00000007fa400000|100%| E|CS|TAMS 0x00000007fa000000| PB 0x00000007fa000000| Complete |  0
|2007|0x00000007fa400000, 0x00000007fa800000, 0x00000007fa800000|100%| E|CS|TAMS 0x00000007fa400000| PB 0x00000007fa400000| Complete |  0
|2008|0x00000007fa800000, 0x00000007fac00000, 0x00000007fac00000|100%| E|CS|TAMS 0x00000007fa800000| PB 0x00000007fa800000| Complete |  0
|2009|0x00000007fac00000, 0x00000007fb000000, 0x00000007fb000000|100%| O|  |TAMS 0x00000007fac00000| PB 0x00000007fac00000| Untracked |  0
|2010|0x00000007fb000000, 0x00000007fb400000, 0x00000007fb400000|100%| E|CS|TAMS 0x00000007fb000000| PB 0x00000007fb000000| Complete |  0
|2011|0x00000007fb400000, 0x00000007fb800000, 0x00000007fb800000|100%| E|CS|TAMS 0x00000007fb400000| PB 0x00000007fb400000| Complete |  0
|2012|0x00000007fb800000, 0x00000007fbc00000, 0x00000007fbc00000|100%| E|CS|TAMS 0x00000007fb800000| PB 0x00000007fb800000| Complete |  0
|2013|0x00000007fbc00000, 0x00000007fc000000, 0x00000007fc000000|100%| E|CS|TAMS 0x00000007fbc00000| PB 0x00000007fbc00000| Complete |  0
|2014|0x00000007fc000000, 0x00000007fc400000, 0x00000007fc400000|100%| E|CS|TAMS 0x00000007fc000000| PB 0x00000007fc000000| Complete |  0
|2015|0x00000007fc400000, 0x00000007fc800000, 0x00000007fc800000|100%| E|CS|TAMS 0x00000007fc400000| PB 0x00000007fc400000| Complete |  0
|2016|0x00000007fc800000, 0x00000007fcc00000, 0x00000007fcc00000|100%| E|CS|TAMS 0x00000007fc800000| PB 0x00000007fc800000| Complete |  0
|2017|0x00000007fcc00000, 0x00000007fd000000, 0x00000007fd000000|100%| E|CS|TAMS 0x00000007fcc00000| PB 0x00000007fcc00000| Complete |  0
|2018|0x00000007fd000000, 0x00000007fd400000, 0x00000007fd400000|100%| E|CS|TAMS 0x00000007fd000000| PB 0x00000007fd000000| Complete |  0
|2019|0x00000007fd400000, 0x00000007fd800000, 0x00000007fd800000|100%| E|CS|TAMS 0x00000007fd400000| PB 0x00000007fd400000| Complete |  0
|2020|0x00000007fd800000, 0x00000007fdc00000, 0x00000007fdc00000|100%| E|CS|TAMS 0x00000007fd800000| PB 0x00000007fd800000| Complete |  0
|2021|0x00000007fdc00000, 0x00000007fe000000, 0x00000007fe000000|100%| O|  |TAMS 0x00000007fdc00000| PB 0x00000007fdc00000| Untracked |  0
|2022|0x00000007fe000000, 0x00000007fe400000, 0x00000007fe400000|100%| E|CS|TAMS 0x00000007fe000000| PB 0x00000007fe000000| Complete |  0
|2023|0x00000007fe400000, 0x00000007fe800000, 0x00000007fe800000|100%| E|CS|TAMS 0x00000007fe400000| PB 0x00000007fe400000| Complete |  0
|2024|0x00000007fe800000, 0x00000007fec00000, 0x00000007fec00000|100%| O|  |TAMS 0x00000007fe800000| PB 0x00000007fe800000| Untracked |  0
|2025|0x00000007fec00000, 0x00000007ff000000, 0x00000007ff000000|100%| E|CS|TAMS 0x00000007fec00000| PB 0x00000007fec00000| Complete |  0
|2026|0x00000007ff000000, 0x00000007ff400000, 0x00000007ff400000|100%| E|CS|TAMS 0x00000007ff000000| PB 0x00000007ff000000| Complete |  0
|2027|0x00000007ff400000, 0x00000007ff800000, 0x00000007ff800000|100%| E|CS|TAMS 0x00000007ff400000| PB 0x00000007ff400000| Complete |  0
|2028|0x00000007ff800000, 0x00000007ffc00000, 0x00000007ffc00000|100%| E|CS|TAMS 0x00000007ff800000| PB 0x00000007ff800000| Complete |  0
|2029|0x00000007ffc00000, 0x0000000800000000, 0x0000000800000000|100%| E|CS|TAMS 0x00000007ffc00000| PB 0x00000007ffc00000| Complete |  0

Card table byte_map: [0x0000018cbe6d0000,0x0000018cbf6b0000] _byte_map_base: 0x0000018cbb6ac000

Marking Bits: (CMBitMap*) 0x0000018ca5130280
 Bits: [0x0000018cbf6b0000, 0x0000018cc7590000)

Polling page: 0x0000018ca2fb0000

Metaspace:
Metaspace        used 467805K, committed 473984K, reserved 1507328K
 class space     used 71218K, committed 74304K, reserved 1048576K

Usage:
  Non-class:    387.29 MB used.
      Class:     69.55 MB used.
       Both:    456.84 MB used.

Virtual space:
  Non-class space:      448.00 MB reserved,     390.31 MB ( 87%) committed,  7 nodes.
      Class space:        1.00 GB reserved,      72.56 MB (  7%) committed,  1 nodes.
             Both:        1.44 GB reserved,     462.88 MB ( 31%) committed. 

Chunk freelists:
   Non-Class:  8.94 MB
       Class:  7.65 MB
        Both:  16.59 MB

MaxMetaspaceSize: unlimited
CompressedClassSpaceSize: 1.00 GB
Initial GC threshold: 21.00 MB
Current GC threshold: 771.19 MB
CDS: on
 - commit_granule_bytes: 65536.
 - commit_granule_words: 8192.
 - virtual_space_node_default_size: 8388608.
 - enlarge_chunks_in_place: 1.
UseCompressedClassPointers 1, UseCompactObjectHeaders 0
Narrow klass pointer bits 32, Max shift 3
Narrow klass base: 0x000000001a000000, Narrow klass shift: 0
Encoding Range: [0x000000001a000000 - 0x000000011a000000), (4294967296 bytes)
Klass Range:    [0x000000001a010000 - 0x000000005b000000), (1090453504 bytes)
Klass ID Range:  [65536 - 1090519033) (1090453497)
Protection zone: [0x000000001a000000 - 0x000000001a010000), (65536 bytes)


Internal statistics:

num_allocs_failed_limit: 6.
num_arena_births: 9086.
num_arena_deaths: 1254.
num_vsnodes_births: 8.
num_vsnodes_deaths: 0.
num_space_committed: 7402.
num_space_uncommitted: 5.
num_chunks_returned_to_freelist: 1497.
num_chunks_taken_from_freelist: 32457.
num_chunk_merges: 440.
num_chunk_splits: 21298.
num_chunks_enlarged: 12896.
num_inconsistent_stats: 0.

CodeHeap 'non-profiled nmethods': size=119232Kb used=33229Kb max_used=34598Kb free=86003Kb
 bounds [0x0000018cb54a0000, 0x0000018cb7680000, 0x0000018cbc910000]
CodeHeap 'profiled nmethods': size=119104Kb used=22172Kb max_used=42853Kb free=96931Kb
 bounds [0x0000018cad910000, 0x0000018cb02f0000, 0x0000018cb4d60000]
CodeHeap 'non-nmethods': size=7424Kb used=5119Kb max_used=5341Kb free=2304Kb
 bounds [0x0000018cb4d60000, 0x0000018cb52b0000, 0x0000018cb54a0000]
CodeCache: size=245760Kb, used=60520Kb, max_used=82792Kb, free=185238Kb
 total_blobs=24691, nmethods=22162, adapters=2409, full_count=0
Compilation: enabled, stopped_count=0, restarted_count=0

Compilation events (20 events):
Event: 10319.882 Thread 0x0000018ccabcf720 136128       3       de.bluecolored.bluemap.core.util.stream.DelegateOutputStream::flush (8 bytes)
Event: 10319.883 Thread 0x0000018ccabcf720 nmethod 136128 0x0000018cad97f188 code [0x0000018cad97f280, 0x0000018cad97f450]
Event: 10334.002 Thread 0x0000018ccabcc640 136129       4       com.bergerkiller.bukkit.common.config.TempFileOutputStream::write (11 bytes)
Event: 10334.004 Thread 0x0000018ccabcc640 nmethod 136129 0x0000018cb7664f88 code [0x0000018cb7665080, 0x0000018cb76651d8]
Event: 10335.847 Thread 0x0000018ccabcc640 136130       4       com.google.common.collect.CollectSpliterators$1WithCharacteristics::estimateSize (10 bytes)
Event: 10335.849 Thread 0x0000018ccabcc640 nmethod 136130 0x0000018cb7664c88 code [0x0000018cb7664d80, 0x0000018cb7664e28]
Event: 10340.692 Thread 0x0000018ccabcf720 136131       3       com.earth2me.essentials.libs.bstats.json.JsonObjectBuilder::<init> (31 bytes)
Event: 10340.693 Thread 0x0000018ccabcf720 nmethod 136131 0x0000018cafd7ab88 code [0x0000018cafd7ac80, 0x0000018cafd7b080]
Event: 10340.693 Thread 0x0000018ccabcf720 136132       3       com.earth2me.essentials.libs.bstats.json.JsonObjectBuilder::appendField (48 bytes)
Event: 10340.693 Thread 0x0000018ccabcf720 nmethod 136132 0x0000018cafd7a088 code [0x0000018cafd7a180, 0x0000018cafd7ab40]
Event: 10343.898 Thread 0x0000018ccabcf720 136133       3       emanondev.itemedit.compability.Metrics$JsonObjectBuilder::escape (119 bytes)
Event: 10343.899 Thread 0x0000018ccabcf720 nmethod 136133 0x0000018cae98ba08 code [0x0000018cae98bb00, 0x0000018cae98d1e0]
Event: 10348.839 Thread 0x0000018ccabcf720 136134       3       io.github.seggan.sfcalc.bstats.json.JsonObjectBuilder::escape (119 bytes)
Event: 10348.841 Thread 0x0000018ccabcf720 nmethod 136134 0x0000018cafb36808 code [0x0000018cafb36900, 0x0000018cafb37fe0]
Event: 10360.751 Thread 0x0000018ccabcf720 136135       3       com.sk89q.worldguard.bukkit.bstats.json.JsonObjectBuilder::escape (119 bytes)
Event: 10360.751 Thread 0x0000018ccabcf720 nmethod 136135 0x0000018cafa10608 code [0x0000018cafa10700, 0x0000018cafa11de0]
Event: 10367.233 Thread 0x0000018ccabcc640 136136       4       sun.security.util.ArrayUtil::reverse (28 bytes)
Event: 10367.235 Thread 0x0000018ccabcc640 nmethod 136136 0x0000018cb7664908 code [0x0000018cb7664a00, 0x0000018cb7664c68]
Event: 10447.375 Thread 0x0000018ccabcf720 136137   !   3       java.awt.Toolkit::setDesktopProperty (70 bytes)
Event: 10447.377 Thread 0x0000018ccabcf720 nmethod 136137 0x0000018cae98b108 code [0x0000018cae98b200, 0x0000018cae98b9f8]

GC Heap Usage History (20 events):
Event: 8992.868 {heap Before GC invocations=304 (full 1):
 garbage-first heap   total reserved 8314880K, committed 5996544K, used 5689995K [0x0000000604800000, 0x0000000800000000)
  region size 4096K, 720 young (2949120K), 39 survivors (159744K)
}
Event: 8992.912 {heap After GC invocations=305 (full 1):
 garbage-first heap   total reserved 8314880K, committed 5996544K, used 2864620K [0x0000000604800000, 0x0000000800000000)
  region size 4096K, 39 young (159744K), 39 survivors (159744K)
}
Event: 9073.603 {heap Before GC invocations=305 (full 1):
 garbage-first heap   total reserved 8314880K, committed 5996544K, used 5686764K [0x0000000604800000, 0x0000000800000000)
  region size 4096K, 728 young (2981888K), 39 survivors (159744K)
}
Event: 9073.621 {heap After GC invocations=306 (full 1):
 garbage-first heap   total reserved 8314880K, committed 5996544K, used 2863047K [0x0000000604800000, 0x0000000800000000)
  region size 4096K, 38 young (155648K), 38 survivors (155648K)
}
Event: 9154.648 {heap Before GC invocations=307 (full 1):
 garbage-first heap   total reserved 8314880K, committed 5996544K, used 5689287K [0x0000000604800000, 0x0000000800000000)
  region size 4096K, 728 young (2981888K), 38 survivors (155648K)
}
Event: 9154.666 {heap After GC invocations=308 (full 1):
 garbage-first heap   total reserved 8314880K, committed 5996544K, used 2866680K [0x0000000604800000, 0x0000000800000000)
  region size 4096K, 39 young (159744K), 39 survivors (159744K)
}
Event: 9237.696 {heap Before GC invocations=308 (full 1):
 garbage-first heap   total reserved 8314880K, committed 5996544K, used 5688824K [0x0000000604800000, 0x0000000800000000)
  region size 4096K, 728 young (2981888K), 39 survivors (159744K)
}
Event: 9237.720 {heap After GC invocations=309 (full 1):
 garbage-first heap   total reserved 8314880K, committed 5996544K, used 2847814K [0x0000000604800000, 0x0000000800000000)
  region size 4096K, 40 young (163840K), 40 survivors (163840K)
}
Event: 9315.965 {heap Before GC invocations=309 (full 1):
 garbage-first heap   total reserved 8314880K, committed 5996544K, used 5686342K [0x0000000604800000, 0x0000000800000000)
  region size 4096K, 733 young (3002368K), 40 survivors (163840K)
}
Event: 9315.985 {heap After GC invocations=310 (full 1):
 garbage-first heap   total reserved 8314880K, committed 5996544K, used 2845325K [0x0000000604800000, 0x0000000800000000)
  region size 4096K, 39 young (159744K), 39 survivors (159744K)
}
Event: 9398.347 {heap Before GC invocations=311 (full 1):
 garbage-first heap   total reserved 8314880K, committed 5996544K, used 5687949K [0x0000000604800000, 0x0000000800000000)
  region size 4096K, 733 young (3002368K), 39 survivors (159744K)
}
Event: 9398.367 {heap After GC invocations=312 (full 1):
 garbage-first heap   total reserved 8314880K, committed 5996544K, used 2851140K [0x0000000604800000, 0x0000000800000000)
  region size 4096K, 21 young (86016K), 21 survivors (86016K)
}
Event: 9481.841 {heap Before GC invocations=312 (full 1):
 garbage-first heap   total reserved 8314880K, committed 5996544K, used 5689668K [0x0000000604800000, 0x0000000800000000)
  region size 4096K, 714 young (2924544K), 21 survivors (86016K)
}
Event: 9481.883 {heap After GC invocations=313 (full 1):
 garbage-first heap   total reserved 8314880K, committed 5996544K, used 2833373K [0x0000000604800000, 0x0000000800000000)
  region size 4096K, 10 young (40960K), 10 survivors (40960K)
}
Event: 9562.554 {heap Before GC invocations=313 (full 1):
 garbage-first heap   total reserved 8314880K, committed 5996544K, used 5688285K [0x0000000604800000, 0x0000000800000000)
  region size 4096K, 707 young (2895872K), 10 survivors (40960K)
}
Event: 9562.564 {heap After GC invocations=314 (full 1):
 garbage-first heap   total reserved 8314880K, committed 5996544K, used 2842779K [0x0000000604800000, 0x0000000800000000)
  region size 4096K, 9 young (36864K), 9 survivors (36864K)
}
Event: 9656.197 {heap Before GC invocations=315 (full 1):
 garbage-first heap   total reserved 8314880K, committed 5996544K, used 5689499K [0x0000000604800000, 0x0000000800000000)
  region size 4096K, 704 young (2883584K), 9 survivors (36864K)
}
Event: 9656.206 {heap After GC invocations=316 (full 1):
 garbage-first heap   total reserved 8314880K, committed 5996544K, used 2832238K [0x0000000604800000, 0x0000000800000000)
  region size 4096K, 4 young (16384K), 4 survivors (16384K)
}
Event: 10083.827 {heap Before GC invocations=316 (full 1):
 garbage-first heap   total reserved 8314880K, committed 5996544K, used 5687150K [0x0000000604800000, 0x0000000800000000)
  region size 4096K, 701 young (2871296K), 4 survivors (16384K)
}
Event: 10083.875 {heap After GC invocations=317 (full 1):
 garbage-first heap   total reserved 8314880K, committed 5996544K, used 2797343K [0x0000000604800000, 0x0000000800000000)
  region size 4096K, 4 young (16384K), 4 survivors (16384K)
}

Metaspace Usage History (20 events):
Event: 8992.868 {metaspace Before GC invocations=304 (full 1):
 Metaspace       used 467573K, committed 473728K, reserved 1507328K
  class space    used 71203K, committed 74304K, reserved 1048576K
}
Event: 8992.912 {metaspace After GC invocations=305 (full 1):
 Metaspace       used 467573K, committed 473728K, reserved 1507328K
  class space    used 71203K, committed 74304K, reserved 1048576K
}
Event: 9073.603 {metaspace Before GC invocations=305 (full 1):
 Metaspace       used 467574K, committed 473728K, reserved 1507328K
  class space    used 71203K, committed 74304K, reserved 1048576K
}
Event: 9073.621 {metaspace After GC invocations=306 (full 1):
 Metaspace       used 467574K, committed 473728K, reserved 1507328K
  class space    used 71203K, committed 74304K, reserved 1048576K
}
Event: 9154.648 {metaspace Before GC invocations=307 (full 1):
 Metaspace       used 467575K, committed 473728K, reserved 1507328K
  class space    used 71203K, committed 74304K, reserved 1048576K
}
Event: 9154.666 {metaspace After GC invocations=308 (full 1):
 Metaspace       used 467575K, committed 473728K, reserved 1507328K
  class space    used 71203K, committed 74304K, reserved 1048576K
}
Event: 9237.696 {metaspace Before GC invocations=308 (full 1):
 Metaspace       used 467575K, committed 473728K, reserved 1507328K
  class space    used 71203K, committed 74304K, reserved 1048576K
}
Event: 9237.720 {metaspace After GC invocations=309 (full 1):
 Metaspace       used 467575K, committed 473728K, reserved 1507328K
  class space    used 71203K, committed 74304K, reserved 1048576K
}
Event: 9315.965 {metaspace Before GC invocations=309 (full 1):
 Metaspace       used 467581K, committed 473728K, reserved 1507328K
  class space    used 71203K, committed 74304K, reserved 1048576K
}
Event: 9315.985 {metaspace After GC invocations=310 (full 1):
 Metaspace       used 467581K, committed 473728K, reserved 1507328K
  class space    used 71203K, committed 74304K, reserved 1048576K
}
Event: 9398.347 {metaspace Before GC invocations=311 (full 1):
 Metaspace       used 467587K, committed 473728K, reserved 1507328K
  class space    used 71203K, committed 74304K, reserved 1048576K
}
Event: 9398.367 {metaspace After GC invocations=312 (full 1):
 Metaspace       used 467587K, committed 473728K, reserved 1507328K
  class space    used 71203K, committed 74304K, reserved 1048576K
}
Event: 9481.841 {metaspace Before GC invocations=312 (full 1):
 Metaspace       used 467587K, committed 473728K, reserved 1507328K
  class space    used 71203K, committed 74304K, reserved 1048576K
}
Event: 9481.883 {metaspace After GC invocations=313 (full 1):
 Metaspace       used 467587K, committed 473728K, reserved 1507328K
  class space    used 71203K, committed 74304K, reserved 1048576K
}
Event: 9562.554 {metaspace Before GC invocations=313 (full 1):
 Metaspace       used 467610K, committed 473792K, reserved 1507328K
  class space    used 71204K, committed 74304K, reserved 1048576K
}
Event: 9562.564 {metaspace After GC invocations=314 (full 1):
 Metaspace       used 467610K, committed 473792K, reserved 1507328K
  class space    used 71204K, committed 74304K, reserved 1048576K
}
Event: 9656.197 {metaspace Before GC invocations=315 (full 1):
 Metaspace       used 467632K, committed 473792K, reserved 1507328K
  class space    used 71204K, committed 74304K, reserved 1048576K
}
Event: 9656.206 {metaspace After GC invocations=316 (full 1):
 Metaspace       used 467632K, committed 473792K, reserved 1507328K
  class space    used 71204K, committed 74304K, reserved 1048576K
}
Event: 10083.827 {metaspace Before GC invocations=316 (full 1):
 Metaspace       used 467784K, committed 473984K, reserved 1507328K
  class space    used 71215K, committed 74304K, reserved 1048576K
}
Event: 10083.875 {metaspace After GC invocations=317 (full 1):
 Metaspace       used 467784K, committed 473984K, reserved 1507328K
  class space    used 71215K, committed 74304K, reserved 1048576K
}

Dll operation events (20 events):
Event: 0.038 Loaded shared library C:\Program Files\Java\jdk-25.0.2\bin\jimage.dll
Event: 3.335 Loaded shared library C:\Program Files\Java\jdk-25.0.2\bin\management.dll
Event: 3.336 Loaded shared library C:\Program Files\Java\jdk-25.0.2\bin\management_ext.dll
Event: 3.486 Loaded shared library C:\Windows\System32\msvcrt.dll
Event: 3.487 Loaded shared library C:\Windows\System32\kernel32.dll
Event: 3.543 Loaded shared library C:\Users\Ryan Yu\AppData\Local\Temp\jlinenative-3.27.1-4d1a65b9ce4c10ee-jlinenative.dll
Event: 3.629 Loaded shared library C:\Program Files\Java\jdk-25.0.2\bin\verify.dll
Event: 3.765 Loaded shared library C:\Users\Ryan Yu\AppData\Local\Temp\jna--977090040\jna13451436926242476587.dll
Event: 4.189 Loaded shared library C:\Windows\System32\ucrtbase.dll
Event: 4.190 Loaded shared library C:\Program Files\Java\jdk-25.0.2\bin\syslookup.dll
Event: 29.554 Loaded shared library C:\Program Files\Java\jdk-25.0.2\bin\jaas.dll
Event: 29.699 Loaded shared library C:\Program Files\Java\jdk-25.0.2\bin\sunmscapi.dll
Event: 29.754 Loaded shared library C:\Program Files\Java\jdk-25.0.2\bin\extnet.dll
Event: 36.093 Loaded shared library C:\Program Files\Java\jdk-25.0.2\bin\awt.dll
Event: 36.348 Loaded shared library C:\Program Files\Java\jdk-25.0.2\bin\freetype.dll
Event: 36.351 Loaded shared library C:\Program Files\Java\jdk-25.0.2\bin\fontmanager.dll
Event: 44.455 Loaded shared library C:\Program Files\Java\jdk-25.0.2\bin\javajpeg.dll
Event: 75.652 Loaded shared library C:\Users\Ryan Yu\AppData\Local\Temp\sqlite-3.49.1.0-320be21b-4749-4115-ba9a-da036c8ea1e5-sqlitejdbc.dll
Event: 101.713 Loaded shared library C:\Users\Ryan Yu\AppData\Local\org.graalvm.polyglot\engine\libtruffleattach\dffdb886909591f50bd05e4fdab42bf58cc10588b9f1a2be5bcbf0fd1a6f19cb\bin\truffleattach.dll
Event: 113.000 Loaded shared library C:\Users\Ryan Yu\AppData\Local\Temp\libzstd-jni-1.5.5-43843631032690361890.dll

Deoptimization events (20 events):
Event: 9846.276 Thread 0x0000018ced1bfd30 DEOPT PACKING pc=0x0000018cae7a0069 sp=0x0000003bbdafee10
Event: 9846.276 Thread 0x0000018ced1bfd30 DEOPT UNPACKING pc=0x0000018cb4db1702 sp=0x0000003bbdafe2c0 mode 0
Event: 9854.069 Thread 0x0000018ce56b7690 Uncommon trap: trap_request=0xffffffbe fr.pc=0x0000018cb597110c relative=0x000000000000038c
Event: 9854.069 Thread 0x0000018ce56b7690 Uncommon trap: reason=profile_predicate action=maybe_recompile pc=0x0000018cb597110c method=org.apache.logging.log4j.message.ParameterFormatter.analyzePattern(Ljava/lang/String;ILorg/apache/logging/log4j/message/ParameterFormatter$MessagePatternAnalysis;)
Event: 9854.069 Thread 0x0000018ce56b7690 DEOPT PACKING pc=0x0000018cb597110c sp=0x0000003bb79feb10
Event: 9854.069 Thread 0x0000018ce56b7690 DEOPT UNPACKING pc=0x0000018cb4e80f82 sp=0x0000003bb79fea90 mode 2
Event: 9902.911 Thread 0x0000018cdd3e5770 DEOPT PACKING pc=0x0000018cafb94fa9 sp=0x0000003bbd6fee80
Event: 9902.911 Thread 0x0000018cdd3e5770 DEOPT UNPACKING pc=0x0000018cb4db1702 sp=0x0000003bbd6fe360 mode 0
Event: 10447.346 Thread 0x0000018cd61c31c0 Uncommon trap: trap_request=0xffffffde fr.pc=0x0000018cb54bb43c relative=0x000000000000033c
Event: 10447.346 Thread 0x0000018cd61c31c0 Uncommon trap: reason=class_check action=maybe_recompile pc=0x0000018cb54bb43c method=java.util.ComparableTimSort.mergeAt(I)V @ 222 c2
Event: 10447.346 Thread 0x0000018cd61c31c0 DEOPT PACKING pc=0x0000018cb54bb43c sp=0x0000003bafffe8c0
Event: 10447.346 Thread 0x0000018cd61c31c0 DEOPT UNPACKING pc=0x0000018cb4e80f82 sp=0x0000003bafffe848 mode 2
Event: 10447.347 Thread 0x0000018cd61c31c0 Uncommon trap: trap_request=0xffffffde fr.pc=0x0000018cb57a67dc relative=0x000000000000075c
Event: 10447.347 Thread 0x0000018cd61c31c0 Uncommon trap: reason=class_check action=maybe_recompile pc=0x0000018cb57a67dc method=java.util.ComparableTimSort.gallopRight(Ljava/lang/Comparable;[Ljava/lang/Object;III)I @ 42 c2
Event: 10447.347 Thread 0x0000018cd61c31c0 DEOPT PACKING pc=0x0000018cb57a67dc sp=0x0000003bafffe7f0
Event: 10447.347 Thread 0x0000018cd61c31c0 DEOPT UNPACKING pc=0x0000018cb4e80f82 sp=0x0000003bafffe798 mode 2
Event: 10447.347 Thread 0x0000018cd61c31c0 Uncommon trap: trap_request=0xffffffde fr.pc=0x0000018cb57a1728 relative=0x0000000000002328
Event: 10447.347 Thread 0x0000018cd61c31c0 Uncommon trap: reason=class_check action=maybe_recompile pc=0x0000018cb57a1728 method=java.util.ComparableTimSort.mergeHi(IIII)V @ 214 c2
Event: 10447.347 Thread 0x0000018cd61c31c0 DEOPT PACKING pc=0x0000018cb57a1728 sp=0x0000003bafffe730
Event: 10447.347 Thread 0x0000018cd61c31c0 DEOPT UNPACKING pc=0x0000018cb4e80f82 sp=0x0000003bafffe748 mode 2

Classes loaded (20 events):
Event: 814.561 Loading class java/lang/NBTTagCompound
Event: 814.561 Loading class java/lang/NBTTagCompound done
Event: 814.561 Loading class java/lang/NBTTagCompound
Event: 814.561 Loading class java/lang/NBTTagCompound done
Event: 1090.089 Loading class java/util/concurrent/LinkedBlockingQueue$Itr
Event: 1090.090 Loading class java/util/concurrent/LinkedBlockingQueue$Itr done
Event: 2248.107 Loading class javax/swing/RepaintManager$DisplayChangedRunnable
Event: 2248.108 Loading class javax/swing/RepaintManager$DisplayChangedRunnable done
Event: 3852.661 Loading class java/util/concurrent/ForkJoinTask$AdaptedInterruptibleRunnable
Event: 3852.661 Loading class java/util/concurrent/ForkJoinTask$AdaptedInterruptibleRunnable done
Event: 7452.999 Loading class sun/nio/ch/SocketOutputStream
Event: 7452.999 Loading class sun/nio/ch/SocketOutputStream done
Event: 9845.377 Loading class java/nio/channels/Channels$ReadableByteChannelImpl
Event: 9845.378 Loading class java/nio/channels/Channels$ReadableByteChannelImpl done
Event: 10446.145 Loading class java/awt/desktop/SystemSleepListener
Event: 10446.153 Loading class java/awt/desktop/SystemEventListener
Event: 10446.153 Loading class java/awt/desktop/SystemEventListener done
Event: 10446.153 Loading class java/awt/desktop/SystemSleepListener done
Event: 10447.350 Loading class sun/swing/plaf/DesktopProperty$1
Event: 10447.361 Loading class sun/swing/plaf/DesktopProperty$1 done

Classes unloaded (20 events):
Event: 7414.766 Thread 0x0000018cc788cde0 Unloading class 0x000000001cb70400 'java/lang/invoke/LambdaForm$MH+0x000000001cb70400'
Event: 7414.766 Thread 0x0000018cc788cde0 Unloading class 0x000000001c9b8c00 'java/lang/invoke/LambdaForm$BMH+0x000000001c9b8c00'
Event: 7414.766 Thread 0x0000018cc788cde0 Unloading class 0x000000001c9b8000 'java/lang/invoke/LambdaForm$BMH+0x000000001c9b8000'
Event: 7414.766 Thread 0x0000018cc788cde0 Unloading class 0x000000001c830800 'java/lang/invoke/LambdaForm$MH+0x000000001c830800'
Event: 7414.766 Thread 0x0000018cc788cde0 Unloading class 0x000000001c013400 'java/lang/invoke/LambdaForm$MH+0x000000001c013400'
Event: 7414.766 Thread 0x0000018cc788cde0 Unloading class 0x000000001c012800 'java/lang/invoke/LambdaForm$MH+0x000000001c012800'
Event: 7414.766 Thread 0x0000018cc788cde0 Unloading class 0x000000001c012400 'java/lang/invoke/LambdaForm$MH+0x000000001c012400'
Event: 7414.766 Thread 0x0000018cc788cde0 Unloading class 0x000000001c011000 'java/lang/invoke/LambdaForm$BMH+0x000000001c011000'
Event: 7414.766 Thread 0x0000018cc788cde0 Unloading class 0x000000001b3e0800 'java/lang/invoke/LambdaForm$MH+0x000000001b3e0800'
Event: 7414.766 Thread 0x0000018cc788cde0 Unloading class 0x000000001b3e0400 'java/lang/invoke/LambdaForm$MH+0x000000001b3e0400'
Event: 7414.766 Thread 0x0000018cc788cde0 Unloading class 0x000000001b3b8400 'java/lang/invoke/LambdaForm$MH+0x000000001b3b8400'
Event: 7414.766 Thread 0x0000018cc788cde0 Unloading class 0x000000001b3b1400 'java/lang/invoke/LambdaForm$MH+0x000000001b3b1400'
Event: 7414.766 Thread 0x0000018cc788cde0 Unloading class 0x000000001b261000 'java/lang/invoke/LambdaForm$BMH+0x000000001b261000'
Event: 7414.766 Thread 0x0000018cc788cde0 Unloading class 0x000000001b260400 'java/lang/invoke/LambdaForm$BMH+0x000000001b260400'
Event: 7414.766 Thread 0x0000018cc788cde0 Unloading class 0x000000001b190c00 'java/lang/invoke/LambdaForm$BMH+0x000000001b190c00'
Event: 7414.766 Thread 0x0000018cc788cde0 Unloading class 0x000000001b180800 'java/lang/invoke/LambdaForm$BMH+0x000000001b180800'
Event: 7414.766 Thread 0x0000018cc788cde0 Unloading class 0x000000001b119c00 'java/lang/invoke/LambdaForm$MH+0x000000001b119c00'
Event: 7414.766 Thread 0x0000018cc788cde0 Unloading class 0x000000001b104800 'java/lang/invoke/LambdaForm$BMH+0x000000001b104800'
Event: 8258.823 Thread 0x0000018cc788cde0 Unloading class 0x000000001f8a4c00 'java/lang/invoke/LambdaForm$DMH+0x000000001f8a4c00'
Event: 8258.823 Thread 0x0000018cc788cde0 Unloading class 0x000000001f8a4800 'java/lang/invoke/LambdaForm$DMH+0x000000001f8a4800'

Classes redefined (0 events):
No events

Internal exceptions (20 events):
Event: 10210.033 Thread 0x0000018ced1bfd30 Exception <a 'sun/nio/fs/WindowsException'{0x00000007382e39c8}> (0x00000007382e39c8) 
thrown [s\open\src\hotspot\share\prims\jni.cpp, line 516]
Event: 10210.033 Thread 0x0000018ced1bfd30 Exception <a 'sun/nio/fs/WindowsException'{0x00000007382e8750}> (0x00000007382e8750) 
thrown [s\open\src\hotspot\share\prims\jni.cpp, line 516]
Event: 10210.047 Thread 0x0000018ced1bfd30 Exception <a 'sun/nio/fs/WindowsException'{0x00000007382ed4e8}> (0x00000007382ed4e8) 
thrown [s\open\src\hotspot\share\prims\jni.cpp, line 516]
Event: 10210.049 Thread 0x0000018ced1bfd30 Exception <a 'sun/nio/fs/WindowsException'{0x00000007382f2280}> (0x00000007382f2280) 
thrown [s\open\src\hotspot\share\prims\jni.cpp, line 516]
Event: 10210.049 Thread 0x0000018ced1bfd30 Exception <a 'sun/nio/fs/WindowsException'{0x00000007382f7008}> (0x00000007382f7008) 
thrown [s\open\src\hotspot\share\prims\jni.cpp, line 516]
Event: 10210.049 Thread 0x0000018ced1bfd30 Exception <a 'sun/nio/fs/WindowsException'{0x00000007382fbd90}> (0x00000007382fbd90) 
thrown [s\open\src\hotspot\share\prims\jni.cpp, line 516]
Event: 10210.049 Thread 0x0000018ced1bfd30 Exception <a 'sun/nio/fs/WindowsException'{0x0000000738300b30}> (0x0000000738300b30) 
thrown [s\open\src\hotspot\share\prims\jni.cpp, line 516]
Event: 10210.049 Thread 0x0000018ced1bfd30 Exception <a 'sun/nio/fs/WindowsException'{0x00000007383058c0}> (0x00000007383058c0) 
thrown [s\open\src\hotspot\share\prims\jni.cpp, line 516]
Event: 10226.998 Thread 0x0000018cd62f7850 Exception <a 'sun/nio/fs/WindowsException'{0x00000007dc0010d0}> (0x00000007dc0010d0) 
thrown [s\open\src\hotspot\share\prims\jni.cpp, line 516]
Event: 10227.542 Thread 0x0000018cd62f7850 Exception <a 'sun/nio/fs/WindowsException'{0x00000007dc0016f0}> (0x00000007dc0016f0) 
thrown [s\open\src\hotspot\share\prims\jni.cpp, line 516]
Event: 10227.650 Thread 0x0000018cd62f7850 Exception <a 'sun/nio/fs/WindowsException'{0x000000072ee6b948}> (0x000000072ee6b948) 
thrown [s\open\src\hotspot\share\prims\jni.cpp, line 516]
Event: 10227.851 Thread 0x0000018cd62f7850 Exception <a 'sun/nio/fs/WindowsException'{0x000000072ee6bf68}> (0x000000072ee6bf68) 
thrown [s\open\src\hotspot\share\prims\jni.cpp, line 516]
Event: 10228.349 Thread 0x0000018cd62f7850 Exception <a 'sun/nio/fs/WindowsException'{0x000000072ee6c588}> (0x000000072ee6c588) 
thrown [s\open\src\hotspot\share\prims\jni.cpp, line 516]
Event: 10228.599 Thread 0x0000018cd62f7850 Exception <a 'sun/nio/fs/WindowsException'{0x000000072ee6cba8}> (0x000000072ee6cba8) 
thrown [s\open\src\hotspot\share\prims\jni.cpp, line 516]
Event: 10228.600 Thread 0x0000018cd62f7850 Exception <a 'sun/nio/fs/WindowsException'{0x000000072eb14590}> (0x000000072eb14590) 
thrown [s\open\src\hotspot\share\prims\jni.cpp, line 516]
Event: 10228.645 Thread 0x0000018cd62f7850 Exception <a 'sun/nio/fs/WindowsException'{0x000000072eb14be8}> (0x000000072eb14be8) 
thrown [s\open\src\hotspot\share\prims\jni.cpp, line 516]
Event: 10228.850 Thread 0x0000018cd62f7850 Exception <a 'sun/nio/fs/WindowsException'{0x000000072eb15208}> (0x000000072eb15208) 
thrown [s\open\src\hotspot\share\prims\jni.cpp, line 516]
Event: 10229.455 Thread 0x0000018cd62f7850 Exception <a 'sun/nio/fs/WindowsException'{0x000000072eb15828}> (0x000000072eb15828) 
thrown [s\open\src\hotspot\share\prims\jni.cpp, line 516]
Event: 10319.877 Thread 0x0000018ced1bc680 Exception <a 'sun/nio/fs/WindowsException'{0x000000070c4026c0}> (0x000000070c4026c0) 
thrown [s\open\src\hotspot\share\prims\jni.cpp, line 516]
Event: 10319.879 Thread 0x0000018ced1bc680 Exception <a 'sun/nio/fs/WindowsException'{0x000000070c402a50}> (0x000000070c402a50) 
thrown [s\open\src\hotspot\share\prims\jni.cpp, line 516]

VM Operations (20 events):
Event: 10447.280 Executing safepoint VM operation: ThreadDump
Event: 10447.280 Executing safepoint VM operation: ThreadDump done
Event: 10447.296 Executing safepoint VM operation: ThreadDump
Event: 10447.296 Executing safepoint VM operation: ThreadDump done
Event: 10447.311 Executing safepoint VM operation: ThreadDump
Event: 10447.311 Executing safepoint VM operation: ThreadDump done
Event: 10447.311 Executing safepoint VM operation: ThreadDump
Event: 10447.311 Executing safepoint VM operation: ThreadDump done
Event: 10447.326 Executing safepoint VM operation: ThreadDump
Event: 10447.326 Executing safepoint VM operation: ThreadDump done
Event: 10447.326 Executing safepoint VM operation: ThreadDump
Event: 10447.326 Executing safepoint VM operation: ThreadDump done
Event: 10447.343 Executing safepoint VM operation: ThreadDump
Event: 10447.343 Executing safepoint VM operation: ThreadDump done
Event: 10447.358 Executing safepoint VM operation: ThreadDump
Event: 10447.373 Executing safepoint VM operation: ThreadDump done
Event: 10447.374 Executing safepoint VM operation: ThreadDump
Event: 10447.375 Executing safepoint VM operation: ThreadDump done
Event: 10447.375 Executing safepoint VM operation: ThreadDump
Event: 10447.375 Executing safepoint VM operation: ThreadDump done

Memory protections (0 events):
No events

Nmethod flushes (20 events):
Event: 9563.456 Thread 0x0000018cc788cde0 flushing  nmethod 0x0000018cae5da608
Event: 9563.456 Thread 0x0000018cc788cde0 flushing  nmethod 0x0000018caf002408
Event: 9563.456 Thread 0x0000018cc788cde0 flushing  nmethod 0x0000018caf259f08
Event: 9563.456 Thread 0x0000018cc788cde0 flushing  nmethod 0x0000018cafcb4208
Event: 9563.456 Thread 0x0000018cc788cde0 flushing  nmethod 0x0000018caf18d288
Event: 9563.456 Thread 0x0000018cc788cde0 flushing  nmethod 0x0000018caf3e1788
Event: 9563.456 Thread 0x0000018cc788cde0 flushing  nmethod 0x0000018cada45688
Event: 9563.456 Thread 0x0000018cc788cde0 flushing  nmethod 0x0000018caeffe288
Event: 9563.456 Thread 0x0000018cc788cde0 flushing  nmethod 0x0000018caeffe888
Event: 9563.456 Thread 0x0000018cc788cde0 flushing  nmethod 0x0000018caf4ebb88
Event: 9563.456 Thread 0x0000018cc788cde0 flushing  nmethod 0x0000018cb01f8e08
Event: 9563.456 Thread 0x0000018cc788cde0 flushing  nmethod 0x0000018caf50ec08
Event: 9563.456 Thread 0x0000018cc788cde0 flushing  nmethod 0x0000018cae150f08
Event: 9563.456 Thread 0x0000018cc788cde0 flushing  nmethod 0x0000018cae490808
Event: 9563.456 Thread 0x0000018cc788cde0 flushing  nmethod 0x0000018cae39d408
Event: 9563.456 Thread 0x0000018cc788cde0 flushing  nmethod 0x0000018cadb99588
Event: 9563.456 Thread 0x0000018cc788cde0 flushing  nmethod 0x0000018caf876908
Event: 9563.456 Thread 0x0000018cc788cde0 flushing  nmethod 0x0000018cb0041908
Event: 9563.456 Thread 0x0000018cc788cde0 flushing  nmethod 0x0000018cb0042508
Event: 9563.456 Thread 0x0000018cc788cde0 flushing  nmethod 0x0000018cb0257588

Events (20 events):
Event: 10367.423 Thread 0x0000018c85ae5f40 Thread exited: 0x0000018c85ae5f40
Event: 10368.039 Thread 0x0000018ceb953fb0 Thread added: 0x0000018cd56a3f60
Event: 10369.356 Thread 0x0000018ce56b7e60 Thread added: 0x0000018cdb4c18c0
Event: 10369.357 Thread 0x0000018cdb4c18c0 Thread exited: 0x0000018cdb4c18c0
Event: 10374.048 Thread 0x0000018ceb953fb0 Thread added: 0x0000018cdb4c3800
Event: 10394.029 Thread 0x0000018cd217d500 Thread added: 0x0000018cd217ec70
Event: 10394.032 Thread 0x0000018cd217ec70 Thread exited: 0x0000018cd217ec70
Event: 10394.038 Thread 0x0000018ceb953fb0 Thread added: 0x0000018cc7797000
Event: 10406.156 Thread 0x0000018cdca088a0 Thread added: 0x0000018cd217ec70
Event: 10406.196 Thread 0x0000018cd217ec70 Thread exited: 0x0000018cd217ec70
Event: 10423.992 Thread 0x0000018cd217d500 Thread added: 0x0000018cebc914a0
Event: 10423.995 Thread 0x0000018cebc914a0 Thread exited: 0x0000018cebc914a0
Event: 10424.039 Thread 0x0000018ced1be5c0 Thread exited: 0x0000018ced1be5c0
Event: 10433.050 Thread 0x0000018ce459aca0 Thread exited: 0x0000018ce459aca0
Event: 10433.050 Thread 0x0000018cdd94d7d0 Thread exited: 0x0000018cdd94d7d0
Event: 10433.051 Thread 0x0000018cfb45cf50 Thread exited: 0x0000018cfb45cf50
Event: 10433.874 Thread 0x0000018cdcd00d90 Thread added: 0x0000018cfdeb3f50
Event: 10433.875 Thread 0x0000018cfdeb3f50 Thread exited: 0x0000018cfdeb3f50
Event: 10436.041 Thread 0x0000018ced1113c0 Thread exited: 0x0000018ced1113c0
Event: 10441.038 Thread 0x0000018ceb953fb0 Thread added: 0x0000018ceb9537e0


Dynamic libraries:
0x00007ff7ca210000 - 0x00007ff7ca220000 	C:\Program Files\Java\jdk-25.0.2\bin\javaw.exe
0x00007ffd0e7e0000 - 0x00007ffd0ea47000 	C:\WINDOWS\SYSTEM32\ntdll.dll
0x00007ffd0d210000 - 0x00007ffd0d2d9000 	C:\WINDOWS\System32\KERNEL32.DLL
0x00007ffd0b210000 - 0x00007ffd0b607000 	C:\WINDOWS\System32\KERNELBASE.dll
0x00007ffd0b8e0000 - 0x00007ffd0ba2b000 	C:\WINDOWS\System32\ucrtbase.dll
0x00007ffbce4d0000 - 0x00007ffbce4e7000 	C:\Program Files\Java\jdk-25.0.2\bin\jli.dll
0x00007ffbcbba0000 - 0x00007ffbcbbbe000 	C:\Program Files\Java\jdk-25.0.2\bin\VCRUNTIME140.dll
0x00007ffd0db50000 - 0x00007ffd0dd16000 	C:\WINDOWS\System32\USER32.dll
0x00007ffd0b800000 - 0x00007ffd0b827000 	C:\WINDOWS\System32\win32u.dll
0x00007ffcef310000 - 0x00007ffcef5a2000 	C:\WINDOWS\WinSxS\amd64_microsoft.windows.common-controls_6595b64144ccf1df_6.0.26100.8457_none_3e0b2faee331e92d\COMCTL32.dll
0x00007ffd0ca70000 - 0x00007ffd0ca9b000 	C:\WINDOWS\System32\GDI32.dll
0x00007ffd0d2e0000 - 0x00007ffd0d389000 	C:\WINDOWS\System32\msvcrt.dll
0x00007ffd0b6d0000 - 0x00007ffd0b7fc000 	C:\WINDOWS\System32\gdi32full.dll
0x00007ffd0b830000 - 0x00007ffd0b8d3000 	C:\WINDOWS\System32\msvcp_win.dll
0x00007ffd0e200000 - 0x00007ffd0e232000 	C:\WINDOWS\System32\IMM32.DLL
0x00007ffbce6b0000 - 0x00007ffbce6bc000 	C:\Program Files\Java\jdk-25.0.2\bin\vcruntime140_1.dll
0x00007ffbcbb10000 - 0x00007ffbcbb9d000 	C:\Program Files\Java\jdk-25.0.2\bin\msvcp140.dll
0x00007ffbcacb0000 - 0x00007ffbcbb0f000 	C:\Program Files\Java\jdk-25.0.2\bin\server\jvm.dll
0x00007ffd0e130000 - 0x00007ffd0e1e6000 	C:\WINDOWS\System32\ADVAPI32.dll
0x00007ffd0ccd0000 - 0x00007ffd0cd77000 	C:\WINDOWS\System32\sechost.dll
0x00007ffd0e680000 - 0x00007ffd0e798000 	C:\WINDOWS\System32\RPCRT4.dll
0x00007ffd0d180000 - 0x00007ffd0d200000 	C:\WINDOWS\System32\WS2_32.dll
0x00007ffd09dd0000 - 0x00007ffd09e2e000 	C:\WINDOWS\SYSTEM32\POWRPROF.dll
0x00007ffd08730000 - 0x00007ffd08766000 	C:\WINDOWS\SYSTEM32\WINMM.dll
0x00007ffd01070000 - 0x00007ffd0107b000 	C:\WINDOWS\SYSTEM32\VERSION.dll
0x00007ffd09db0000 - 0x00007ffd09dc4000 	C:\WINDOWS\SYSTEM32\UMPDC.dll
0x00007ffd0a080000 - 0x00007ffd0a09b000 	C:\WINDOWS\SYSTEM32\kernel.appcore.dll
0x00007ffd036b0000 - 0x00007ffd036ba000 	C:\Program Files\Java\jdk-25.0.2\bin\jimage.dll
0x00007ffd09090000 - 0x00007ffd092d2000 	C:\WINDOWS\SYSTEM32\DBGHELP.DLL
0x00007ffd0cdf0000 - 0x00007ffd0d173000 	C:\WINDOWS\System32\combase.dll
0x00007ffd0dd20000 - 0x00007ffd0ddf9000 	C:\WINDOWS\System32\OLEAUT32.dll
0x00007ffcc5bc0000 - 0x00007ffcc5bfb000 	C:\WINDOWS\SYSTEM32\dbgcore.DLL
0x00007ffd0bc40000 - 0x00007ffd0bce8000 	C:\WINDOWS\System32\bcryptPrimitives.dll
0x00007ffd03690000 - 0x00007ffd036af000 	C:\Program Files\Java\jdk-25.0.2\bin\java.dll
0x00007ffd0cb30000 - 0x00007ffd0ccc7000 	C:\WINDOWS\System32\ole32.dll
0x00007ffd0d3d0000 - 0x00007ffd0db3e000 	C:\WINDOWS\System32\SHELL32.dll
0x00007ffd0bcf0000 - 0x00007ffd0c55c000 	C:\WINDOWS\System32\windows.storage.dll
0x00007ffd0e030000 - 0x00007ffd0e126000 	C:\WINDOWS\System32\SHCORE.dll
0x00007ffd0cd80000 - 0x00007ffd0cde6000 	C:\WINDOWS\System32\shlwapi.dll
0x00007ffd0b130000 - 0x00007ffd0b159000 	C:\WINDOWS\SYSTEM32\profapi.dll
0x00007ffbcac90000 - 0x00007ffbcaca2000 	C:\Program Files\Java\jdk-25.0.2\bin\net.dll
0x00007ffd0a5d0000 - 0x00007ffd0a63c000 	C:\WINDOWS\system32\mswsock.dll
0x00007ffbcac70000 - 0x00007ffbcac86000 	C:\Program Files\Java\jdk-25.0.2\bin\nio.dll
0x00007ffbcac50000 - 0x00007ffbcac67000 	C:\Program Files\Java\jdk-25.0.2\bin\zip.dll
0x00007ffc6a470000 - 0x00007ffc6a47a000 	C:\Program Files\Java\jdk-25.0.2\bin\management.dll
0x00007ffc6a460000 - 0x00007ffc6a46c000 	C:\Program Files\Java\jdk-25.0.2\bin\management_ext.dll
0x00007ffd0de00000 - 0x00007ffd0de08000 	C:\WINDOWS\System32\PSAPI.DLL
0x00007ffcdc620000 - 0x00007ffcdc638000 	C:\WINDOWS\system32\napinsp.dll
0x00007ffd09a70000 - 0x00007ffd09ba2000 	C:\WINDOWS\SYSTEM32\DNSAPI.dll
0x00007ffd099e0000 - 0x00007ffd09a12000 	C:\WINDOWS\SYSTEM32\IPHLPAPI.DLL
0x00007ffd0d390000 - 0x00007ffd0d39a000 	C:\WINDOWS\System32\NSI.dll
0x00007ffcdc300000 - 0x00007ffcdc313000 	C:\WINDOWS\System32\winrnr.dll
0x00007ffcdc100000 - 0x00007ffcdc122000 	C:\WINDOWS\system32\nlansp_c.dll
0x00007ffcdc2e0000 - 0x00007ffcdc2f6000 	C:\WINDOWS\system32\wshbth.dll
0x00000000677c0000 - 0x00000000677e6000 	C:\Program Files\Bonjour\mdnsNSP.dll
0x00007ffcff2a0000 - 0x00007ffcff2ab000 	C:\Windows\System32\rasadhlp.dll
0x00007ffd010e0000 - 0x00007ffd01166000 	C:\WINDOWS\System32\fwpuclnt.dll
0x00007ffce66f0000 - 0x00007ffce6714000 	C:\Users\Ryan Yu\AppData\Local\Temp\jlinenative-3.27.1-4d1a65b9ce4c10ee-jlinenative.dll
0x00007ffd05760000 - 0x00007ffd05770000 	C:\Program Files\Java\jdk-25.0.2\bin\verify.dll
0x00007ffd0a950000 - 0x00007ffd0a96b000 	C:\WINDOWS\SYSTEM32\CRYPTSP.dll
0x00007ffd09fe0000 - 0x00007ffd0a019000 	C:\WINDOWS\system32\rsaenh.dll
0x00007ffd0a680000 - 0x00007ffd0a6b3000 	C:\WINDOWS\SYSTEM32\USERENV.dll
0x00007ffd0b100000 - 0x00007ffd0b12a000 	C:\WINDOWS\SYSTEM32\bcrypt.dll
0x00007ffd0a830000 - 0x00007ffd0a83c000 	C:\WINDOWS\SYSTEM32\CRYPTBASE.dll
0x00007ffce66a0000 - 0x00007ffce66e9000 	C:\Users\Ryan Yu\AppData\Local\Temp\jna--977090040\jna13451436926242476587.dll
0x00007ffd0df60000 - 0x00007ffd0e00e000 	C:\WINDOWS\System32\clbcatq.dll
0x00007ffcdc130000 - 0x00007ffcdc14d000 	C:\WINDOWS\SYSTEM32\amsi.dll
0x00007ffcdb480000 - 0x00007ffcdb523000 	C:\ProgramData\Microsoft\Windows Defender\Platform\4.18.26040.7-0\MpOav.dll
0x00007ffcefcd0000 - 0x00007ffcefd26000 	C:\WINDOWS\SYSTEM32\Pdh.dll
0x00007ffcd4850000 - 0x00007ffcd4861000 	C:\WINDOWS\System32\perfos.dll
0x00007ffd05d60000 - 0x00007ffd05d72000 	C:\WINDOWS\SYSTEM32\pfclient.dll
0x00007ffcffe60000 - 0x00007ffcffe69000 	C:\Program Files\Java\jdk-25.0.2\bin\syslookup.dll
0x00007ffd0a1a0000 - 0x00007ffd0a1d6000 	C:\WINDOWS\SYSTEM32\ntmarta.dll
0x00007ffcff910000 - 0x00007ffcff919000 	C:\Program Files\Java\jdk-25.0.2\bin\jaas.dll
0x00007ffbc4a00000 - 0x00007ffbc4a0e000 	C:\Program Files\Java\jdk-25.0.2\bin\sunmscapi.dll
0x00007ffd0bac0000 - 0x00007ffd0bc38000 	C:\WINDOWS\System32\CRYPT32.dll
0x00007ffd0ab30000 - 0x00007ffd0ab60000 	C:\WINDOWS\SYSTEM32\ncrypt.dll
0x00007ffd0aae0000 - 0x00007ffd0ab1f000 	C:\WINDOWS\SYSTEM32\NTASN1.dll
0x00007ffc6a3e0000 - 0x00007ffc6a3e9000 	C:\Program Files\Java\jdk-25.0.2\bin\extnet.dll
0x00007ffcc2530000 - 0x00007ffcc26b4000 	C:\Program Files\Java\jdk-25.0.2\bin\awt.dll
0x00007ffd05870000 - 0x00007ffd05910000 	C:\WINDOWS\SYSTEM32\apphelp.dll
0x00007ffd05a30000 - 0x00007ffd05ada000 	C:\WINDOWS\system32\uxtheme.dll
0x00007ffd0e520000 - 0x00007ffd0e67c000 	C:\WINDOWS\System32\MSCTF.dll
0x00007ffd05ca0000 - 0x00007ffd05ccf000 	C:\WINDOWS\system32\DWMAPI.DLL
0x00007ffbde1c0000 - 0x00007ffbde2cf000 	C:\WINDOWS\system32\opengl32.dll
0x00007ffbde190000 - 0x00007ffbde1bd000 	C:\WINDOWS\SYSTEM32\GLU32.dll
0x00007ffd08340000 - 0x00007ffd08385000 	C:\WINDOWS\SYSTEM32\dxcore.dll
0x00007ffcc0960000 - 0x00007ffcc09e7000 	C:\Program Files\Java\jdk-25.0.2\bin\freetype.dll
0x00007ffca2120000 - 0x00007ffca220e000 	C:\Program Files\Java\jdk-25.0.2\bin\fontmanager.dll
0x00007ffd03c00000 - 0x00007ffd03e2d000 	C:\WINDOWS\SYSTEM32\WindowsCodecs.dll
0x00007ffcb9dc0000 - 0x00007ffcb9e1a000 	C:\WINDOWS\system32\dataexchange.dll
0x00007ffcfacd0000 - 0x00007ffcfaf1e000 	C:\WINDOWS\system32\twinapi.appcore.dll
0x00007ffcddbb0000 - 0x00007ffcddcf6000 	C:\WINDOWS\SYSTEM32\textinputframework.dll
0x00007ffcd5fe0000 - 0x00007ffcd6010000 	C:\Program Files\Java\jdk-25.0.2\bin\javajpeg.dll
0x00007ffd005f0000 - 0x00007ffd005f8000 	C:\WINDOWS\system32\wshunix.dll
0x00007ffcc7220000 - 0x00007ffcc731a000 	C:\Users\Ryan Yu\AppData\Local\Temp\sqlite-3.49.1.0-320be21b-4749-4115-ba9a-da036c8ea1e5-sqlitejdbc.dll
0x00007ffd05820000 - 0x00007ffd05827000 	C:\Users\Ryan Yu\AppData\Local\org.graalvm.polyglot\engine\libtruffleattach\dffdb886909591f50bd05e4fdab42bf58cc10588b9f1a2be5bcbf0fd1a6f19cb\bin\truffleattach.dll
0x00007ffca2000000 - 0x00007ffca211d000 	C:\Users\Ryan Yu\AppData\Local\Temp\libzstd-jni-1.5.5-43843631032690361890.dll
0x00007ffcd4990000 - 0x00007ffcd49a2000 	C:\WINDOWS\System32\perfproc.dll
0x00007ffd01810000 - 0x00007ffd0182d000 	C:\WINDOWS\SYSTEM32\dhcpcsvc6.DLL
0x00007ffd01360000 - 0x00007ffd01385000 	C:\WINDOWS\SYSTEM32\dhcpcsvc.DLL
0x00007ffd05450000 - 0x00007ffd05577000 	C:\WINDOWS\SYSTEM32\CoreMessaging.dll
0x00007ffcf9710000 - 0x00007ffcf99f2000 	C:\WINDOWS\SYSTEM32\CoreUIComponents.dll
0x00007ffd02080000 - 0x00007ffd021ea000 	C:\WINDOWS\SYSTEM32\wintypes.dll

JVMTI agents: none

dbghelp: loaded successfully - version: 4.0.5 - missing functions: none
symbol engine: initialized successfully - sym options: 0x614 - pdb path: .;C:\Program Files\Java\jdk-25.0.2\bin;C:\WINDOWS\SYSTEM32;C:\WINDOWS\WinSxS\amd64_microsoft.windows.common-controls_6595b64144ccf1df_6.0.26100.8457_none_3e0b2faee331e92d;C:\Program Files\Java\jdk-25.0.2\bin\server;C:\Program Files\Bonjour;C:\Users\Ryan Yu\AppData\Local\Temp;C:\Users\Ryan Yu\AppData\Local\Temp\jna--977090040;C:\ProgramData\Microsoft\Windows Defender\Platform\4.18.26040.7-0;C:\Users\Ryan Yu\AppData\Local\org.graalvm.polyglot\engine\libtruffleattach\dffdb886909591f50bd05e4fdab42bf58cc10588b9f1a2be5bcbf0fd1a6f19cb\bin

VM Arguments:
java_command: D:\Minecraft\∑˛ŒÒ∆˜\1.21.11\paper-1.21.11-132.jar
java_class_path (initial): D:\Minecraft\∑˛ŒÒ∆˜\1.21.11\paper-1.21.11-132.jar
Launcher Type: SUN_STANDARD

[Global flags]
     intx CICompilerCount                          = 12                                        {product} {ergonomic}
     uint ConcGCThreads                            = 5                                         {product} {ergonomic}
     uint G1ConcRefinementThreads                  = 18                                        {product} {ergonomic}
   size_t G1HeapRegionSize                         = 4194304                                   {product} {ergonomic}
   size_t InitialHeapSize                          = 532676608                                 {product} {ergonomic}
   size_t MarkStackSize                            = 4194304                                   {product} {ergonomic}
   size_t MarkStackSizeMax                         = 536870912                                 {product} {ergonomic}
   size_t MaxHeapSize                              = 8514437120                                {product} {ergonomic}
   size_t MaxNewSize                               = 5108662272                                {product} {ergonomic}
   size_t MinHeapDeltaBytes                        = 4194304                                   {product} {ergonomic}
   size_t MinHeapSize                              = 8388608                                   {product} {ergonomic}
    uintx NonNMethodCodeHeapSize                   = 7602176                                {pd product} {ergonomic}
    uintx NonProfiledCodeHeapSize                  = 122093568                              {pd product} {ergonomic}
    uintx ProfiledCodeHeapSize                     = 121962496                              {pd product} {ergonomic}
    uintx ReservedCodeCacheSize                    = 251658240                              {pd product} {ergonomic}
     bool SegmentedCodeCache                       = true                                      {product} {ergonomic}
   size_t SoftMaxHeapSize                          = 8514437120                             {manageable} {ergonomic}
     bool UseCompressedOops                        = true                           {product lp64_product} {ergonomic}
     bool UseG1GC                                  = true                                      {product} {ergonomic}
     bool UseLargePagesIndividualAllocation        = false                                  {pd product} {ergonomic}

Logging:
Log output configuration:
 #0: stdout all=warning uptime,level,tags foldmultilines=false
 #1: stderr all=off uptime,level,tags foldmultilines=false

Release file:
IMPLEMENTOR="Oracle Corporation" 
JAVA_RUNTIME_VERSION="25.0.2+10-LTS-69" 
JAVA_VERSION="25.0.2" 
JAVA_VERSION_DATE="2026-01-20" 
LIBC="default" 
MODULES="java.base java.compiler java.datatransfer java.xml java.prefs java.desktop java.instrument java.logging java.management java.security.sasl java.naming java.rmi java.management.rmi java.net.http java.scripting java.security.jgss java.transaction.xa java.sql java.sql.rowset java.xml.crypto java.se java.smartcardio jdk.accessibility jdk.internal.jvmstat jdk.attach jdk.charsets jdk.internal.opt jdk.zipfs jdk.compiler jdk.crypto.cryptoki jdk.crypto.ec jdk.crypto.mscapi jdk.dynalink jdk.internal.ed jdk.editpad jdk.internal.vm.ci jdk.graal.compiler jdk.graal.compiler.management jdk.hotspot.agent jdk.httpserver jdk.incubator.vector jdk.internal.le jdk.internal.md jdk.jartool jdk.javadoc jdk.jcmd jdk.management jdk.management.agent jdk.jconsole jdk.jdeps jdk.jdwp.agent jdk.jdi jdk.jfr jdk.jlink jdk.jpackage jdk.jshell jdk.jsobject jdk.jstatd jdk.localedata jdk.management.jfr jdk.naming.dns jdk.naming.rmi jdk.net jdk.nio.mapmode jdk.sctp jdk.security.auth jdk.security.jgss jdk.unsupported jdk.unsupported.desktop jdk.xml.dom" 
OS_ARCH="x86_64" 
OS_NAME="Windows" 
SOURCE=".:git:b75efb40c93a open:git:405a5699ebd0" 

Environment Variables:
PATH=C:\Program Files\NVIDIA GPU Computing Toolkit\CUDA\v13.2\bin\x64;C:\Program Files\NVIDIA GPU Computing Toolkit\CUDA\v13.2\bin;C:\Program Files\Common Files\Oracle\Java\javapath;C:\WINDOWS\system32;C:\WINDOWS;C:\WINDOWS\System32\Wbem;C:\WINDOWS\System32\WindowsPowerShell\v1.0\;C:\WINDOWS\System32\OpenSSH\;C:\Users\Administrator\AppData\Local\Microsoft\WindowsApps;C:\Recovery\OEM\Backup\;C:\Program Files\dotnet\;C:\Program Files (x86)\NVIDIA Corporation\PhysX\Common;C:\Program Files\NVIDIA Corporation\NVIDIA app\NvDLISR;C:\Recovery\OEM\Backup\;D:\app\bandizip\;C:\Program Files\Microsoft SQL Server\Client SDK\ODBC\170\Tools\Binn\;C:\Program Files (x86)\Microsoft SQL Server\150\Tools\Binn\;C:\Program Files\Microsoft SQL Server\150\Tools\Binn\;C:\Program Files\Microsoft SQL Server\150\DTS\Binn\;C:\Program Files (x86)\Windows Kits\8.1\Windows Performance Toolkit\;C:\Program Files (x86)\Windows Kits\10\Windows Performance Toolkit\;D:\app\Bandizip;D:\Program Files\nodejs\;C:\Program Files\Docker\Docker\resources\bin;D:\Program Files\MATLAB\R2025b\bin;C:\Program Files (x86)\ZED SDK\dependencies\freeglut_2.8\x64;C:\Program Files (x86)\ZED SDK\dependencies\glew-1.12.0\x64;C:\Program Files (x86)\ZED SDK\dependencies\opencv_3.1.0\x64;C:\Program Files (x86)\ZED SDK\bin;C:\Program Files\NVIDIA Corporation\Nsight Compute 2026.1.0\;D:\Program Files\Git\cmd;D:\Program Files\Git LFS;d:\app\cursor\resources\app\codeBin;C:\Users\Ryan Yu\AppData\Local\Programs\Python\Python310\Scripts\;C:\Users\Ryan Yu\AppData\Local\Programs\Python\Python310\;C:\Users\Ryan Yu\AppData\Local\Microsoft\WindowsApps;;D:\Users\Ryan Yu\AppData\Local\Programs\Fiddler;D:\app\Microsoft VS Code\bin;C:\Users\Ryan Yu\AppData\Local\Python\bin;D:\Program Files\JetBrains\PyCharm 2025.3.1\bin;C:\Users\Ryan Yu\AppData\Roaming\npm;D:\app\cursor\resources\app\bin
USERNAME=Ryan Yu
OS=Windows_NT
PROCESSOR_IDENTIFIER=Intel64 Family 6 Model 183 Stepping 1, GenuineIntel
TMP=C:\Users\RYANYU~1\AppData\Local\Temp
TEMP=C:\Users\RYANYU~1\AppData\Local\Temp




Compilation memory statistics disabled.

Periodic native trim disabled

---------------  S Y S T E M  ---------------

OS:
 Windows 11 , 64 bit Build 26100 (10.0.26100.8328)
OS uptime: 0 days 5:34 hours
Hyper-V role detected

CPU: total 24 (initial active 24) (12 cores per cpu, 2 threads per core) family 6 model 183 stepping 1 microcode 0x12c, cx8, cmov, fxsr, ht, mmx, 3dnowpref, sse, sse2, sse3, ssse3, sse4.1, sse4.2, popcnt, lzcnt, tsc, tscinvbit, avx, avx2, aes, erms, clmul, bmi1, bmi2, adx, sha, fma, vzeroupper, clflush, clflushopt, clwb, hv, serialize, rdtscp, rdpid, fsrm, gfni, f16c, cet_ibt, cet_ss
Processor Information for the first 24 processors :
  Max Mhz: 2200, Current Mhz: 2200, Mhz Limit: 2200

Memory: 4k page, system-wide physical 32471M (2265M free)
TotalPageFile size 51927M (AvailPageFile size 5998M)
current process WorkingSet (physical memory assigned to process): 5944M, peak: 6461M
current process commit charge ("private bytes"): 7087M, peak: 7118M

vm_info: Java HotSpot(TM) 64-Bit Server VM (25.0.2+10-LTS-69) for windows-amd64 JRE (25.0.2+10-LTS-69), built on 2025-12-18T11:36:35Z with MS VC++ 17.13 (VS2022)

END.
