[09:07:34] [@.util.SelfDependencyPatcher.patch/INFO] Missing JavaFX dependencies, attempting to patch in missing classes
[09:07:34] [@.util.SelfDependencyPatcher.loadFromCache/INFO]  - Loading dependencies...
[09:07:34] [@.util.SelfDependencyPatcher.patch/INFO]  - Done!
[09:07:34] [@.Launcher.main/INFO] *** HMCL 3.17.0.352 ***
[09:07:34] [@.Launcher.main/INFO] Operating System: Windows 11 25H2 10.0.26200.8875
[09:07:34] [@.Launcher.main/INFO] Processor Identifier: Intel64 Family 6 Model 183 Stepping 1, GenuineIntel
[09:07:34] [@.Launcher.main/INFO] System Architecture: x86-64
[09:07:34] [@.Launcher.main/INFO] Native Encoding: GB18030
[09:07:34] [@.Launcher.main/INFO] JNU Encoding: GBK
[09:07:34] [@.Launcher.main/INFO] Code Page: 936
[09:07:34] [@.Launcher.main/INFO] Java Architecture: x86-64
[09:07:34] [@.Launcher.main/INFO] Java Version: 25.0.2, Oracle Corporation
[09:07:34] [@.Launcher.main/INFO] Java VM Version: Java HotSpot(TM) 64-Bit Server VM (mixed mode, sharing), Oracle Corporation
[09:07:34] [@.Launcher.main/INFO] Java Home: C:\Program Files\Java\jdk-25.0.2
[09:07:34] [@.Launcher.main/INFO] Current Directory: D:\Minecraft\游戏主体
[09:07:34] [@.Launcher.main/INFO] HMCL User Home: C:\Users\Ryan Yu\AppData\Roaming\.hmcl
[09:07:34] [@.Launcher.main/INFO] HMCL Local Home: D:\Minecraft\游戏主体\.hmcl
[09:07:34] [@.Launcher.main/INFO] HMCL Jar Path: D:\Minecraft\游戏主体\HMCL.exe
[09:07:34] [@.Launcher.main/INFO] HMCL Log File: D:\Minecraft\游戏主体\.hmcl\logs\2026-08-10T09-07-34.log
[09:07:34] [@.Launcher.main/INFO] JVM Max Memory: 1024 MiB
[09:07:34] [@.Launcher.main/INFO] Metaspace: 6.23 MiB
[09:07:34] [@.Launcher.main/INFO] Native Backend: JNA
[09:07:34] [@.Launcher.main/INFO] Zlib Compatible: true
[09:07:34] [@.util.platform.SystemInfo.initialize/INFO] System Info:
 - CPU: Intel Core i7-14650HX (16 Cores / 24 Threads)
 - GPU 1: Intel RaptorLake-S Mobile Graphics Controller [Integrated]
 - GPU 2: NVIDIA GeForce RTX 5070 Ti Laptop [Discrete]
 - Memory: 25.3 GiB / 63.71 GiB (39%)
[09:07:34] [@.Launcher.setupJavaFXVMOptions/INFO] Detected refresh rate: 235Hz
[09:07:34] [@.Launcher.start/INFO] JavaFX Version: 25+29
[09:07:34] [@.Launcher.start/INFO] Prism Pipeline: com.sun.prism.d3d.D3DPipeline
[09:07:34] [@.Launcher.start/INFO] Dark Mode: true
[09:07:34] [@.Launcher.start/INFO] Reduced Motion: false
[09:07:34] [@.Launcher.start/INFO] Screens:
 - Screen 1: 2560x1440 @ 1.25x 86dpi in 27" (0, 0, 2048, 1152)
[09:07:34] [@.task.AsyncTaskExecutor.lambda$executeNormalTask$19/TRACE] Executing task: org.jackhuang.hmcl.game.GameRepository.refreshVersionsAsync(GameRepository.java:91)
[09:07:34] [@.event.EventBus.fireEvent/INFO] RefreshingVersionsEvent [source=HMCLGameRepository [versions=null, baseDirectory=.minecraft]] gets fired
[09:07:35] [@.event.EventBus.fireEvent/INFO] LoadedOneVersionEvent [source=HMCLGameRepository [versions=null, baseDirectory=.minecraft], version=Version [id=1.21.11-Fabric]] gets fired
[09:07:35] [@.event.EventBus.fireEvent/INFO] LoadedOneVersionEvent [source=HMCLGameRepository [versions=null, baseDirectory=.minecraft], version=Version [id=26.2]] gets fired
[09:07:35] [@.ui.Controllers.initialize/INFO] Start initializing application
[09:07:35] [@.ui.Controllers.initialize/INFO] April Fools: false
[09:07:35] [@.ui.Controllers.initialize/INFO] Disable sub-pixel antialiasing
[09:07:35] [@.event.EventBus.fireEvent/INFO] RefreshedVersionsEvent [source=HMCLGameRepository [versions=[1.21.11-Fabric, 26.2], baseDirectory=.minecraft]] gets fired
[09:07:35] [@.task.AsyncTaskExecutor.lambda$executeNormalTask$29/TRACE] Task finished: org.jackhuang.hmcl.game.GameRepository.refreshVersionsAsync(GameRepository.java:91)
[09:07:35] [@.util.FileSaver.saveSync/INFO] Saving file D:\Minecraft\游戏主体\.hmcl\config\launcher-settings.json
[09:07:35] [@.auth.authlibinjector.AuthlibInjectorServer.refreshMetadata/INFO] authlib-injector server metadata refreshed: https://littleskin.cn/api/yggdrasil/
[09:07:35] [@.setting.FontManager.<clinit>/INFO] Font: System
[09:07:35] [@.java.JavaManager.searchPotentialJavaExecutables/TRACE] Finished Java lookup, found 2
 - JDK 25.0.1 (x86-64, Microsoft): C:\Users\Ryan Yu\AppData\Roaming\.hmcl\java\windows-x86_64\mojang-java-runtime-epsilon\bin\java.exe
 - JDK 25.0.2 (x86-64, Oracle Corporation): C:\Program Files\Java\jdk-25.0.2\bin\java.exe
[09:07:35] [@.auth.microsoft.MicrosoftService.lambda$new$0/INFO] Fetching properties of d006ba70-4ddc-4b37-b13c-76f190815116
[09:07:36] [@.util.FileSaver.saveSync/INFO] Saving file D:\Minecraft\游戏主体\.hmcl\cache\authlib-injector-server-metadata.json
[09:07:36] [@.upgrade.IntegrityChecker.isSelfVerified/INFO] Successfully verified current JAR
[09:07:36] [@.upgrade.UpdateChecker.lambda$requestCheckUpdate$2/INFO] Latest version (DEVELOPMENT, preview=false) is [3.17.0.352 from https://hmcl.glavo.site/download/HMCL-3.17.0.352.jar]
[09:11:21] [@.game.LauncherHelper.launch/INFO] Launching game version: 26.2
[09:11:21] [@.ui.construct.JFXDialogPane.push/INFO] JFXDialogPane@2b80cb6f [TaskExecutorDialogPane@321fa3a5[styleClass=task-executor-dialog-layout]]
[09:11:21] [@.task.AsyncTaskExecutor.lambda$executeNormalTask$19/TRACE] Executing task: org.jackhuang.hmcl.task.Task$StagesHintTask
[09:11:21] [@.task.AsyncTaskExecutor.lambda$executeNormalTask$19/TRACE] Executing task: org.jackhuang.hmcl.game.LauncherHelper$$Lambda/0x000000002c50f0c8@7029e957
[09:11:21] [@.task.AsyncTaskExecutor.lambda$executeNormalTask$19/TRACE] Executing task: org.jackhuang.hmcl.task.Task$UniCompose$$Lambda/0x000000002c50ea18@9415d1f
[09:11:21] [@.task.AsyncTaskExecutor.lambda$executeNormalTask$19/TRACE] Executing task: org.jackhuang.hmcl.task.Task$UniCompose$$Lambda/0x000000002c50ea18@3899923d
[09:11:21] [@.task.AsyncTaskExecutor.lambda$executeNormalTask$19/TRACE] Executing task: org.jackhuang.hmcl.task.Task$UniCompose$$Lambda/0x000000002c50ea18@4f1d114e
[09:11:21] [@.task.AsyncTaskExecutor.lambda$executeNormalTask$19/TRACE] Executing task: org.jackhuang.hmcl.task.Task$StageTask
[09:11:21] [@.task.AsyncTaskExecutor.lambda$executeNormalTask$19/TRACE] Executing task: org.jackhuang.hmcl.game.LauncherHelper$$Lambda/0x000000002c50e5a8@5269d0f3
[09:11:21] [@.task.AsyncTaskExecutor.lambda$executeNormalTask$19/TRACE] Executing task: org.jackhuang.hmcl.task.Task$StageTask
[09:11:21] [@.task.AsyncTaskExecutor.lambda$executeNormalTask$19/TRACE] Executing task: org.jackhuang.hmcl.game.LauncherHelper$$Lambda/0x000000002c50e378@30f035e4
[09:11:21] [@.task.AsyncTaskExecutor.lambda$executeNormalTask$19/TRACE] Executing task: org.jackhuang.hmcl.game.LauncherHelper.checkGameState(LauncherHelper.java:394)
[09:11:21] [@.task.AsyncTaskExecutor.lambda$executeNormalTask$29/TRACE] Task finished: org.jackhuang.hmcl.game.LauncherHelper.checkGameState(LauncherHelper.java:394)
[09:11:21] [@.task.AsyncTaskExecutor.lambda$executeCompletableFutureTask$10/TRACE] Executing task: org.jackhuang.hmcl.task.Task$5
[09:11:21] [@.task.AsyncTaskExecutor.lambda$executeCompletableFutureTask$12/TRACE] Task finished: org.jackhuang.hmcl.task.Task$5
[09:11:21] [@.task.AsyncTaskExecutor.lambda$executeNormalTask$29/TRACE] Task finished: org.jackhuang.hmcl.game.LauncherHelper$$Lambda/0x000000002c50e378@30f035e4
[09:11:21] [@.task.AsyncTaskExecutor.lambda$executeNormalTask$29/TRACE] Task finished: org.jackhuang.hmcl.task.Task$StageTask
[09:11:21] [@.task.AsyncTaskExecutor.lambda$executeNormalTask$19/TRACE] Executing task: org.jackhuang.hmcl.game.LauncherHelper.lambda$launch0$4(LauncherHelper.java:179)
[09:11:21] [@.task.AsyncTaskExecutor.lambda$executeNormalTask$19/TRACE] Executing task: org.jackhuang.hmcl.game.LauncherHelper.lambda$launch0$4(LauncherHelper.java:169)
[09:11:21] [@.task.AsyncTaskExecutor.lambda$executeNormalTask$19/TRACE] Executing task: org.jackhuang.hmcl.task.Task$UniCompose$$Lambda/0x000000002c50ea18@34395395
[09:11:21] [@.task.AsyncTaskExecutor.lambda$executeNormalTask$19/TRACE] Executing task: org.jackhuang.hmcl.download.game.GameAssetDownloadTask
[09:11:21] [@.task.AsyncTaskExecutor.lambda$executeNormalTask$19/TRACE] Executing task: org.jackhuang.hmcl.download.DefaultDependencyManager.checkGameCompletionAsync(DefaultDependencyManager.java:83)
[09:11:21] [@.task.AsyncTaskExecutor.lambda$executeNormalTask$19/TRACE] Executing task: org.jackhuang.hmcl.download.game.GameLibrariesTask
[09:11:21] [@.task.AsyncTaskExecutor.lambda$executeNormalTask$19/TRACE] Executing task: org.jackhuang.hmcl.download.game.GameAssetIndexDownloadTask
[09:11:21] [@.task.AsyncTaskExecutor.lambda$executeNormalTask$29/TRACE] Task finished: org.jackhuang.hmcl.download.DefaultDependencyManager.checkGameCompletionAsync(DefaultDependencyManager.java:83)
[09:11:21] [@.task.AsyncTaskExecutor.lambda$executeNormalTask$29/TRACE] Task finished: org.jackhuang.hmcl.game.LauncherHelper.lambda$launch0$4(LauncherHelper.java:179)
[09:11:21] [@.task.AsyncTaskExecutor.lambda$executeNormalTask$19/TRACE] Executing task: org.jackhuang.hmcl.download.DefaultDependencyManager.checkPatchCompletionAsync(DefaultDependencyManager.java:103)
[09:11:21] [@.task.AsyncTaskExecutor.lambda$executeNormalTask$29/TRACE] Task finished: org.jackhuang.hmcl.download.DefaultDependencyManager.checkPatchCompletionAsync(DefaultDependencyManager.java:103)
[09:11:21] [@.task.AsyncTaskExecutor.lambda$executeNormalTask$29/TRACE] Task finished: org.jackhuang.hmcl.task.Task$UniCompose$$Lambda/0x000000002c50ea18@34395395
[09:11:21] [@.task.AsyncTaskExecutor.lambda$executeNormalTask$29/TRACE] Task finished: org.jackhuang.hmcl.game.LauncherHelper.lambda$launch0$4(LauncherHelper.java:169)
[09:11:21] [@.task.AsyncTaskExecutor.lambda$executeNormalTask$29/TRACE] Task finished: org.jackhuang.hmcl.download.game.GameAssetIndexDownloadTask
[09:11:21] [@.task.AsyncTaskExecutor.lambda$executeNormalTask$29/TRACE] Task finished: org.jackhuang.hmcl.download.game.GameLibrariesTask
[09:11:22] [@.task.AsyncTaskExecutor.lambda$executeNormalTask$29/TRACE] Task finished: org.jackhuang.hmcl.download.game.GameAssetDownloadTask
[09:11:22] [@.task.AsyncTaskExecutor.lambda$executeNormalTask$29/TRACE] Task finished: org.jackhuang.hmcl.game.LauncherHelper$$Lambda/0x000000002c50e5a8@5269d0f3
[09:11:22] [@.task.AsyncTaskExecutor.lambda$executeNormalTask$29/TRACE] Task finished: org.jackhuang.hmcl.task.Task$StageTask
[09:11:22] [@.task.AsyncTaskExecutor.lambda$executeNormalTask$19/TRACE] Executing task: org.jackhuang.hmcl.download.game.GameVerificationFixTask
[09:11:22] [@.task.AsyncTaskExecutor.lambda$executeNormalTask$29/TRACE] Task finished: org.jackhuang.hmcl.download.game.GameVerificationFixTask
[09:11:22] [@.task.AsyncTaskExecutor.lambda$executeNormalTask$29/TRACE] Task finished: org.jackhuang.hmcl.task.Task$UniCompose$$Lambda/0x000000002c50ea18@4f1d114e
[09:11:22] [@.task.AsyncTaskExecutor.lambda$executeCompletableFutureTask$10/TRACE] Executing task: org.jackhuang.hmcl.task.Task$5
[09:11:22] [@.task.AsyncTaskExecutor.lambda$executeCompletableFutureTask$12/TRACE] Task finished: org.jackhuang.hmcl.task.Task$5
[09:11:22] [@.task.AsyncTaskExecutor.lambda$executeNormalTask$29/TRACE] Task finished: org.jackhuang.hmcl.task.Task$UniCompose$$Lambda/0x000000002c50ea18@3899923d
[09:11:22] [@.task.AsyncTaskExecutor.lambda$executeNormalTask$19/TRACE] Executing task: org.jackhuang.hmcl.task.Task$StageTask
[09:11:22] [@.task.AsyncTaskExecutor.lambda$executeNormalTask$19/TRACE] Executing task: org.jackhuang.hmcl.game.LauncherHelper.logIn(LauncherHelper.java:720)
[09:11:22] [@.task.AsyncTaskExecutor.lambda$executeCompletableFutureTask$10/TRACE] Executing task: org.jackhuang.hmcl.task.Task$5
[09:11:22] [@.task.AsyncTaskExecutor.lambda$executeCompletableFutureTask$12/TRACE] Task finished: org.jackhuang.hmcl.task.Task$5
[09:11:22] [@.task.AsyncTaskExecutor.lambda$executeNormalTask$29/TRACE] Task finished: org.jackhuang.hmcl.game.LauncherHelper.logIn(LauncherHelper.java:720)
[09:11:22] [@.task.AsyncTaskExecutor.lambda$executeNormalTask$29/TRACE] Task finished: org.jackhuang.hmcl.task.Task$StageTask
[09:11:22] [@.task.AsyncTaskExecutor.lambda$executeNormalTask$29/TRACE] Task finished: org.jackhuang.hmcl.task.Task$UniCompose$$Lambda/0x000000002c50ea18@9415d1f
[09:11:22] [@.task.AsyncTaskExecutor.lambda$executeNormalTask$19/TRACE] Executing task: org.jackhuang.hmcl.task.Task$StageTask
[09:11:22] [@.task.AsyncTaskExecutor.lambda$executeNormalTask$19/TRACE] Executing task: 请耐心等待
[09:11:22] [@.task.AsyncTaskExecutor.lambda$executeNormalTask$19/TRACE] Executing task: org.jackhuang.hmcl.game.LauncherHelper.lambda$launch0$19(LauncherHelper.java:262)
[09:11:22] [@.task.AsyncTaskExecutor.lambda$executeNormalTask$19/TRACE] Executing task: org.jackhuang.hmcl.game.LauncherHelper$$Lambda/0x000000002c54e790@3a50a9e6
[09:11:22] [@.task.AsyncTaskExecutor.lambda$executeNormalTask$19/TRACE] Executing task: org.jackhuang.hmcl.game.LauncherHelper.lambda$launch0$19(LauncherHelper.java:230)
[09:11:22] [@.game.LauncherHelper.lambda$launch0$12/INFO] Here's the structure of game mod directory:
Filesystem structure of: .minecraft\mods
|-> mods
|  |-> AmbientSounds_FABRIC_v6.3.6_mc26.2.jar
|  |-> appleskin-fabric-mc26.2-3.0.10.jar
|  |-> Axiom-5.5.0-for-MC26.2.jar
|  |-> c2me-fabric-mc26.2-0.4.2-alpha.0.35.jar
|  |-> chat_heads-1.2.6-fabric-26.1.jar.old
|  |-> chat_heads-1.2.7-fabric-26.1.jar
|  |-> Chunky-Fabric-1.5.3.jar
|  |-> cloth-config-26.2.155.jar
|  |-> continuity-3.0.1+26.2.jar
|  |-> CreativeCore_FABRIC_v2.14.16_mc26.2.jar
|  |-> eg_particle_interactions-0.10.1+26.2-fabric.jar
|  |-> emotecraft-for-MC26.2-3.4.0-b.build.162.jar
|  |-> entityculling-fabric-1.10.5-mc26.2.jar
|  |-> entity_model_features-3.2.6-26.2-fabric.jar
|  |-> entity_texture_features-7.1.1-26.2-fabric.jar
|  |-> Essential_1-4-1-1_fabric_26-2.jar
|  |-> fabric-api-0.156.0+26.2.jar
|  |-> fabric-language-kotlin-1.13.13+kotlin.2.4.10.jar
|  |-> ferritecore-9.0.0-fabric.jar
|  |-> fzzy_config-0.7.6+26.2.jar
|  |-> IAS-9.0.7+26.2-fabric.jar
|  |-> ImmediatelyFast-Fabric-1.16.2+26.2.jar
|  |-> iris-fabric-1.11.2+mc26.2.jar
|  |-> Jade-mc26.2-Fabric-26.2.10.jar
|  |-> jei-26.2-fabric-30.16.0.125.jar.old
|  |-> jei-26.2-fabric-30.16.0.134.jar
|  |-> journeymap-fabric-26.2-6.0.3.jar
|  |-> litematica-fabric-26.2-0.28.4.jar
|  |-> lithium-fabric-0.25.3+mc26.2.jar
|  |-> malilib-fabric-26.2-0.29.3.jar
|  |-> modmenu-20.0.1.jar
|  |-> moreculling-fabric-26.2-1.8.1.jar
|  |-> notenoughanimations-fabric-1.12.4-mc26.2.jar
|  |-> physics-mod-3.1.46-mc-26.2-fabric.jar
|  |-> PlayerAnimationLibMerged-1.2.5+mc.26.2.jar
|  |-> reeses-sodium-options-fabric-2.2.3+mc26.2.jar
|  |-> Resourcify (26.2-fabric)-1.8.5.jar
|  |-> skinlayers3d-fabric-1.11.2-mc26.2.jar
|  |-> smoothgui-fabric-2.0.0+mc26.2.jar
|  |-> smoothscroll-2.9.0.jar
|  |-> sodium-extra-fabric-0.9.3+mc26.2.jar
|  |-> sodium-fabric-0.9.1+mc26.2.jar
|  |-> sodium-fabric-0.9.2-alpha.4+mc26.2.jar.old
|  |-> sound-physics-remastered-fabric-1.5.1+26.2.jar
|  |-> SubtleEffects-fabric-26.2-1.14.3.jar
|  |-> tweakeroo-fabric-26.2-0.29.2.jar
|  |-> voxy-0.2.18-beta.jar
|  |-> WI-Zoom-1.7-MC26.2.jar
|  |-> worldedit-mod-7.4.4.jar.old
|  |-> worldedit-mod-7.4.5.jar
|  |-> yet_another_config_lib_v3-3.9.6+26.2-fabric.jar
|  |-> 屏蔽
|  |  |-> AmbientSounds_FABRIC_v6.3.5_mc1.21.11.jar
|  |  |-> appleskin-fabric-mc1.21.11-3.0.8.jar
|  |  |-> Axiom-5.4.2-for-MC1.21.11.jar
|  |  |-> c2me-fabric-mc1.21.11-0.3.7+alpha.0.10.jar.old
|  |  |-> c2me-fabric-mc1.21.11-0.4.0-alpha.0.21.jar.old
|  |  |-> c2me-fabric-mc1.21.11-0.4.0-alpha.0.23.jar
|  |  |-> chat_heads-1.2.4-fabric-1.21.11.jar.old
|  |  |-> chat_heads-1.2.5-fabric-1.21.11.jar
|  |  |-> Chunky-Fabric-1.4.55.jar
|  |  |-> cloth-config-21.11.153-fabric.jar
|  |  |-> continuity-3.0.1-beta.1+1.21.11.jar
|  |  |-> CreativeCore_FABRIC_v2.14.11_mc1.21.11.jar
|  |  |-> eg_particle_interactions-v0.9.1-fabric-mc1.21.11.jar
|  |  |-> emotecraft-fabric-for-MC1.21.11-3.2.0-b.build.149.jar.old
|  |  |-> emotecraft-fabric-for-MC1.21.11-3.2.0-b.build.159.jar
|  |  |-> entityculling-fabric-1.10.2-mc1.21.11.jar.old
|  |  |-> entityculling-fabric-1.10.5-mc1.21.11.jar
|  |  |-> entity_model_features-3.2.4-1.21.11-fabric.jar
|  |  |-> entity_texture_features_1.21.11-fabric-7.1.jar
|  |  |-> Essential_1-3-10-9_fabric_1-21-11.jar.old
|  |  |-> Essential_1-4-1-1_fabric_1-21-11.jar
|  |  |-> Essential_1-4-1_fabric_1-21-11.jar.old
|  |  |-> fabric-api-0.141.4+1.21.11.jar.old
|  |  |-> fabric-api-0.141.5+1.21.11.jar.old
|  |  |-> fabric-api-0.141.6+1.21.11.jar
|  |  |-> fabric-language-kotlin-1.13.12+kotlin.2.4.0.jar.old
|  |  |-> fabric-language-kotlin-1.13.13+kotlin.2.4.10.jar
|  |  |-> FancyBlockParticles-1.21.11-fabric-21.11.0.0-alpha.jar
|  |  |-> ferritecore-8.2.0-fabric.jar
|  |  |-> fzzy_config-0.7.6+1.21.11.jar
|  |  |-> IAS-9.0.6+1.21.11-fabric.jar.old
|  |  |-> IAS-9.0.7+1.21.11-fabric.jar
|  |  |-> ImmediatelyFast-Fabric-1.14.2+1.21.11.jar.old
|  |  |-> ImmediatelyFast-Fabric-1.14.3+1.21.11.jar
|  |  |-> iris-fabric-1.10.7+mc1.21.11.jar
|  |  |-> Jade-1.21.11-Fabric-21.1.6.jar
|  |  |-> jei-1.21.11-fabric-27.17.0.50.jar.old
|  |  |-> jei-1.21.11-fabric-27.21.0.60.jar
|  |  |-> jei-1.21.11-fabric-27.4.0.22.jar.old
|  |  |-> journeymap-fabric-1.21.11-6.0.0-beta.87.jar.old
|  |  |-> journeymap-fabric-1.21.11-6.0.0.jar
|  |  |-> litematica-fabric-1.21.11-0.26.12.jar
|  |  |-> litematica-fabric-1.21.11-0.26.8.jar.old
|  |  |-> lithium-fabric-0.21.4+mc1.21.11.jar
|  |  |-> malilib-fabric-1.21.11-0.27.12.jar.old
|  |  |-> malilib-fabric-1.21.11-0.27.16.jar
|  |  |-> modmenu-17.0.0.jar.old
|  |  |-> modmenu-17.0.1-beta.1.jar
|  |  |-> moreculling-fabric-1.21.11-1.6.2.jar
|  |  |-> notenoughanimations-fabric-1.12.3-mc1.21.11.jar.old
|  |  |-> notenoughanimations-fabric-1.12.4-mc1.21.11.jar
|  |  |-> physics-mod-3.1.40-mc-1.21.11-fabric.jar
|  |  |-> PlayerAnimationLibFabric-1.1.7+mc.1.21.11.jar.old
|  |  |-> PlayerAnimationLibFabric-1.1.9+mc.1.21.11.jar
|  |  |-> reeses-sodium-options-fabric-2.0.3+mc1.21.11.jar.old
|  |  |-> reeses-sodium-options-fabric-2.2.3+mc1.21.11.jar
|  |  |-> Resourcify (1.21.11-fabric)-1.8.3.jar.old
|  |  |-> Resourcify (1.21.11-fabric)-1.8.5.jar
|  |  |-> schematicpreview-0.0.16+1.21.11.jar
|  |  |-> skinlayers3d-fabric-1.11.1-mc1.21.11.jar.old
|  |  |-> skinlayers3d-fabric-1.11.2-mc1.21.11.jar
|  |  |-> smoothgui-fabric-1.21.10-1.1.0.jar.old
|  |  |-> smoothgui-fabric-2.0.0+mc1.21.11.jar
|  |  |-> smoothscroll-2.6.7.jar
|  |  |-> sodium-extra-fabric-0.8.3+mc1.21.11.jar
|  |  |-> sodium-extra-fabric-0.9.3+mc1.21.11.jar.old
|  |  |-> sodium-fabric-0.8.12+mc1.21.11.jar
|  |  |-> sodium-fabric-0.8.13+mc1.21.11.jar.old
|  |  |-> sodium-fabric-0.8.14-beta.1+mc1.21.11.jar.old
|  |  |-> sodium-fabric-0.9.2-alpha.3+mc26.2.jar
|  |  |-> sound-physics-remastered-fabric-1.21.11-1.5.1.jar
|  |  |-> SubtleEffects-fabric-1.21.11-1.14.0.jar
|  |  |-> super_resolution-fabric-1.21.11-0.8.3-alpha.4+opengl.jar.disabled
|  |  |-> tweakeroo-fabric-1.21.11-0.27.11.jar
|  |  |-> tweakeroo-fabric-1.21.11-0.27.9.jar.old
|  |  |-> ViaFabricPlus-4.4.13.jar.disabled
|  |  |-> voxy-0.2.16-beta+1.21.11.jar
|  |  |-> WI-Zoom-1.7-MC1.21.11.jar
|  |  |-> worldedit-mod-7.4.2.jar
|  |  |-> yet_another_config_lib_v3-3.8.2+1.21.11-fabric.jar
|  |  |-> zmusic-fabric-1.21.8-3.5.0.jar
|  |-> 待更新
|  |  |-> sodium-fabric-0.9.1+mc26.2.jar
|  |  |-> 报告
|  |  |  |-> sodium-voxy-fix.txt
|  |  |  |-> update-report.json
|  |  |  |-> update-report.txt
|  |  |  |-> 启用数量说明.txt
[09:11:22] [@.task.AsyncTaskExecutor.lambda$executeNormalTask$29/TRACE] Task finished: org.jackhuang.hmcl.game.LauncherHelper.lambda$launch0$19(LauncherHelper.java:230)
[09:11:22] [@.task.AsyncTaskExecutor.lambda$executeNormalTask$19/TRACE] Executing task: org.jackhuang.hmcl.game.LauncherHelper.lambda$launch0$14(LauncherHelper.java:255)
[09:11:22] [@.launch.DefaultLauncher.decompressNatives/INFO] Decompress native libraries to D:\Minecraft\游戏主体\.minecraft\versions\26.2\natives-windows-x86_64\java
[09:11:22] [@.game.LauncherHelper$HMCLProcessListener.setProcess/INFO] Launched process: "C:\\Program Files\\Java\\jdk-25.0.2\\bin\\java.exe" -Xmx12715m -Dfile.encoding=GB18030 -Dstdout.encoding=GB18030 -Dstderr.encoding=GB18030 -Djava.rmi.server.useCodebaseOnly=true -Dcom.sun.jndi.rmi.object.trustURLCodebase=false -Dcom.sun.jndi.cosnaming.object.trustURLCodebase=false -Dlog4j2.formatMsgNoLookups=true -Dlog4j.configurationFile=D:\Minecraft\游戏主体\.minecraft\versions\26.2\log4j2.xml -Dminecraft.client.jar=D:\Minecraft\游戏主体\.minecraft\versions\26.2\26.2.jar -Djava.net.useSystemProxies=true -XX:+UnlockExperimentalVMOptions -XX:+UnlockDiagnosticVMOptions -XX:+UseG1GC -XX:G1MixedGCCountTarget=5 -XX:G1NewSizePercent=20 -XX:G1ReservePercent=20 -XX:MaxGCPauseMillis=50 -XX:G1HeapRegionSize=32m -XX:-OmitStackTraceInFastThrow -XX:-DontCompileHugeMethods -XX:MaxNodeLimit=240000 -XX:NodeLimitFudgeFactor=8000 -XX:TieredCompileTaskTimeout=10000 -XX:ReservedCodeCacheSize=400M -XX:NonNMethodCodeHeapSize=12M -XX:ProfiledCodeHeapSize=194M -XX:NmethodSweepActivity=1 -XX:+UseCompactObjectHeaders --sun-misc-unsafe-memory-access=allow -Dfml.ignoreInvalidMinecraftCertificates=true -Dfml.ignorePatchDiscrepancies=true -XX:HeapDumpPath=MojangTricksIntelDriversForPerformance_javaw.exe_minecraft.exe.heapdump --sun-misc-unsafe-memory-access=allow --enable-native-access=ALL-UNNAMED -Djava.library.path=D:\Minecraft\游戏主体\.minecraft\versions\26.2\natives-windows-x86_64/java -Djna.tmpdir=D:\Minecraft\游戏主体\.minecraft\versions\26.2\natives-windows-x86_64/jna -Dorg.lwjgl.system.SharedLibraryExtractPath=D:\Minecraft\游戏主体\.minecraft\versions\26.2\natives-windows-x86_64/lwjgl -Dio.netty.native.workdir=D:\Minecraft\游戏主体\.minecraft\versions\26.2\natives-windows-x86_64/netty -Dminecraft.launcher.brand=HMCL -Dminecraft.launcher.version=3.17.0.352 -cp D:\Minecraft\游戏主体\.minecraft\libraries\org\ow2\asm\asm\9.10.1\asm-9.10.1.jar;D:\Minecraft\游戏主体\.minecraft\libraries\org\ow2\asm\asm-analysis\9.10.1\asm-analysis-9.10.1.jar;D:\Minecraft\游戏主体\.minecraft\libraries\org\ow2\asm\asm-commons\9.10.1\asm-commons-9.10.1.jar;D:\Minecraft\游戏主体\.minecraft\libraries\org\ow2\asm\asm-tree\9.10.1\asm-tree-9.10.1.jar;D:\Minecraft\游戏主体\.minecraft\libraries\org\ow2\asm\asm-util\9.10.1\asm-util-9.10.1.jar;D:\Minecraft\游戏主体\.minecraft\libraries\net\fabricmc\sponge-mixin\0.17.3+mixin.0.8.7\sponge-mixin-0.17.3+mixin.0.8.7.jar;D:\Minecraft\游戏主体\.minecraft\libraries\net\fabricmc\intermediary\0.0.0\intermediary-0.0.0.jar;D:\Minecraft\游戏主体\.minecraft\libraries\net\fabricmc\fabric-loader\0.19.3\fabric-loader-0.19.3.jar;D:\Minecraft\游戏主体\.minecraft\libraries\at\yawk\lz4\lz4-java\1.10.1\lz4-java-1.10.1.jar;D:\Minecraft\游戏主体\.minecraft\libraries\com\azure\azure-json\1.4.0\azure-json-1.4.0.jar;D:\Minecraft\游戏主体\.minecraft\libraries\com\github\oshi\oshi-core\6.9.0\oshi-core-6.9.0.jar;D:\Minecraft\游戏主体\.minecraft\libraries\com\google\code\gson\gson\2.14.0\gson-2.14.0.jar;D:\Minecraft\游戏主体\.minecraft\libraries\com\google\guava\failureaccess\1.0.3\failureaccess-1.0.3.jar;D:\Minecraft\游戏主体\.minecraft\libraries\com\google\guava\guava\33.6.0-jre\guava-33.6.0-jre.jar;D:\Minecraft\游戏主体\.minecraft\libraries\com\ibm\icu\icu4j\78.3\icu4j-78.3.jar;D:\Minecraft\游戏主体\.minecraft\libraries\com\microsoft\azure\msal4j\1.24.1\msal4j-1.24.1.jar;D:\Minecraft\游戏主体\.minecraft\libraries\com\mojang\authlib\9.0.75\authlib-9.0.75.jar;D:\Minecraft\游戏主体\.minecraft\libraries\com\mojang\blocklist\1.0.10\blocklist-1.0.10.jar;D:\Minecraft\游戏主体\.minecraft\libraries\com\mojang\brigadier\1.3.10\brigadier-1.3.10.jar;D:\Minecraft\游戏主体\.minecraft\libraries\com\mojang\datafixerupper\10.0.21\datafixerupper-10.0.21.jar;D:\Minecraft\游戏主体\.minecraft\libraries\com\mojang\jtracy\1.0.37\jtracy-1.0.37.jar;D:\Minecraft\游戏主体\.minecraft\libraries\com\mojang\jtracy\1.0.37\jtracy-1.0.37-natives-windows.jar;D:\Minecraft\游戏主体\.minecraft\libraries\com\mojang\logging\1.7.12\logging-1.7.12.jar;D:\Minecraft\游戏主体\.minecraft\libraries\com\mojang\patchy\2.2.10\patchy-2.2.10.jar;D:\Minecraft\游戏主体\.minecraft\libraries\com\mojang\text2speech\1.19.12\text2speech-1.19.12.jar;D:\Minecraft\游戏主体\.minecraft\libraries\commons-codec\commons-codec\1.22.0\commons-codec-1.22.0.jar;D:\Minecraft\游戏主体\.minecraft\libraries\commons-io\commons-io\2.20.0\commons-io-2.20.0.jar;D:\Minecraft\游戏主体\.minecraft\libraries\io\netty\netty-buffer\4.2.15.Final\netty-buffer-4.2.15.Final.jar;D:\Minecraft\游戏主体\.minecraft\libraries\io\netty\netty-codec-base\4.2.15.Final\netty-codec-base-4.2.15.Final.jar;D:\Minecraft\游戏主体\.minecraft\libraries\io\netty\netty-codec-compression\4.2.15.Final\netty-codec-compression-4.2.15.Final.jar;D:\Minecraft\游戏主体\.minecraft\libraries\io\netty\netty-codec-http\4.2.15.Final\netty-codec-http-4.2.15.Final.jar;D:\Minecraft\游戏主体\.minecraft\libraries\io\netty\netty-common\4.2.15.Final\netty-common-4.2.15.Final.jar;D:\Minecraft\游戏主体\.minecraft\libraries\io\netty\netty-handler\4.2.15.Final\netty-handler-4.2.15.Final.jar;D:\Minecraft\游戏主体\.minecraft\libraries\io\netty\netty-resolver\4.2.15.Final\netty-resolver-4.2.15.Final.jar;D:\Minecraft\游戏主体\.minecraft\libraries\io\netty\netty-transport-classes-epoll\4.2.15.Final\netty-transport-classes-epoll-4.2.15.Final.jar;D:\Minecraft\游戏主体\.minecraft\libraries\io\netty\netty-transport-classes-kqueue\4.2.15.Final\netty-transport-classes-kqueue-4.2.15.Final.jar;D:\Minecraft\游戏主体\.minecraft\libraries\io\netty\netty-transport-native-unix-common\4.2.15.Final\netty-transport-native-unix-common-4.2.15.Final.jar;D:\Minecraft\游戏主体\.minecraft\libraries\io\netty\netty-transport\4.2.15.Final\netty-transport-4.2.15.Final.jar;D:\Minecraft\游戏主体\.minecraft\libraries\it\unimi\dsi\fastutil\8.5.18\fastutil-8.5.18.jar;D:\Minecraft\游戏主体\.minecraft\libraries\net\java\dev\jna\jna-platform\5.17.0\jna-platform-5.17.0.jar;D:\Minecraft\游戏主体\.minecraft\libraries\net\java\dev\jna\jna\5.17.0\jna-5.17.0.jar;D:\Minecraft\游戏主体\.minecraft\libraries\net\sf\jopt-simple\jopt-simple\5.0.4\jopt-simple-5.0.4.jar;D:\Minecraft\游戏主体\.minecraft\libraries\org\apache\commons\commons-compress\1.28.0\commons-compress-1.28.0.jar;D:\Minecraft\游戏主体\.minecraft\libraries\org\apache\commons\commons-lang3\3.20.0\commons-lang3-3.20.0.jar;D:\Minecraft\游戏主体\.minecraft\libraries\org\apache\logging\log4j\log4j-api\2.26.0\log4j-api-2.26.0.jar;D:\Minecraft\游戏主体\.minecraft\libraries\org\apache\logging\log4j\log4j-core\2.26.0\log4j-core-2.26.0.jar;D:\Minecraft\游戏主体\.minecraft\libraries\org\apache\logging\log4j\log4j-slf4j2-impl\2.26.0\log4j-slf4j2-impl-2.26.0.jar;D:\Minecraft\游戏主体\.minecraft\libraries\org\jcraft\jorbis\0.0.17\jorbis-0.0.17.jar;D:\Minecraft\游戏主体\.minecraft\libraries\org\joml\joml\1.10.8\joml-1.10.8.jar;D:\Minecraft\游戏主体\.minecraft\libraries\org\jspecify\jspecify\1.0.0\jspecify-1.0.0.jar;D:\Minecraft\游戏主体\.minecraft\libraries\org\lwjgl\lwjgl-freetype\3.4.1\lwjgl-freetype-3.4.1.jar;D:\Minecraft\游戏主体\.minecraft\libraries\org\lwjgl\lwjgl-freetype\3.4.1\lwjgl-freetype-3.4.1-natives-windows.jar;D:\Minecraft\游戏主体\.minecraft\libraries\org\lwjgl\lwjgl-freetype\3.4.1\lwjgl-freetype-3.4.1-natives-windows-arm64.jar;D:\Minecraft\游戏主体\.minecraft\libraries\org\lwjgl\lwjgl-freetype\3.4.1\lwjgl-freetype-3.4.1-natives-windows-x86.jar;D:\Minecraft\游戏主体\.minecraft\libraries\org\lwjgl\lwjgl-glfw\3.4.1\lwjgl-glfw-3.4.1.jar;D:\Minecraft\游戏主体\.minecraft\libraries\org\lwjgl\lwjgl-glfw\3.4.1\lwjgl-glfw-3.4.1-natives-windows.jar;D:\Minecraft\游戏主体\.minecraft\libraries\org\lwjgl\lwjgl-glfw\3.4.1\lwjgl-glfw-3.4.1-natives-windows-arm64.jar;D:\Minecraft\游戏主体\.minecraft\libraries\org\lwjgl\lwjgl-glfw\3.4.1\lwjgl-glfw-3.4.1-natives-windows-x86.jar;D:\Minecraft\游戏主体\.minecraft\libraries\org\lwjgl\lwjgl-jemalloc\3.4.1\lwjgl-jemalloc-3.4.1.jar;D:\Minecraft\游戏主体\.minecraft\libraries\org\lwjgl\lwjgl-jemalloc\3.4.1\lwjgl-jemalloc-3.4.1-natives-windows.jar;D:\Minecraft\游戏主体\.minecraft\libraries\org\lwjgl\lwjgl-jemalloc\3.4.1\lwjgl-jemalloc-3.4.1-natives-windows-arm64.jar;D:\Minecraft\游戏主体\.minecraft\libraries\org\lwjgl\lwjgl-jemalloc\3.4.1\lwjgl-jemalloc-3.4.1-natives-windows-x86.jar;D:\Minecraft\游戏主体\.minecraft\libraries\org\lwjgl\lwjgl-openal\3.4.1\lwjgl-openal-3.4.1.jar;D:\Minecraft\游戏主体\.minecraft\libraries\org\lwjgl\lwjgl-openal\3.4.1\lwjgl-openal-3.4.1-natives-windows.jar;D:\Minecraft\游戏主体\.minecraft\libraries\org\lwjgl\lwjgl-openal\3.4.1\lwjgl-openal-3.4.1-natives-windows-arm64.jar;D:\Minecraft\游戏主体\.minecraft\libraries\org\lwjgl\lwjgl-openal\3.4.1\lwjgl-openal-3.4.1-natives-windows-x86.jar;D:\Minecraft\游戏主体\.minecraft\libraries\org\lwjgl\lwjgl-opengl\3.4.1\lwjgl-opengl-3.4.1.jar;D:\Minecraft\游戏主体\.minecraft\libraries\org\lwjgl\lwjgl-opengl\3.4.1\lwjgl-opengl-3.4.1-natives-windows.jar;D:\Minecraft\游戏主体\.minecraft\libraries\org\lwjgl\lwjgl-opengl\3.4.1\lwjgl-opengl-3.4.1-natives-windows-arm64.jar;D:\Minecraft\游戏主体\.minecraft\libraries\org\lwjgl\lwjgl-opengl\3.4.1\lwjgl-opengl-3.4.1-natives-windows-x86.jar;D:\Minecraft\游戏主体\.minecraft\libraries\org\lwjgl\lwjgl-shaderc\3.4.1\lwjgl-shaderc-3.4.1.jar;D:\Minecraft\游戏主体\.minecraft\libraries\org\lwjgl\lwjgl-shaderc\3.4.1\lwjgl-shaderc-3.4.1-natives-windows.jar;D:\Minecraft\游戏主体\.minecraft\libraries\org\lwjgl\lwjgl-shaderc\3.4.1\lwjgl-shaderc-3.4.1-natives-windows-arm64.jar;D:\Minecraft\游戏主体\.minecraft\libraries\org\lwjgl\lwjgl-shaderc\3.4.1\lwjgl-shaderc-3.4.1-natives-windows-x86.jar;D:\Minecraft\游戏主体\.minecraft\libraries\org\lwjgl\lwjgl-spvc\3.4.1\lwjgl-spvc-3.4.1.jar;D:\Minecraft\游戏主体\.minecraft\libraries\org\lwjgl\lwjgl-spvc\3.4.1\lwjgl-spvc-3.4.1-natives-windows.jar;D:\Minecraft\游戏主体\.minecraft\libraries\org\lwjgl\lwjgl-spvc\3.4.1\lwjgl-spvc-3.4.1-natives-windows-arm64.jar;D:\Minecraft\游戏主体\.minecraft\libraries\org\lwjgl\lwjgl-spvc\3.4.1\lwjgl-spvc-3.4.1-natives-windows-x86.jar;D:\Minecraft\游戏主体\.minecraft\libraries\org\lwjgl\lwjgl-stb\3.4.1\lwjgl-stb-3.4.1.jar;D:\Minecraft\游戏主体\.minecraft\libraries\org\lwjgl\lwjgl-stb\3.4.1\lwjgl-stb-3.4.1-natives-windows.jar;D:\Minecraft\游戏主体\.minecraft\libraries\org\lwjgl\lwjgl-stb\3.4.1\lwjgl-stb-3.4.1-natives-windows-arm64.jar;D:\Minecraft\游戏主体\.minecraft\libraries\org\lwjgl\lwjgl-stb\3.4.1\lwjgl-stb-3.4.1-natives-windows-x86.jar;D:\Minecraft\游戏主体\.minecraft\libraries\org\lwjgl\lwjgl-tinyfd\3.4.1\lwjgl-tinyfd-3.4.1.jar;D:\Minecraft\游戏主体\.minecraft\libraries\org\lwjgl\lwjgl-tinyfd\3.4.1\lwjgl-tinyfd-3.4.1-natives-windows.jar;D:\Minecraft\游戏主体\.minecraft\libraries\org\lwjgl\lwjgl-tinyfd\3.4.1\lwjgl-tinyfd-3.4.1-natives-windows-arm64.jar;D:\Minecraft\游戏主体\.minecraft\libraries\org\lwjgl\lwjgl-tinyfd\3.4.1\lwjgl-tinyfd-3.4.1-natives-windows-x86.jar;D:\Minecraft\游戏主体\.minecraft\libraries\org\lwjgl\lwjgl-vma\3.4.1\lwjgl-vma-3.4.1.jar;D:\Minecraft\游戏主体\.minecraft\libraries\org\lwjgl\lwjgl-vma\3.4.1\lwjgl-vma-3.4.1-natives-windows.jar;D:\Minecraft\游戏主体\.minecraft\libraries\org\lwjgl\lwjgl-vma\3.4.1\lwjgl-vma-3.4.1-natives-windows-arm64.jar;D:\Minecraft\游戏主体\.minecraft\libraries\org\lwjgl\lwjgl-vma\3.4.1\lwjgl-vma-3.4.1-natives-windows-x86.jar;D:\Minecraft\游戏主体\.minecraft\libraries\org\lwjgl\lwjgl-vulkan\3.4.1\lwjgl-vulkan-3.4.1.jar;D:\Minecraft\游戏主体\.minecraft\libraries\org\lwjgl\lwjgl\3.4.1\lwjgl-3.4.1-natives-windows.jar;D:\Minecraft\游戏主体\.minecraft\libraries\org\lwjgl\lwjgl\3.4.1\lwjgl-3.4.1-natives-windows-arm64.jar;D:\Minecraft\游戏主体\.minecraft\libraries\org\lwjgl\lwjgl\3.4.1\lwjgl-3.4.1-natives-windows-x86.jar;D:\Minecraft\游戏主体\.minecraft\libraries\org\lwjgl\lwjgl\3.4.1\lwjgl-3.4.1-unsafe.jar;D:\Minecraft\游戏主体\.minecraft\libraries\org\slf4j\slf4j-api\2.0.17\slf4j-api-2.0.17.jar;D:\Minecraft\游戏主体\.minecraft\versions\26.2\26.2.jar net.fabricmc.loader.impl.launch.knot.KnotClient --username Ryan_yu__ --version 26.2 --gameDir D:\Minecraft\游戏主体\.minecraft --assetsDir D:\Minecraft\游戏主体\.minecraft\assets --assetIndex 32 --uuid d006ba704ddc4b37b13c76f190815116 --accessToken <access token> --clientId ${clientid} --xuid ${auth_xuid} --versionType "HMCL 3.17.0.352" --width 1920 --height 1080
[09:11:22] [@.task.AsyncTaskExecutor.lambda$executeNormalTask$29/TRACE] Task finished: org.jackhuang.hmcl.game.LauncherHelper.lambda$launch0$14(LauncherHelper.java:255)
[09:11:22] [@.task.AsyncTaskExecutor.lambda$executeNormalTask$29/TRACE] Task finished: org.jackhuang.hmcl.game.LauncherHelper$$Lambda/0x000000002c54e790@3a50a9e6
[09:11:22] [@.task.AsyncTaskExecutor.lambda$executeNormalTask$29/TRACE] Task finished: org.jackhuang.hmcl.game.LauncherHelper.lambda$launch0$19(LauncherHelper.java:262)
[09:11:59] [@.task.AsyncTaskExecutor.lambda$executeNormalTask$29/TRACE] Task finished: 请耐心等待
[09:11:59] [@.task.AsyncTaskExecutor.lambda$executeNormalTask$29/TRACE] Task finished: org.jackhuang.hmcl.task.Task$StageTask
[09:11:59] [@.task.AsyncTaskExecutor.lambda$executeNormalTask$29/TRACE] Task finished: org.jackhuang.hmcl.game.LauncherHelper$$Lambda/0x000000002c50f0c8@7029e957
[09:11:59] [@.task.AsyncTaskExecutor.lambda$executeNormalTask$29/TRACE] Task finished: org.jackhuang.hmcl.task.Task$StagesHintTask
[09:12:00] [@.ui.construct.JFXDialogPane.pop/INFO] JFXDialogPane@2b80cb6f [], removed: true, object: TaskExecutorDialogPane@321fa3a5[styleClass=task-executor-dialog-layout]
[14:26:13] [@.event.EventBus.fireEvent/INFO] ProcessStoppedEvent [source=org.jackhuang.hmcl.launch.ExitWaiter@655d63c4] gets fired
[14:26:14] [@.ui.Controllers.prepareSettingsPage/INFO] Prepare the settings page
[14:26:15] [@.ui.Controllers.prepareDownloadPage/INFO] Prepare the download page
[14:26:15] [@.task.AsyncTaskExecutor.lambda$executeNormalTask$19/TRACE] Executing task: org.jackhuang.hmcl.ui.download.VersionsPage.refresh(VersionsPage.java:116)
[14:26:15] [@.task.AsyncTaskExecutor.lambda$executeNormalTask$19/TRACE] Executing task: org.jackhuang.hmcl.task.Task$UniCompose$$Lambda/0x000000002c50ea18@1831f678
[14:26:15] [@.task.AsyncTaskExecutor.lambda$executeNormalTask$19/TRACE] Executing task: org.jackhuang.hmcl.task.Task$UniCompose$$Lambda/0x000000002c50ea18@6a2c3ef1
[14:26:15] [@.task.AsyncTaskExecutor.lambda$executeNormalTask$19/TRACE] Executing task: MultipleSourceVersionList.refreshAsync(task=org.jackhuang.hmcl.download.game.GameVersionList.refreshAsync(GameVersionList.java:57), index=0, all=2)
[14:26:15] [@.task.AsyncTaskExecutor.lambda$executeNormalTask$19/TRACE] Executing task: org.jackhuang.hmcl.download.game.GameVersionList.refreshAsync(GameVersionList.java:57)
[14:26:15] [@.task.AsyncTaskExecutor.lambda$executeNormalTask$19/TRACE] Executing task: org.jackhuang.hmcl.download.game.GameVersionList.refreshAsync(GameVersionList.java:56)
[14:26:15] [@.task.AsyncTaskExecutor.lambda$executeNormalTask$19/TRACE] Executing task: https://bmclapi2.bangbang93.com/mc/game/version_manifest.json
[14:26:15] [@.ui.Controllers.prepareVersionPage/INFO] Prepare the version page
[14:26:15] [@.task.FetchTask.downloadHttp/INFO] Using cached file for https://bmclapi2.bangbang93.com/mc/game/version_manifest.json
[14:26:15] [@.task.AsyncTaskExecutor.lambda$executeNormalTask$29/TRACE] Task finished: https://bmclapi2.bangbang93.com/mc/game/version_manifest.json
[14:26:15] [@.task.AsyncTaskExecutor.lambda$executeNormalTask$29/TRACE] Task finished: org.jackhuang.hmcl.download.game.GameVersionList.refreshAsync(GameVersionList.java:56)
[14:26:15] [@.task.AsyncTaskExecutor.lambda$executeNormalTask$29/TRACE] Task finished: org.jackhuang.hmcl.download.game.GameVersionList.refreshAsync(GameVersionList.java:57)
[14:26:15] [@.task.AsyncTaskExecutor.lambda$executeNormalTask$29/TRACE] Task finished: MultipleSourceVersionList.refreshAsync(task=org.jackhuang.hmcl.download.game.GameVersionList.refreshAsync(GameVersionList.java:57), index=0, all=2)
[14:26:15] [@.task.AsyncTaskExecutor.lambda$executeNormalTask$29/TRACE] Task finished: org.jackhuang.hmcl.task.Task$UniCompose$$Lambda/0x000000002c50ea18@6a2c3ef1
[14:26:15] [@.task.AsyncTaskExecutor.lambda$executeNormalTask$19/TRACE] Executing task: org.jackhuang.hmcl.util.Lang.lambda$wrap$2(Lang.java:303)
[14:26:15] [@.task.AsyncTaskExecutor.lambda$executeNormalTask$29/TRACE] Task finished: org.jackhuang.hmcl.util.Lang.lambda$wrap$2(Lang.java:303)
[14:26:15] [@.task.AsyncTaskExecutor.lambda$executeNormalTask$29/TRACE] Task finished: org.jackhuang.hmcl.task.Task$UniCompose$$Lambda/0x000000002c50ea18@1831f678
[14:26:15] [@.task.AsyncTaskExecutor.lambda$executeNormalTask$29/TRACE] Task finished: org.jackhuang.hmcl.ui.download.VersionsPage.refresh(VersionsPage.java:116)
[14:26:16] [@.ui.construct.Navigator.navigate/INFO] Navigate to VersionPage@4e32725[styleClass=root gray-background]
[14:48:52] [@.ui.construct.Navigator.close/INFO] Closed page VersionPage@4e32725[styleClass=root gray-background]
[14:48:53] [@.game.LauncherHelper.launch/INFO] Launching game version: 26.2
[14:48:53] [@.ui.construct.JFXDialogPane.push/INFO] JFXDialogPane@368e8fb3 [TaskExecutorDialogPane@6a6166fa[styleClass=task-executor-dialog-layout]]
[14:48:53] [@.task.AsyncTaskExecutor.lambda$executeNormalTask$19/TRACE] Executing task: org.jackhuang.hmcl.task.Task$StagesHintTask
[14:48:53] [@.task.AsyncTaskExecutor.lambda$executeNormalTask$19/TRACE] Executing task: org.jackhuang.hmcl.game.LauncherHelper$$Lambda/0x000000002c50f0c8@27ac39ad
[14:48:53] [@.task.AsyncTaskExecutor.lambda$executeNormalTask$19/TRACE] Executing task: org.jackhuang.hmcl.task.Task$UniCompose$$Lambda/0x000000002c50ea18@19ccc06d
[14:48:53] [@.task.AsyncTaskExecutor.lambda$executeNormalTask$19/TRACE] Executing task: org.jackhuang.hmcl.task.Task$UniCompose$$Lambda/0x000000002c50ea18@15d6356e
[14:48:53] [@.task.AsyncTaskExecutor.lambda$executeNormalTask$19/TRACE] Executing task: org.jackhuang.hmcl.task.Task$UniCompose$$Lambda/0x000000002c50ea18@7fdf36b7
[14:48:53] [@.task.AsyncTaskExecutor.lambda$executeNormalTask$19/TRACE] Executing task: org.jackhuang.hmcl.task.Task$StageTask
[14:48:53] [@.task.AsyncTaskExecutor.lambda$executeNormalTask$19/TRACE] Executing task: org.jackhuang.hmcl.game.LauncherHelper$$Lambda/0x000000002c50e5a8@78b8ccdd
[14:48:53] [@.task.AsyncTaskExecutor.lambda$executeNormalTask$19/TRACE] Executing task: org.jackhuang.hmcl.task.Task$StageTask
[14:48:53] [@.task.AsyncTaskExecutor.lambda$executeNormalTask$19/TRACE] Executing task: org.jackhuang.hmcl.game.LauncherHelper$$Lambda/0x000000002c50e378@4d1831c8
[14:48:53] [@.task.AsyncTaskExecutor.lambda$executeNormalTask$19/TRACE] Executing task: org.jackhuang.hmcl.game.LauncherHelper.checkGameState(LauncherHelper.java:394)
[14:48:53] [@.task.AsyncTaskExecutor.lambda$executeNormalTask$29/TRACE] Task finished: org.jackhuang.hmcl.game.LauncherHelper.checkGameState(LauncherHelper.java:394)
[14:48:53] [@.task.AsyncTaskExecutor.lambda$executeCompletableFutureTask$10/TRACE] Executing task: org.jackhuang.hmcl.task.Task$5
[14:48:53] [@.task.AsyncTaskExecutor.lambda$executeCompletableFutureTask$12/TRACE] Task finished: org.jackhuang.hmcl.task.Task$5
[14:48:53] [@.task.AsyncTaskExecutor.lambda$executeNormalTask$29/TRACE] Task finished: org.jackhuang.hmcl.game.LauncherHelper$$Lambda/0x000000002c50e378@4d1831c8
[14:48:53] [@.task.AsyncTaskExecutor.lambda$executeNormalTask$29/TRACE] Task finished: org.jackhuang.hmcl.task.Task$StageTask
[14:48:53] [@.task.AsyncTaskExecutor.lambda$executeNormalTask$19/TRACE] Executing task: org.jackhuang.hmcl.game.LauncherHelper.lambda$launch0$4(LauncherHelper.java:179)
[14:48:53] [@.task.AsyncTaskExecutor.lambda$executeNormalTask$19/TRACE] Executing task: org.jackhuang.hmcl.game.LauncherHelper.lambda$launch0$4(LauncherHelper.java:169)
[14:48:53] [@.task.AsyncTaskExecutor.lambda$executeNormalTask$19/TRACE] Executing task: org.jackhuang.hmcl.task.Task$UniCompose$$Lambda/0x000000002c50ea18@3b7e89a9
[14:48:53] [@.task.AsyncTaskExecutor.lambda$executeNormalTask$19/TRACE] Executing task: org.jackhuang.hmcl.download.game.GameAssetDownloadTask
[14:48:53] [@.task.AsyncTaskExecutor.lambda$executeNormalTask$19/TRACE] Executing task: org.jackhuang.hmcl.download.game.GameLibrariesTask
[14:48:53] [@.task.AsyncTaskExecutor.lambda$executeNormalTask$29/TRACE] Task finished: org.jackhuang.hmcl.game.LauncherHelper.lambda$launch0$4(LauncherHelper.java:179)
[14:48:53] [@.task.AsyncTaskExecutor.lambda$executeNormalTask$19/TRACE] Executing task: org.jackhuang.hmcl.download.game.GameAssetIndexDownloadTask
[14:48:53] [@.task.AsyncTaskExecutor.lambda$executeNormalTask$19/TRACE] Executing task: org.jackhuang.hmcl.download.DefaultDependencyManager.checkGameCompletionAsync(DefaultDependencyManager.java:83)
[14:48:53] [@.task.AsyncTaskExecutor.lambda$executeNormalTask$29/TRACE] Task finished: org.jackhuang.hmcl.game.LauncherHelper.lambda$launch0$4(LauncherHelper.java:169)
[14:48:53] [@.task.AsyncTaskExecutor.lambda$executeNormalTask$29/TRACE] Task finished: org.jackhuang.hmcl.download.DefaultDependencyManager.checkGameCompletionAsync(DefaultDependencyManager.java:83)
[14:48:53] [@.task.AsyncTaskExecutor.lambda$executeNormalTask$19/TRACE] Executing task: org.jackhuang.hmcl.download.DefaultDependencyManager.checkPatchCompletionAsync(DefaultDependencyManager.java:103)
[14:48:53] [@.task.AsyncTaskExecutor.lambda$executeNormalTask$29/TRACE] Task finished: org.jackhuang.hmcl.download.DefaultDependencyManager.checkPatchCompletionAsync(DefaultDependencyManager.java:103)
[14:48:53] [@.task.AsyncTaskExecutor.lambda$executeNormalTask$29/TRACE] Task finished: org.jackhuang.hmcl.task.Task$UniCompose$$Lambda/0x000000002c50ea18@3b7e89a9
[14:48:53] [@.task.AsyncTaskExecutor.lambda$executeNormalTask$29/TRACE] Task finished: org.jackhuang.hmcl.download.game.GameLibrariesTask
[14:48:53] [@.task.AsyncTaskExecutor.lambda$executeNormalTask$29/TRACE] Task finished: org.jackhuang.hmcl.download.game.GameAssetIndexDownloadTask
[14:48:53] [@.task.AsyncTaskExecutor.lambda$executeNormalTask$29/TRACE] Task finished: org.jackhuang.hmcl.download.game.GameAssetDownloadTask
[14:48:53] [@.task.AsyncTaskExecutor.lambda$executeNormalTask$29/TRACE] Task finished: org.jackhuang.hmcl.game.LauncherHelper$$Lambda/0x000000002c50e5a8@78b8ccdd
[14:48:53] [@.task.AsyncTaskExecutor.lambda$executeNormalTask$29/TRACE] Task finished: org.jackhuang.hmcl.task.Task$StageTask
[14:48:53] [@.task.AsyncTaskExecutor.lambda$executeNormalTask$19/TRACE] Executing task: org.jackhuang.hmcl.download.game.GameVerificationFixTask
[14:48:53] [@.task.AsyncTaskExecutor.lambda$executeNormalTask$29/TRACE] Task finished: org.jackhuang.hmcl.download.game.GameVerificationFixTask
[14:48:53] [@.task.AsyncTaskExecutor.lambda$executeNormalTask$29/TRACE] Task finished: org.jackhuang.hmcl.task.Task$UniCompose$$Lambda/0x000000002c50ea18@7fdf36b7
[14:48:53] [@.task.AsyncTaskExecutor.lambda$executeCompletableFutureTask$10/TRACE] Executing task: org.jackhuang.hmcl.task.Task$5
[14:48:53] [@.task.AsyncTaskExecutor.lambda$executeCompletableFutureTask$12/TRACE] Task finished: org.jackhuang.hmcl.task.Task$5
[14:48:53] [@.task.AsyncTaskExecutor.lambda$executeNormalTask$29/TRACE] Task finished: org.jackhuang.hmcl.task.Task$UniCompose$$Lambda/0x000000002c50ea18@15d6356e
[14:48:53] [@.task.AsyncTaskExecutor.lambda$executeNormalTask$19/TRACE] Executing task: org.jackhuang.hmcl.task.Task$StageTask
[14:48:53] [@.task.AsyncTaskExecutor.lambda$executeNormalTask$19/TRACE] Executing task: org.jackhuang.hmcl.game.LauncherHelper.logIn(LauncherHelper.java:720)
[14:48:53] [@.task.AsyncTaskExecutor.lambda$executeCompletableFutureTask$10/TRACE] Executing task: org.jackhuang.hmcl.task.Task$5
[14:48:53] [@.task.AsyncTaskExecutor.lambda$executeCompletableFutureTask$12/TRACE] Task finished: org.jackhuang.hmcl.task.Task$5
[14:48:53] [@.task.AsyncTaskExecutor.lambda$executeNormalTask$29/TRACE] Task finished: org.jackhuang.hmcl.game.LauncherHelper.logIn(LauncherHelper.java:720)
[14:48:53] [@.task.AsyncTaskExecutor.lambda$executeNormalTask$29/TRACE] Task finished: org.jackhuang.hmcl.task.Task$StageTask
[14:48:53] [@.task.AsyncTaskExecutor.lambda$executeNormalTask$29/TRACE] Task finished: org.jackhuang.hmcl.task.Task$UniCompose$$Lambda/0x000000002c50ea18@19ccc06d
[14:48:53] [@.task.AsyncTaskExecutor.lambda$executeNormalTask$19/TRACE] Executing task: org.jackhuang.hmcl.task.Task$StageTask
[14:48:53] [@.task.AsyncTaskExecutor.lambda$executeNormalTask$19/TRACE] Executing task: 请耐心等待
[14:48:53] [@.task.AsyncTaskExecutor.lambda$executeNormalTask$19/TRACE] Executing task: org.jackhuang.hmcl.game.LauncherHelper.lambda$launch0$19(LauncherHelper.java:262)
[14:48:53] [@.task.AsyncTaskExecutor.lambda$executeNormalTask$19/TRACE] Executing task: org.jackhuang.hmcl.game.LauncherHelper$$Lambda/0x000000002c54e790@4af02b77
[14:48:53] [@.task.AsyncTaskExecutor.lambda$executeNormalTask$19/TRACE] Executing task: org.jackhuang.hmcl.game.LauncherHelper.lambda$launch0$19(LauncherHelper.java:230)
[14:48:53] [@.game.LauncherHelper.lambda$launch0$12/INFO] Here's the structure of game mod directory:
Filesystem structure of: .minecraft\mods
|-> mods
|  |-> AmbientSounds_FABRIC_v6.3.6_mc26.2.jar
|  |-> appleskin-fabric-mc26.2-3.0.10.jar
|  |-> Axiom-5.5.0-for-MC26.2.jar
|  |-> c2me-fabric-mc26.2-0.4.2-alpha.0.35.jar
|  |-> chat_heads-1.2.6-fabric-26.1.jar.old
|  |-> chat_heads-1.2.7-fabric-26.1.jar
|  |-> Chunky-Fabric-1.5.3.jar
|  |-> cloth-config-26.2.155.jar
|  |-> continuity-3.0.1+26.2.jar
|  |-> CreativeCore_FABRIC_v2.14.16_mc26.2.jar
|  |-> eg_particle_interactions-0.10.1+26.2-fabric.jar
|  |-> emotecraft-for-MC26.2-3.4.0-b.build.162.jar
|  |-> entityculling-fabric-1.10.5-mc26.2.jar
|  |-> entity_model_features-3.2.6-26.2-fabric.jar
|  |-> entity_texture_features-7.1.1-26.2-fabric.jar
|  |-> Essential_1-4-1-1_fabric_26-2.jar
|  |-> fabric-api-0.156.0+26.2.jar
|  |-> fabric-language-kotlin-1.13.13+kotlin.2.4.10.jar
|  |-> ferritecore-9.0.0-fabric.jar
|  |-> fzzy_config-0.7.6+26.2.jar
|  |-> IAS-9.0.7+26.2-fabric.jar
|  |-> ImmediatelyFast-Fabric-1.16.2+26.2.jar
|  |-> iris-fabric-1.11.2+mc26.2.jar
|  |-> Jade-mc26.2-Fabric-26.2.10.jar
|  |-> jei-26.2-fabric-30.16.0.125.jar.old
|  |-> jei-26.2-fabric-30.16.0.134.jar
|  |-> journeymap-fabric-26.2-6.0.3.jar
|  |-> litematica-fabric-26.2-0.28.4.jar
|  |-> lithium-fabric-0.25.3+mc26.2.jar
|  |-> malilib-fabric-26.2-0.29.3.jar
|  |-> MCWWS_AxiomSurvivalClient.jar
|  |-> modmenu-20.0.1.jar
|  |-> moreculling-fabric-26.2-1.8.1.jar
|  |-> notenoughanimations-fabric-1.12.4-mc26.2.jar
|  |-> physics-mod-3.1.46-mc-26.2-fabric.jar
|  |-> PlayerAnimationLibMerged-1.2.5+mc.26.2.jar
|  |-> reeses-sodium-options-fabric-2.2.3+mc26.2.jar
|  |-> Resourcify (26.2-fabric)-1.8.5.jar
|  |-> skinlayers3d-fabric-1.11.2-mc26.2.jar
|  |-> smoothgui-fabric-2.0.0+mc26.2.jar
|  |-> smoothscroll-2.9.0.jar
|  |-> sodium-extra-fabric-0.9.3+mc26.2.jar
|  |-> sodium-fabric-0.9.1+mc26.2.jar
|  |-> sodium-fabric-0.9.2-alpha.4+mc26.2.jar.old
|  |-> sound-physics-remastered-fabric-1.5.1+26.2.jar
|  |-> SubtleEffects-fabric-26.2-1.14.3.jar
|  |-> tweakeroo-fabric-26.2-0.29.2.jar
|  |-> voxy-0.2.18-beta.jar
|  |-> WI-Zoom-1.7-MC26.2.jar
|  |-> worldedit-mod-7.4.4.jar.old
|  |-> worldedit-mod-7.4.5.jar
|  |-> yet_another_config_lib_v3-3.9.6+26.2-fabric.jar
|  |-> 屏蔽
|  |  |-> AmbientSounds_FABRIC_v6.3.5_mc1.21.11.jar
|  |  |-> appleskin-fabric-mc1.21.11-3.0.8.jar
|  |  |-> Axiom-5.4.2-for-MC1.21.11.jar
|  |  |-> c2me-fabric-mc1.21.11-0.3.7+alpha.0.10.jar.old
|  |  |-> c2me-fabric-mc1.21.11-0.4.0-alpha.0.21.jar.old
|  |  |-> c2me-fabric-mc1.21.11-0.4.0-alpha.0.23.jar
|  |  |-> chat_heads-1.2.4-fabric-1.21.11.jar.old
|  |  |-> chat_heads-1.2.5-fabric-1.21.11.jar
|  |  |-> Chunky-Fabric-1.4.55.jar
|  |  |-> cloth-config-21.11.153-fabric.jar
|  |  |-> continuity-3.0.1-beta.1+1.21.11.jar
|  |  |-> CreativeCore_FABRIC_v2.14.11_mc1.21.11.jar
|  |  |-> eg_particle_interactions-v0.9.1-fabric-mc1.21.11.jar
|  |  |-> emotecraft-fabric-for-MC1.21.11-3.2.0-b.build.149.jar.old
|  |  |-> emotecraft-fabric-for-MC1.21.11-3.2.0-b.build.159.jar
|  |  |-> entityculling-fabric-1.10.2-mc1.21.11.jar.old
|  |  |-> entityculling-fabric-1.10.5-mc1.21.11.jar
|  |  |-> entity_model_features-3.2.4-1.21.11-fabric.jar
|  |  |-> entity_texture_features_1.21.11-fabric-7.1.jar
|  |  |-> Essential_1-3-10-9_fabric_1-21-11.jar.old
|  |  |-> Essential_1-4-1-1_fabric_1-21-11.jar
|  |  |-> Essential_1-4-1_fabric_1-21-11.jar.old
|  |  |-> fabric-api-0.141.4+1.21.11.jar.old
|  |  |-> fabric-api-0.141.5+1.21.11.jar.old
|  |  |-> fabric-api-0.141.6+1.21.11.jar
|  |  |-> fabric-language-kotlin-1.13.12+kotlin.2.4.0.jar.old
|  |  |-> fabric-language-kotlin-1.13.13+kotlin.2.4.10.jar
|  |  |-> FancyBlockParticles-1.21.11-fabric-21.11.0.0-alpha.jar
|  |  |-> ferritecore-8.2.0-fabric.jar
|  |  |-> fzzy_config-0.7.6+1.21.11.jar
|  |  |-> IAS-9.0.6+1.21.11-fabric.jar.old
|  |  |-> IAS-9.0.7+1.21.11-fabric.jar
|  |  |-> ImmediatelyFast-Fabric-1.14.2+1.21.11.jar.old
|  |  |-> ImmediatelyFast-Fabric-1.14.3+1.21.11.jar
|  |  |-> iris-fabric-1.10.7+mc1.21.11.jar
|  |  |-> Jade-1.21.11-Fabric-21.1.6.jar
|  |  |-> jei-1.21.11-fabric-27.17.0.50.jar.old
|  |  |-> jei-1.21.11-fabric-27.21.0.60.jar
|  |  |-> jei-1.21.11-fabric-27.4.0.22.jar.old
|  |  |-> journeymap-fabric-1.21.11-6.0.0-beta.87.jar.old
|  |  |-> journeymap-fabric-1.21.11-6.0.0.jar
|  |  |-> litematica-fabric-1.21.11-0.26.12.jar
|  |  |-> litematica-fabric-1.21.11-0.26.8.jar.old
|  |  |-> lithium-fabric-0.21.4+mc1.21.11.jar
|  |  |-> malilib-fabric-1.21.11-0.27.12.jar.old
|  |  |-> malilib-fabric-1.21.11-0.27.16.jar
|  |  |-> modmenu-17.0.0.jar.old
|  |  |-> modmenu-17.0.1-beta.1.jar
|  |  |-> moreculling-fabric-1.21.11-1.6.2.jar
|  |  |-> notenoughanimations-fabric-1.12.3-mc1.21.11.jar.old
|  |  |-> notenoughanimations-fabric-1.12.4-mc1.21.11.jar
|  |  |-> physics-mod-3.1.40-mc-1.21.11-fabric.jar
|  |  |-> PlayerAnimationLibFabric-1.1.7+mc.1.21.11.jar.old
|  |  |-> PlayerAnimationLibFabric-1.1.9+mc.1.21.11.jar
|  |  |-> reeses-sodium-options-fabric-2.0.3+mc1.21.11.jar.old
|  |  |-> reeses-sodium-options-fabric-2.2.3+mc1.21.11.jar
|  |  |-> Resourcify (1.21.11-fabric)-1.8.3.jar.old
|  |  |-> Resourcify (1.21.11-fabric)-1.8.5.jar
|  |  |-> schematicpreview-0.0.16+1.21.11.jar
|  |  |-> skinlayers3d-fabric-1.11.1-mc1.21.11.jar.old
|  |  |-> skinlayers3d-fabric-1.11.2-mc1.21.11.jar
|  |  |-> smoothgui-fabric-1.21.10-1.1.0.jar.old
|  |  |-> smoothgui-fabric-2.0.0+mc1.21.11.jar
|  |  |-> smoothscroll-2.6.7.jar
|  |  |-> sodium-extra-fabric-0.8.3+mc1.21.11.jar
|  |  |-> sodium-extra-fabric-0.9.3+mc1.21.11.jar.old
|  |  |-> sodium-fabric-0.8.12+mc1.21.11.jar
|  |  |-> sodium-fabric-0.8.13+mc1.21.11.jar.old
|  |  |-> sodium-fabric-0.8.14-beta.1+mc1.21.11.jar.old
|  |  |-> sodium-fabric-0.9.2-alpha.3+mc26.2.jar
|  |  |-> sound-physics-remastered-fabric-1.21.11-1.5.1.jar
|  |  |-> SubtleEffects-fabric-1.21.11-1.14.0.jar
|  |  |-> super_resolution-fabric-1.21.11-0.8.3-alpha.4+opengl.jar.disabled
|  |  |-> tweakeroo-fabric-1.21.11-0.27.11.jar
|  |  |-> tweakeroo-fabric-1.21.11-0.27.9.jar.old
|  |  |-> ViaFabricPlus-4.4.13.jar.disabled
|  |  |-> voxy-0.2.16-beta+1.21.11.jar
|  |  |-> WI-Zoom-1.7-MC1.21.11.jar
|  |  |-> worldedit-mod-7.4.2.jar
|  |  |-> yet_another_config_lib_v3-3.8.2+1.21.11-fabric.jar
|  |  |-> zmusic-fabric-1.21.8-3.5.0.jar
|  |-> 待更新
|  |  |-> sodium-fabric-0.9.1+mc26.2.jar
|  |  |-> 报告
|  |  |  |-> sodium-voxy-fix.txt
|  |  |  |-> update-report.json
|  |  |  |-> update-report.txt
|  |  |  |-> 启用数量说明.txt
[14:48:53] [@.task.AsyncTaskExecutor.lambda$executeNormalTask$29/TRACE] Task finished: org.jackhuang.hmcl.game.LauncherHelper.lambda$launch0$19(LauncherHelper.java:230)
[14:48:53] [@.task.AsyncTaskExecutor.lambda$executeNormalTask$19/TRACE] Executing task: org.jackhuang.hmcl.game.LauncherHelper.lambda$launch0$14(LauncherHelper.java:255)
[14:48:53] [@.launch.DefaultLauncher.decompressNatives/INFO] Decompress native libraries to D:\Minecraft\游戏主体\.minecraft\versions\26.2\natives-windows-x86_64\java
[14:48:53] [@.game.LauncherHelper$HMCLProcessListener.setProcess/INFO] Launched process: "C:\\Program Files\\Java\\jdk-25.0.2\\bin\\java.exe" -Xmx11874m -Dfile.encoding=GB18030 -Dstdout.encoding=GB18030 -Dstderr.encoding=GB18030 -Djava.rmi.server.useCodebaseOnly=true -Dcom.sun.jndi.rmi.object.trustURLCodebase=false -Dcom.sun.jndi.cosnaming.object.trustURLCodebase=false -Dlog4j2.formatMsgNoLookups=true -Dlog4j.configurationFile=D:\Minecraft\游戏主体\.minecraft\versions\26.2\log4j2.xml -Dminecraft.client.jar=D:\Minecraft\游戏主体\.minecraft\versions\26.2\26.2.jar -Djava.net.useSystemProxies=true -XX:+UnlockExperimentalVMOptions -XX:+UnlockDiagnosticVMOptions -XX:+UseG1GC -XX:G1MixedGCCountTarget=5 -XX:G1NewSizePercent=20 -XX:G1ReservePercent=20 -XX:MaxGCPauseMillis=50 -XX:G1HeapRegionSize=32m -XX:-OmitStackTraceInFastThrow -XX:-DontCompileHugeMethods -XX:MaxNodeLimit=240000 -XX:NodeLimitFudgeFactor=8000 -XX:TieredCompileTaskTimeout=10000 -XX:ReservedCodeCacheSize=400M -XX:NonNMethodCodeHeapSize=12M -XX:ProfiledCodeHeapSize=194M -XX:NmethodSweepActivity=1 -XX:+UseCompactObjectHeaders --sun-misc-unsafe-memory-access=allow -Dfml.ignoreInvalidMinecraftCertificates=true -Dfml.ignorePatchDiscrepancies=true -XX:HeapDumpPath=MojangTricksIntelDriversForPerformance_javaw.exe_minecraft.exe.heapdump --sun-misc-unsafe-memory-access=allow --enable-native-access=ALL-UNNAMED -Djava.library.path=D:\Minecraft\游戏主体\.minecraft\versions\26.2\natives-windows-x86_64/java -Djna.tmpdir=D:\Minecraft\游戏主体\.minecraft\versions\26.2\natives-windows-x86_64/jna -Dorg.lwjgl.system.SharedLibraryExtractPath=D:\Minecraft\游戏主体\.minecraft\versions\26.2\natives-windows-x86_64/lwjgl -Dio.netty.native.workdir=D:\Minecraft\游戏主体\.minecraft\versions\26.2\natives-windows-x86_64/netty -Dminecraft.launcher.brand=HMCL -Dminecraft.launcher.version=3.17.0.352 -cp D:\Minecraft\游戏主体\.minecraft\libraries\org\ow2\asm\asm\9.10.1\asm-9.10.1.jar;D:\Minecraft\游戏主体\.minecraft\libraries\org\ow2\asm\asm-analysis\9.10.1\asm-analysis-9.10.1.jar;D:\Minecraft\游戏主体\.minecraft\libraries\org\ow2\asm\asm-commons\9.10.1\asm-commons-9.10.1.jar;D:\Minecraft\游戏主体\.minecraft\libraries\org\ow2\asm\asm-tree\9.10.1\asm-tree-9.10.1.jar;D:\Minecraft\游戏主体\.minecraft\libraries\org\ow2\asm\asm-util\9.10.1\asm-util-9.10.1.jar;D:\Minecraft\游戏主体\.minecraft\libraries\net\fabricmc\sponge-mixin\0.17.3+mixin.0.8.7\sponge-mixin-0.17.3+mixin.0.8.7.jar;D:\Minecraft\游戏主体\.minecraft\libraries\net\fabricmc\intermediary\0.0.0\intermediary-0.0.0.jar;D:\Minecraft\游戏主体\.minecraft\libraries\net\fabricmc\fabric-loader\0.19.3\fabric-loader-0.19.3.jar;D:\Minecraft\游戏主体\.minecraft\libraries\at\yawk\lz4\lz4-java\1.10.1\lz4-java-1.10.1.jar;D:\Minecraft\游戏主体\.minecraft\libraries\com\azure\azure-json\1.4.0\azure-json-1.4.0.jar;D:\Minecraft\游戏主体\.minecraft\libraries\com\github\oshi\oshi-core\6.9.0\oshi-core-6.9.0.jar;D:\Minecraft\游戏主体\.minecraft\libraries\com\google\code\gson\gson\2.14.0\gson-2.14.0.jar;D:\Minecraft\游戏主体\.minecraft\libraries\com\google\guava\failureaccess\1.0.3\failureaccess-1.0.3.jar;D:\Minecraft\游戏主体\.minecraft\libraries\com\google\guava\guava\33.6.0-jre\guava-33.6.0-jre.jar;D:\Minecraft\游戏主体\.minecraft\libraries\com\ibm\icu\icu4j\78.3\icu4j-78.3.jar;D:\Minecraft\游戏主体\.minecraft\libraries\com\microsoft\azure\msal4j\1.24.1\msal4j-1.24.1.jar;D:\Minecraft\游戏主体\.minecraft\libraries\com\mojang\authlib\9.0.75\authlib-9.0.75.jar;D:\Minecraft\游戏主体\.minecraft\libraries\com\mojang\blocklist\1.0.10\blocklist-1.0.10.jar;D:\Minecraft\游戏主体\.minecraft\libraries\com\mojang\brigadier\1.3.10\brigadier-1.3.10.jar;D:\Minecraft\游戏主体\.minecraft\libraries\com\mojang\datafixerupper\10.0.21\datafixerupper-10.0.21.jar;D:\Minecraft\游戏主体\.minecraft\libraries\com\mojang\jtracy\1.0.37\jtracy-1.0.37.jar;D:\Minecraft\游戏主体\.minecraft\libraries\com\mojang\jtracy\1.0.37\jtracy-1.0.37-natives-windows.jar;D:\Minecraft\游戏主体\.minecraft\libraries\com\mojang\logging\1.7.12\logging-1.7.12.jar;D:\Minecraft\游戏主体\.minecraft\libraries\com\mojang\patchy\2.2.10\patchy-2.2.10.jar;D:\Minecraft\游戏主体\.minecraft\libraries\com\mojang\text2speech\1.19.12\text2speech-1.19.12.jar;D:\Minecraft\游戏主体\.minecraft\libraries\commons-codec\commons-codec\1.22.0\commons-codec-1.22.0.jar;D:\Minecraft\游戏主体\.minecraft\libraries\commons-io\commons-io\2.20.0\commons-io-2.20.0.jar;D:\Minecraft\游戏主体\.minecraft\libraries\io\netty\netty-buffer\4.2.15.Final\netty-buffer-4.2.15.Final.jar;D:\Minecraft\游戏主体\.minecraft\libraries\io\netty\netty-codec-base\4.2.15.Final\netty-codec-base-4.2.15.Final.jar;D:\Minecraft\游戏主体\.minecraft\libraries\io\netty\netty-codec-compression\4.2.15.Final\netty-codec-compression-4.2.15.Final.jar;D:\Minecraft\游戏主体\.minecraft\libraries\io\netty\netty-codec-http\4.2.15.Final\netty-codec-http-4.2.15.Final.jar;D:\Minecraft\游戏主体\.minecraft\libraries\io\netty\netty-common\4.2.15.Final\netty-common-4.2.15.Final.jar;D:\Minecraft\游戏主体\.minecraft\libraries\io\netty\netty-handler\4.2.15.Final\netty-handler-4.2.15.Final.jar;D:\Minecraft\游戏主体\.minecraft\libraries\io\netty\netty-resolver\4.2.15.Final\netty-resolver-4.2.15.Final.jar;D:\Minecraft\游戏主体\.minecraft\libraries\io\netty\netty-transport-classes-epoll\4.2.15.Final\netty-transport-classes-epoll-4.2.15.Final.jar;D:\Minecraft\游戏主体\.minecraft\libraries\io\netty\netty-transport-classes-kqueue\4.2.15.Final\netty-transport-classes-kqueue-4.2.15.Final.jar;D:\Minecraft\游戏主体\.minecraft\libraries\io\netty\netty-transport-native-unix-common\4.2.15.Final\netty-transport-native-unix-common-4.2.15.Final.jar;D:\Minecraft\游戏主体\.minecraft\libraries\io\netty\netty-transport\4.2.15.Final\netty-transport-4.2.15.Final.jar;D:\Minecraft\游戏主体\.minecraft\libraries\it\unimi\dsi\fastutil\8.5.18\fastutil-8.5.18.jar;D:\Minecraft\游戏主体\.minecraft\libraries\net\java\dev\jna\jna-platform\5.17.0\jna-platform-5.17.0.jar;D:\Minecraft\游戏主体\.minecraft\libraries\net\java\dev\jna\jna\5.17.0\jna-5.17.0.jar;D:\Minecraft\游戏主体\.minecraft\libraries\net\sf\jopt-simple\jopt-simple\5.0.4\jopt-simple-5.0.4.jar;D:\Minecraft\游戏主体\.minecraft\libraries\org\apache\commons\commons-compress\1.28.0\commons-compress-1.28.0.jar;D:\Minecraft\游戏主体\.minecraft\libraries\org\apache\commons\commons-lang3\3.20.0\commons-lang3-3.20.0.jar;D:\Minecraft\游戏主体\.minecraft\libraries\org\apache\logging\log4j\log4j-api\2.26.0\log4j-api-2.26.0.jar;D:\Minecraft\游戏主体\.minecraft\libraries\org\apache\logging\log4j\log4j-core\2.26.0\log4j-core-2.26.0.jar;D:\Minecraft\游戏主体\.minecraft\libraries\org\apache\logging\log4j\log4j-slf4j2-impl\2.26.0\log4j-slf4j2-impl-2.26.0.jar;D:\Minecraft\游戏主体\.minecraft\libraries\org\jcraft\jorbis\0.0.17\jorbis-0.0.17.jar;D:\Minecraft\游戏主体\.minecraft\libraries\org\joml\joml\1.10.8\joml-1.10.8.jar;D:\Minecraft\游戏主体\.minecraft\libraries\org\jspecify\jspecify\1.0.0\jspecify-1.0.0.jar;D:\Minecraft\游戏主体\.minecraft\libraries\org\lwjgl\lwjgl-freetype\3.4.1\lwjgl-freetype-3.4.1.jar;D:\Minecraft\游戏主体\.minecraft\libraries\org\lwjgl\lwjgl-freetype\3.4.1\lwjgl-freetype-3.4.1-natives-windows.jar;D:\Minecraft\游戏主体\.minecraft\libraries\org\lwjgl\lwjgl-freetype\3.4.1\lwjgl-freetype-3.4.1-natives-windows-arm64.jar;D:\Minecraft\游戏主体\.minecraft\libraries\org\lwjgl\lwjgl-freetype\3.4.1\lwjgl-freetype-3.4.1-natives-windows-x86.jar;D:\Minecraft\游戏主体\.minecraft\libraries\org\lwjgl\lwjgl-glfw\3.4.1\lwjgl-glfw-3.4.1.jar;D:\Minecraft\游戏主体\.minecraft\libraries\org\lwjgl\lwjgl-glfw\3.4.1\lwjgl-glfw-3.4.1-natives-windows.jar;D:\Minecraft\游戏主体\.minecraft\libraries\org\lwjgl\lwjgl-glfw\3.4.1\lwjgl-glfw-3.4.1-natives-windows-arm64.jar;D:\Minecraft\游戏主体\.minecraft\libraries\org\lwjgl\lwjgl-glfw\3.4.1\lwjgl-glfw-3.4.1-natives-windows-x86.jar;D:\Minecraft\游戏主体\.minecraft\libraries\org\lwjgl\lwjgl-jemalloc\3.4.1\lwjgl-jemalloc-3.4.1.jar;D:\Minecraft\游戏主体\.minecraft\libraries\org\lwjgl\lwjgl-jemalloc\3.4.1\lwjgl-jemalloc-3.4.1-natives-windows.jar;D:\Minecraft\游戏主体\.minecraft\libraries\org\lwjgl\lwjgl-jemalloc\3.4.1\lwjgl-jemalloc-3.4.1-natives-windows-arm64.jar;D:\Minecraft\游戏主体\.minecraft\libraries\org\lwjgl\lwjgl-jemalloc\3.4.1\lwjgl-jemalloc-3.4.1-natives-windows-x86.jar;D:\Minecraft\游戏主体\.minecraft\libraries\org\lwjgl\lwjgl-openal\3.4.1\lwjgl-openal-3.4.1.jar;D:\Minecraft\游戏主体\.minecraft\libraries\org\lwjgl\lwjgl-openal\3.4.1\lwjgl-openal-3.4.1-natives-windows.jar;D:\Minecraft\游戏主体\.minecraft\libraries\org\lwjgl\lwjgl-openal\3.4.1\lwjgl-openal-3.4.1-natives-windows-arm64.jar;D:\Minecraft\游戏主体\.minecraft\libraries\org\lwjgl\lwjgl-openal\3.4.1\lwjgl-openal-3.4.1-natives-windows-x86.jar;D:\Minecraft\游戏主体\.minecraft\libraries\org\lwjgl\lwjgl-opengl\3.4.1\lwjgl-opengl-3.4.1.jar;D:\Minecraft\游戏主体\.minecraft\libraries\org\lwjgl\lwjgl-opengl\3.4.1\lwjgl-opengl-3.4.1-natives-windows.jar;D:\Minecraft\游戏主体\.minecraft\libraries\org\lwjgl\lwjgl-opengl\3.4.1\lwjgl-opengl-3.4.1-natives-windows-arm64.jar;D:\Minecraft\游戏主体\.minecraft\libraries\org\lwjgl\lwjgl-opengl\3.4.1\lwjgl-opengl-3.4.1-natives-windows-x86.jar;D:\Minecraft\游戏主体\.minecraft\libraries\org\lwjgl\lwjgl-shaderc\3.4.1\lwjgl-shaderc-3.4.1.jar;D:\Minecraft\游戏主体\.minecraft\libraries\org\lwjgl\lwjgl-shaderc\3.4.1\lwjgl-shaderc-3.4.1-natives-windows.jar;D:\Minecraft\游戏主体\.minecraft\libraries\org\lwjgl\lwjgl-shaderc\3.4.1\lwjgl-shaderc-3.4.1-natives-windows-arm64.jar;D:\Minecraft\游戏主体\.minecraft\libraries\org\lwjgl\lwjgl-shaderc\3.4.1\lwjgl-shaderc-3.4.1-natives-windows-x86.jar;D:\Minecraft\游戏主体\.minecraft\libraries\org\lwjgl\lwjgl-spvc\3.4.1\lwjgl-spvc-3.4.1.jar;D:\Minecraft\游戏主体\.minecraft\libraries\org\lwjgl\lwjgl-spvc\3.4.1\lwjgl-spvc-3.4.1-natives-windows.jar;D:\Minecraft\游戏主体\.minecraft\libraries\org\lwjgl\lwjgl-spvc\3.4.1\lwjgl-spvc-3.4.1-natives-windows-arm64.jar;D:\Minecraft\游戏主体\.minecraft\libraries\org\lwjgl\lwjgl-spvc\3.4.1\lwjgl-spvc-3.4.1-natives-windows-x86.jar;D:\Minecraft\游戏主体\.minecraft\libraries\org\lwjgl\lwjgl-stb\3.4.1\lwjgl-stb-3.4.1.jar;D:\Minecraft\游戏主体\.minecraft\libraries\org\lwjgl\lwjgl-stb\3.4.1\lwjgl-stb-3.4.1-natives-windows.jar;D:\Minecraft\游戏主体\.minecraft\libraries\org\lwjgl\lwjgl-stb\3.4.1\lwjgl-stb-3.4.1-natives-windows-arm64.jar;D:\Minecraft\游戏主体\.minecraft\libraries\org\lwjgl\lwjgl-stb\3.4.1\lwjgl-stb-3.4.1-natives-windows-x86.jar;D:\Minecraft\游戏主体\.minecraft\libraries\org\lwjgl\lwjgl-tinyfd\3.4.1\lwjgl-tinyfd-3.4.1.jar;D:\Minecraft\游戏主体\.minecraft\libraries\org\lwjgl\lwjgl-tinyfd\3.4.1\lwjgl-tinyfd-3.4.1-natives-windows.jar;D:\Minecraft\游戏主体\.minecraft\libraries\org\lwjgl\lwjgl-tinyfd\3.4.1\lwjgl-tinyfd-3.4.1-natives-windows-arm64.jar;D:\Minecraft\游戏主体\.minecraft\libraries\org\lwjgl\lwjgl-tinyfd\3.4.1\lwjgl-tinyfd-3.4.1-natives-windows-x86.jar;D:\Minecraft\游戏主体\.minecraft\libraries\org\lwjgl\lwjgl-vma\3.4.1\lwjgl-vma-3.4.1.jar;D:\Minecraft\游戏主体\.minecraft\libraries\org\lwjgl\lwjgl-vma\3.4.1\lwjgl-vma-3.4.1-natives-windows.jar;D:\Minecraft\游戏主体\.minecraft\libraries\org\lwjgl\lwjgl-vma\3.4.1\lwjgl-vma-3.4.1-natives-windows-arm64.jar;D:\Minecraft\游戏主体\.minecraft\libraries\org\lwjgl\lwjgl-vma\3.4.1\lwjgl-vma-3.4.1-natives-windows-x86.jar;D:\Minecraft\游戏主体\.minecraft\libraries\org\lwjgl\lwjgl-vulkan\3.4.1\lwjgl-vulkan-3.4.1.jar;D:\Minecraft\游戏主体\.minecraft\libraries\org\lwjgl\lwjgl\3.4.1\lwjgl-3.4.1-natives-windows.jar;D:\Minecraft\游戏主体\.minecraft\libraries\org\lwjgl\lwjgl\3.4.1\lwjgl-3.4.1-natives-windows-arm64.jar;D:\Minecraft\游戏主体\.minecraft\libraries\org\lwjgl\lwjgl\3.4.1\lwjgl-3.4.1-natives-windows-x86.jar;D:\Minecraft\游戏主体\.minecraft\libraries\org\lwjgl\lwjgl\3.4.1\lwjgl-3.4.1-unsafe.jar;D:\Minecraft\游戏主体\.minecraft\libraries\org\slf4j\slf4j-api\2.0.17\slf4j-api-2.0.17.jar;D:\Minecraft\游戏主体\.minecraft\versions\26.2\26.2.jar net.fabricmc.loader.impl.launch.knot.KnotClient --username Ryan_yu__ --version 26.2 --gameDir D:\Minecraft\游戏主体\.minecraft --assetsDir D:\Minecraft\游戏主体\.minecraft\assets --assetIndex 32 --uuid d006ba704ddc4b37b13c76f190815116 --accessToken <access token> --clientId ${clientid} --xuid ${auth_xuid} --versionType "HMCL 3.17.0.352" --width 1920 --height 1080
[14:48:53] [@.task.AsyncTaskExecutor.lambda$executeNormalTask$29/TRACE] Task finished: org.jackhuang.hmcl.game.LauncherHelper.lambda$launch0$14(LauncherHelper.java:255)
[14:48:53] [@.task.AsyncTaskExecutor.lambda$executeNormalTask$29/TRACE] Task finished: org.jackhuang.hmcl.game.LauncherHelper$$Lambda/0x000000002c54e790@4af02b77
[14:48:53] [@.task.AsyncTaskExecutor.lambda$executeNormalTask$29/TRACE] Task finished: org.jackhuang.hmcl.game.LauncherHelper.lambda$launch0$19(LauncherHelper.java:262)
[14:49:32] [@.task.AsyncTaskExecutor.lambda$executeNormalTask$29/TRACE] Task finished: 请耐心等待
[14:49:32] [@.task.AsyncTaskExecutor.lambda$executeNormalTask$29/TRACE] Task finished: org.jackhuang.hmcl.task.Task$StageTask
[14:49:32] [@.task.AsyncTaskExecutor.lambda$executeNormalTask$29/TRACE] Task finished: org.jackhuang.hmcl.game.LauncherHelper$$Lambda/0x000000002c50f0c8@27ac39ad
[14:49:32] [@.task.AsyncTaskExecutor.lambda$executeNormalTask$29/TRACE] Task finished: org.jackhuang.hmcl.task.Task$StagesHintTask
[14:49:32] [@.ui.construct.JFXDialogPane.pop/INFO] JFXDialogPane@368e8fb3 [], removed: true, object: TaskExecutorDialogPane@6a6166fa[styleClass=task-executor-dialog-layout]
[14:49:33] [@.event.EventBus.fireEvent/INFO] ProcessExitedAbnormallyEvent [source=org.jackhuang.hmcl.launch.ExitWaiter@702d8361, process=ManagedProcess[commands=[C:\Program Files\Java\jdk-25.0.2\bin\java.exe, -Xmx11874m, -Dfile.encoding=GB18030, -Dstdout.encoding=GB18030, -Dstderr.encoding=GB18030, -Djava.rmi.server.useCodebaseOnly=true, -Dcom.sun.jndi.rmi.object.trustURLCodebase=false, -Dcom.sun.jndi.cosnaming.object.trustURLCodebase=false, -Dlog4j2.formatMsgNoLookups=true, -Dlog4j.configurationFile=D:\Minecraft\游戏主体\.minecraft\versions\26.2\log4j2.xml, -Dminecraft.client.jar=D:\Minecraft\游戏主体\.minecraft\versions\26.2\26.2.jar, -Djava.net.useSystemProxies=true, -XX:+UnlockExperimentalVMOptions, -XX:+UnlockDiagnosticVMOptions, -XX:+UseG1GC, -XX:G1MixedGCCountTarget=5, -XX:G1NewSizePercent=20, -XX:G1ReservePercent=20, -XX:MaxGCPauseMillis=50, -XX:G1HeapRegionSize=32m, -XX:-OmitStackTraceInFastThrow, -XX:-DontCompileHugeMethods, -XX:MaxNodeLimit=240000, -XX:NodeLimitFudgeFactor=8000, -XX:TieredCompileTaskTimeout=10000, -XX:ReservedCodeCacheSize=400M, -XX:NonNMethodCodeHeapSize=12M, -XX:ProfiledCodeHeapSize=194M, -XX:NmethodSweepActivity=1, -XX:+UseCompactObjectHeaders, --sun-misc-unsafe-memory-access=allow, -Dfml.ignoreInvalidMinecraftCertificates=true, -Dfml.ignorePatchDiscrepancies=true, -XX:HeapDumpPath=MojangTricksIntelDriversForPerformance_javaw.exe_minecraft.exe.heapdump, --sun-misc-unsafe-memory-access=allow, --enable-native-access=ALL-UNNAMED, -Djava.library.path=D:\Minecraft\游戏主体\.minecraft\versions\26.2\natives-windows-x86_64/java, -Djna.tmpdir=D:\Minecraft\游戏主体\.minecraft\versions\26.2\natives-windows-x86_64/jna, -Dorg.lwjgl.system.SharedLibraryExtractPath=D:\Minecraft\游戏主体\.minecraft\versions\26.2\natives-windows-x86_64/lwjgl, -Dio.netty.native.workdir=D:\Minecraft\游戏主体\.minecraft\versions\26.2\natives-windows-x86_64/netty, -Dminecraft.launcher.brand=HMCL, -Dminecraft.launcher.version=3.17.0.352, -cp, D:\Minecraft\游戏主体\.minecraft\libraries\org\ow2\asm\asm\9.10.1\asm-9.10.1.jar;D:\Minecraft\游戏主体\.minecraft\libraries\org\ow2\asm\asm-analysis\9.10.1\asm-analysis-9.10.1.jar;D:\Minecraft\游戏主体\.minecraft\libraries\org\ow2\asm\asm-commons\9.10.1\asm-commons-9.10.1.jar;D:\Minecraft\游戏主体\.minecraft\libraries\org\ow2\asm\asm-tree\9.10.1\asm-tree-9.10.1.jar;D:\Minecraft\游戏主体\.minecraft\libraries\org\ow2\asm\asm-util\9.10.1\asm-util-9.10.1.jar;D:\Minecraft\游戏主体\.minecraft\libraries\net\fabricmc\sponge-mixin\0.17.3+mixin.0.8.7\sponge-mixin-0.17.3+mixin.0.8.7.jar;D:\Minecraft\游戏主体\.minecraft\libraries\net\fabricmc\intermediary\0.0.0\intermediary-0.0.0.jar;D:\Minecraft\游戏主体\.minecraft\libraries\net\fabricmc\fabric-loader\0.19.3\fabric-loader-0.19.3.jar;D:\Minecraft\游戏主体\.minecraft\libraries\at\yawk\lz4\lz4-java\1.10.1\lz4-java-1.10.1.jar;D:\Minecraft\游戏主体\.minecraft\libraries\com\azure\azure-json\1.4.0\azure-json-1.4.0.jar;D:\Minecraft\游戏主体\.minecraft\libraries\com\github\oshi\oshi-core\6.9.0\oshi-core-6.9.0.jar;D:\Minecraft\游戏主体\.minecraft\libraries\com\google\code\gson\gson\2.14.0\gson-2.14.0.jar;D:\Minecraft\游戏主体\.minecraft\libraries\com\google\guava\failureaccess\1.0.3\failureaccess-1.0.3.jar;D:\Minecraft\游戏主体\.minecraft\libraries\com\google\guava\guava\33.6.0-jre\guava-33.6.0-jre.jar;D:\Minecraft\游戏主体\.minecraft\libraries\com\ibm\icu\icu4j\78.3\icu4j-78.3.jar;D:\Minecraft\游戏主体\.minecraft\libraries\com\microsoft\azure\msal4j\1.24.1\msal4j-1.24.1.jar;D:\Minecraft\游戏主体\.minecraft\libraries\com\mojang\authlib\9.0.75\authlib-9.0.75.jar;D:\Minecraft\游戏主体\.minecraft\libraries\com\mojang\blocklist\1.0.10\blocklist-1.0.10.jar;D:\Minecraft\游戏主体\.minecraft\libraries\com\mojang\brigadier\1.3.10\brigadier-1.3.10.jar;D:\Minecraft\游戏主体\.minecraft\libraries\com\mojang\datafixerupper\10.0.21\datafixerupper-10.0.21.jar;D:\Minecraft\游戏主体\.minecraft\libraries\com\mojang\jtracy\1.0.37\jtracy-1.0.37.jar;D:\Minecraft\游戏主体\.minecraft\libraries\com\mojang\jtracy\1.0.37\jtracy-1.0.37-natives-windows.jar;D:\Minecraft\游戏主体\.minecraft\libraries\com\mojang\logging\1.7.12\logging-1.7.12.jar;D:\Minecraft\游戏主体\.minecraft\libraries\com\mojang\patchy\2.2.10\patchy-2.2.10.jar;D:\Minecraft\游戏主体\.minecraft\libraries\com\mojang\text2speech\1.19.12\text2speech-1.19.12.jar;D:\Minecraft\游戏主体\.minecraft\libraries\commons-codec\commons-codec\1.22.0\commons-codec-1.22.0.jar;D:\Minecraft\游戏主体\.minecraft\libraries\commons-io\commons-io\2.20.0\commons-io-2.20.0.jar;D:\Minecraft\游戏主体\.minecraft\libraries\io\netty\netty-buffer\4.2.15.Final\netty-buffer-4.2.15.Final.jar;D:\Minecraft\游戏主体\.minecraft\libraries\io\netty\netty-codec-base\4.2.15.Final\netty-codec-base-4.2.15.Final.jar;D:\Minecraft\游戏主体\.minecraft\libraries\io\netty\netty-codec-compression\4.2.15.Final\netty-codec-compression-4.2.15.Final.jar;D:\Minecraft\游戏主体\.minecraft\libraries\io\netty\netty-codec-http\4.2.15.Final\netty-codec-http-4.2.15.Final.jar;D:\Minecraft\游戏主体\.minecraft\libraries\io\netty\netty-common\4.2.15.Final\netty-common-4.2.15.Final.jar;D:\Minecraft\游戏主体\.minecraft\libraries\io\netty\netty-handler\4.2.15.Final\netty-handler-4.2.15.Final.jar;D:\Minecraft\游戏主体\.minecraft\libraries\io\netty\netty-resolver\4.2.15.Final\netty-resolver-4.2.15.Final.jar;D:\Minecraft\游戏主体\.minecraft\libraries\io\netty\netty-transport-classes-epoll\4.2.15.Final\netty-transport-classes-epoll-4.2.15.Final.jar;D:\Minecraft\游戏主体\.minecraft\libraries\io\netty\netty-transport-classes-kqueue\4.2.15.Final\netty-transport-classes-kqueue-4.2.15.Final.jar;D:\Minecraft\游戏主体\.minecraft\libraries\io\netty\netty-transport-native-unix-common\4.2.15.Final\netty-transport-native-unix-common-4.2.15.Final.jar;D:\Minecraft\游戏主体\.minecraft\libraries\io\netty\netty-transport\4.2.15.Final\netty-transport-4.2.15.Final.jar;D:\Minecraft\游戏主体\.minecraft\libraries\it\unimi\dsi\fastutil\8.5.18\fastutil-8.5.18.jar;D:\Minecraft\游戏主体\.minecraft\libraries\net\java\dev\jna\jna-platform\5.17.0\jna-platform-5.17.0.jar;D:\Minecraft\游戏主体\.minecraft\libraries\net\java\dev\jna\jna\5.17.0\jna-5.17.0.jar;D:\Minecraft\游戏主体\.minecraft\libraries\net\sf\jopt-simple\jopt-simple\5.0.4\jopt-simple-5.0.4.jar;D:\Minecraft\游戏主体\.minecraft\libraries\org\apache\commons\commons-compress\1.28.0\commons-compress-1.28.0.jar;D:\Minecraft\游戏主体\.minecraft\libraries\org\apache\commons\commons-lang3\3.20.0\commons-lang3-3.20.0.jar;D:\Minecraft\游戏主体\.minecraft\libraries\org\apache\logging\log4j\log4j-api\2.26.0\log4j-api-2.26.0.jar;D:\Minecraft\游戏主体\.minecraft\libraries\org\apache\logging\log4j\log4j-core\2.26.0\log4j-core-2.26.0.jar;D:\Minecraft\游戏主体\.minecraft\libraries\org\apache\logging\log4j\log4j-slf4j2-impl\2.26.0\log4j-slf4j2-impl-2.26.0.jar;D:\Minecraft\游戏主体\.minecraft\libraries\org\jcraft\jorbis\0.0.17\jorbis-0.0.17.jar;D:\Minecraft\游戏主体\.minecraft\libraries\org\joml\joml\1.10.8\joml-1.10.8.jar;D:\Minecraft\游戏主体\.minecraft\libraries\org\jspecify\jspecify\1.0.0\jspecify-1.0.0.jar;D:\Minecraft\游戏主体\.minecraft\libraries\org\lwjgl\lwjgl-freetype\3.4.1\lwjgl-freetype-3.4.1.jar;D:\Minecraft\游戏主体\.minecraft\libraries\org\lwjgl\lwjgl-freetype\3.4.1\lwjgl-freetype-3.4.1-natives-windows.jar;D:\Minecraft\游戏主体\.minecraft\libraries\org\lwjgl\lwjgl-freetype\3.4.1\lwjgl-freetype-3.4.1-natives-windows-arm64.jar;D:\Minecraft\游戏主体\.minecraft\libraries\org\lwjgl\lwjgl-freetype\3.4.1\lwjgl-freetype-3.4.1-natives-windows-x86.jar;D:\Minecraft\游戏主体\.minecraft\libraries\org\lwjgl\lwjgl-glfw\3.4.1\lwjgl-glfw-3.4.1.jar;D:\Minecraft\游戏主体\.minecraft\libraries\org\lwjgl\lwjgl-glfw\3.4.1\lwjgl-glfw-3.4.1-natives-windows.jar;D:\Minecraft\游戏主体\.minecraft\libraries\org\lwjgl\lwjgl-glfw\3.4.1\lwjgl-glfw-3.4.1-natives-windows-arm64.jar;D:\Minecraft\游戏主体\.minecraft\libraries\org\lwjgl\lwjgl-glfw\3.4.1\lwjgl-glfw-3.4.1-natives-windows-x86.jar;D:\Minecraft\游戏主体\.minecraft\libraries\org\lwjgl\lwjgl-jemalloc\3.4.1\lwjgl-jemalloc-3.4.1.jar;D:\Minecraft\游戏主体\.minecraft\libraries\org\lwjgl\lwjgl-jemalloc\3.4.1\lwjgl-jemalloc-3.4.1-natives-windows.jar;D:\Minecraft\游戏主体\.minecraft\libraries\org\lwjgl\lwjgl-jemalloc\3.4.1\lwjgl-jemalloc-3.4.1-natives-windows-arm64.jar;D:\Minecraft\游戏主体\.minecraft\libraries\org\lwjgl\lwjgl-jemalloc\3.4.1\lwjgl-jemalloc-3.4.1-natives-windows-x86.jar;D:\Minecraft\游戏主体\.minecraft\libraries\org\lwjgl\lwjgl-openal\3.4.1\lwjgl-openal-3.4.1.jar;D:\Minecraft\游戏主体\.minecraft\libraries\org\lwjgl\lwjgl-openal\3.4.1\lwjgl-openal-3.4.1-natives-windows.jar;D:\Minecraft\游戏主体\.minecraft\libraries\org\lwjgl\lwjgl-openal\3.4.1\lwjgl-openal-3.4.1-natives-windows-arm64.jar;D:\Minecraft\游戏主体\.minecraft\libraries\org\lwjgl\lwjgl-openal\3.4.1\lwjgl-openal-3.4.1-natives-windows-x86.jar;D:\Minecraft\游戏主体\.minecraft\libraries\org\lwjgl\lwjgl-opengl\3.4.1\lwjgl-opengl-3.4.1.jar;D:\Minecraft\游戏主体\.minecraft\libraries\org\lwjgl\lwjgl-opengl\3.4.1\lwjgl-opengl-3.4.1-natives-windows.jar;D:\Minecraft\游戏主体\.minecraft\libraries\org\lwjgl\lwjgl-opengl\3.4.1\lwjgl-opengl-3.4.1-natives-windows-arm64.jar;D:\Minecraft\游戏主体\.minecraft\libraries\org\lwjgl\lwjgl-opengl\3.4.1\lwjgl-opengl-3.4.1-natives-windows-x86.jar;D:\Minecraft\游戏主体\.minecraft\libraries\org\lwjgl\lwjgl-shaderc\3.4.1\lwjgl-shaderc-3.4.1.jar;D:\Minecraft\游戏主体\.minecraft\libraries\org\lwjgl\lwjgl-shaderc\3.4.1\lwjgl-shaderc-3.4.1-natives-windows.jar;D:\Minecraft\游戏主体\.minecraft\libraries\org\lwjgl\lwjgl-shaderc\3.4.1\lwjgl-shaderc-3.4.1-natives-windows-arm64.jar;D:\Minecraft\游戏主体\.minecraft\libraries\org\lwjgl\lwjgl-shaderc\3.4.1\lwjgl-shaderc-3.4.1-natives-windows-x86.jar;D:\Minecraft\游戏主体\.minecraft\libraries\org\lwjgl\lwjgl-spvc\3.4.1\lwjgl-spvc-3.4.1.jar;D:\Minecraft\游戏主体\.minecraft\libraries\org\lwjgl\lwjgl-spvc\3.4.1\lwjgl-spvc-3.4.1-natives-windows.jar;D:\Minecraft\游戏主体\.minecraft\libraries\org\lwjgl\lwjgl-spvc\3.4.1\lwjgl-spvc-3.4.1-natives-windows-arm64.jar;D:\Minecraft\游戏主体\.minecraft\libraries\org\lwjgl\lwjgl-spvc\3.4.1\lwjgl-spvc-3.4.1-natives-windows-x86.jar;D:\Minecraft\游戏主体\.minecraft\libraries\org\lwjgl\lwjgl-stb\3.4.1\lwjgl-stb-3.4.1.jar;D:\Minecraft\游戏主体\.minecraft\libraries\org\lwjgl\lwjgl-stb\3.4.1\lwjgl-stb-3.4.1-natives-windows.jar;D:\Minecraft\游戏主体\.minecraft\libraries\org\lwjgl\lwjgl-stb\3.4.1\lwjgl-stb-3.4.1-natives-windows-arm64.jar;D:\Minecraft\游戏主体\.minecraft\libraries\org\lwjgl\lwjgl-stb\3.4.1\lwjgl-stb-3.4.1-natives-windows-x86.jar;D:\Minecraft\游戏主体\.minecraft\libraries\org\lwjgl\lwjgl-tinyfd\3.4.1\lwjgl-tinyfd-3.4.1.jar;D:\Minecraft\游戏主体\.minecraft\libraries\org\lwjgl\lwjgl-tinyfd\3.4.1\lwjgl-tinyfd-3.4.1-natives-windows.jar;D:\Minecraft\游戏主体\.minecraft\libraries\org\lwjgl\lwjgl-tinyfd\3.4.1\lwjgl-tinyfd-3.4.1-natives-windows-arm64.jar;D:\Minecraft\游戏主体\.minecraft\libraries\org\lwjgl\lwjgl-tinyfd\3.4.1\lwjgl-tinyfd-3.4.1-natives-windows-x86.jar;D:\Minecraft\游戏主体\.minecraft\libraries\org\lwjgl\lwjgl-vma\3.4.1\lwjgl-vma-3.4.1.jar;D:\Minecraft\游戏主体\.minecraft\libraries\org\lwjgl\lwjgl-vma\3.4.1\lwjgl-vma-3.4.1-natives-windows.jar;D:\Minecraft\游戏主体\.minecraft\libraries\org\lwjgl\lwjgl-vma\3.4.1\lwjgl-vma-3.4.1-natives-windows-arm64.jar;D:\Minecraft\游戏主体\.minecraft\libraries\org\lwjgl\lwjgl-vma\3.4.1\lwjgl-vma-3.4.1-natives-windows-x86.jar;D:\Minecraft\游戏主体\.minecraft\libraries\org\lwjgl\lwjgl-vulkan\3.4.1\lwjgl-vulkan-3.4.1.jar;D:\Minecraft\游戏主体\.minecraft\libraries\org\lwjgl\lwjgl\3.4.1\lwjgl-3.4.1-natives-windows.jar;D:\Minecraft\游戏主体\.minecraft\libraries\org\lwjgl\lwjgl\3.4.1\lwjgl-3.4.1-natives-windows-arm64.jar;D:\Minecraft\游戏主体\.minecraft\libraries\org\lwjgl\lwjgl\3.4.1\lwjgl-3.4.1-natives-windows-x86.jar;D:\Minecraft\游戏主体\.minecraft\libraries\org\lwjgl\lwjgl\3.4.1\lwjgl-3.4.1-unsafe.jar;D:\Minecraft\游戏主体\.minecraft\libraries\org\slf4j\slf4j-api\2.0.17\slf4j-api-2.0.17.jar;D:\Minecraft\游戏主体\.minecraft\versions\26.2\26.2.jar, net.fabricmc.loader.impl.launch.knot.KnotClient, --username, Ryan_yu__, --version, 26.2, --gameDir, D:\Minecraft\游戏主体\.minecraft, --assetsDir, D:\Minecraft\游戏主体\.minecraft\assets, --assetIndex, 32, --uuid, d006ba704ddc4b37b13c76f190815116, --accessToken, <access token>, --clientId, ${clientid}, --xuid, ${auth_xuid}, --versionType, HMCL 3.17.0.352, --width, 1920, --height, 1080], isRunning=false]] gets fired
[14:49:33] [@.event.EventBus.fireEvent/INFO] ProcessStoppedEvent [source=org.jackhuang.hmcl.launch.ExitWaiter@702d8361] gets fired
[14:49:33] [@.task.AsyncTaskExecutor.lambda$executeNormalTask$19/TRACE] Executing task: org.jackhuang.hmcl.ui.GameCrashWindow.analyzeCrashReport(GameCrashWindow.java:159)
[14:49:33] [@.task.AsyncTaskExecutor.lambda$executeNormalTask$19/TRACE] Executing task: org.jackhuang.hmcl.ui.GameCrashWindow.analyzeCrashReport(GameCrashWindow.java:129)
[14:49:33] [@.task.AsyncTaskExecutor.lambda$executeNormalTask$19/TRACE] Executing task: org.jackhuang.hmcl.ui.GameCrashWindow.analyzeCrashReport(GameCrashWindow.java:144)
[14:49:33] [@.task.AsyncTaskExecutor.lambda$executeNormalTask$29/TRACE] Task finished: org.jackhuang.hmcl.ui.GameCrashWindow.analyzeCrashReport(GameCrashWindow.java:129)
[14:49:33] [@.task.AsyncTaskExecutor.lambda$executeNormalTask$29/TRACE] Task finished: org.jackhuang.hmcl.ui.GameCrashWindow.analyzeCrashReport(GameCrashWindow.java:144)
[14:49:33] [@.ui.GameCrashWindow.lambda$analyzeCrashReport$4/INFO] Number of reasons: 3
[14:49:33] [@.ui.GameCrashWindow.lambda$analyzeCrashReport$4/INFO] Crash cause: LOADING_CRASHED_FABRIC: 当前游戏由于模组“axiom' at 'com.moulberry.axiom.Axiom”错误，无法继续运行。
你可以尝试删除或更新该模组以解决问题。
[14:49:33] [@.ui.GameCrashWindow.lambda$analyzeCrashReport$4/INFO] Crash cause: MODMIXIN_FAILURE: 当前游戏由于某些模组注入失败，无法继续运行。
这一般代表着该模组存在问题，或与当前环境不兼容。
你可以查看日志寻找出错模组。
[14:49:33] [@.ui.GameCrashWindow.lambda$analyzeCrashReport$4/INFO] Crash cause: MIXIN_APPLY_MOD_FAILED: 当前游戏由于 Mixin 无法应用于“mcwws_axiom_survival_client”模组，无法继续运行。
你可以尝试删除或更新该模组以解决问题。
[14:49:33] [@.task.AsyncTaskExecutor.lambda$executeNormalTask$29/TRACE] Task finished: org.jackhuang.hmcl.ui.GameCrashWindow.analyzeCrashReport(GameCrashWindow.java:159)
[16:40:05] [@.game.LogExporter.processLogs/WARNING] Failed to find any log on liteconfig
java.nio.file.NoSuchFileException: .minecraft\liteconfig
	at java.base/sun.nio.fs.WindowsException.translateToIOException(WindowsException.java:85)
	at java.base/sun.nio.fs.WindowsException.rethrowAsIOException(WindowsException.java:103)
	at java.base/sun.nio.fs.WindowsException.rethrowAsIOException(WindowsException.java:108)
	at java.base/sun.nio.fs.WindowsDirectoryStream.<init>(WindowsDirectoryStream.java:86)
	at java.base/sun.nio.fs.WindowsFileSystemProvider.newDirectoryStream(WindowsFileSystemProvider.java:516)
	at java.base/java.nio.file.Files.newDirectoryStream(Files.java:509)
	at org.jackhuang.hmcl.game.LogExporter.processLogs(LogExporter.java:90)
	at org.jackhuang.hmcl.game.LogExporter.lambda$exportLogs$0(LogExporter.java:68)
	at java.base/java.util.concurrent.CompletableFuture$AsyncRun.run(CompletableFuture.java:1825)
	at java.base/java.util.concurrent.CompletableFuture$AsyncRun.exec(CompletableFuture.java:1817)
	at java.base/java.util.concurrent.ForkJoinTask.doExec(ForkJoinTask.java:511)
	at java.base/java.util.concurrent.ForkJoinPool$WorkQueue.topLevelExec(ForkJoinPool.java:1450)
	at java.base/java.util.concurrent.ForkJoinPool.runWorker(ForkJoinPool.java:2019)
	at java.base/java.util.concurrent.ForkJoinWorkerThread.run(ForkJoinWorkerThread.java:187)
[16:40:05] [@.ui.construct.JFXDialogPane.push/INFO] JFXDialogPane@21fd7cf5 [MessageDialogPane@32ca525a[styleClass=jfx-dialog-layout]]
[16:42:27] [@.game.LauncherHelper.launch/INFO] Launching game version: 26.2
[16:42:27] [@.ui.construct.JFXDialogPane.push/INFO] JFXDialogPane@3e7bcd31 [TaskExecutorDialogPane@18e32177[styleClass=task-executor-dialog-layout]]
[16:42:27] [@.task.AsyncTaskExecutor.lambda$executeNormalTask$19/TRACE] Executing task: org.jackhuang.hmcl.task.Task$StagesHintTask
[16:42:27] [@.task.AsyncTaskExecutor.lambda$executeNormalTask$19/TRACE] Executing task: org.jackhuang.hmcl.game.LauncherHelper$$Lambda/0x000000002c50f0c8@699be0ef
[16:42:27] [@.task.AsyncTaskExecutor.lambda$executeNormalTask$19/TRACE] Executing task: org.jackhuang.hmcl.task.Task$UniCompose$$Lambda/0x000000002c50ea18@2cebe070
[16:42:27] [@.task.AsyncTaskExecutor.lambda$executeNormalTask$19/TRACE] Executing task: org.jackhuang.hmcl.task.Task$UniCompose$$Lambda/0x000000002c50ea18@1b249cdd
[16:42:27] [@.task.AsyncTaskExecutor.lambda$executeNormalTask$19/TRACE] Executing task: org.jackhuang.hmcl.task.Task$UniCompose$$Lambda/0x000000002c50ea18@1a4dfe7a
[16:42:27] [@.task.AsyncTaskExecutor.lambda$executeNormalTask$19/TRACE] Executing task: org.jackhuang.hmcl.task.Task$StageTask
[16:42:27] [@.task.AsyncTaskExecutor.lambda$executeNormalTask$19/TRACE] Executing task: org.jackhuang.hmcl.game.LauncherHelper$$Lambda/0x000000002c50e5a8@64b43022
[16:42:27] [@.task.AsyncTaskExecutor.lambda$executeNormalTask$19/TRACE] Executing task: org.jackhuang.hmcl.task.Task$StageTask
[16:42:27] [@.task.AsyncTaskExecutor.lambda$executeNormalTask$19/TRACE] Executing task: org.jackhuang.hmcl.game.LauncherHelper$$Lambda/0x000000002c50e378@4c677ce
[16:42:27] [@.task.AsyncTaskExecutor.lambda$executeNormalTask$19/TRACE] Executing task: org.jackhuang.hmcl.game.LauncherHelper.checkGameState(LauncherHelper.java:394)
[16:42:27] [@.task.AsyncTaskExecutor.lambda$executeNormalTask$29/TRACE] Task finished: org.jackhuang.hmcl.game.LauncherHelper.checkGameState(LauncherHelper.java:394)
[16:42:27] [@.task.AsyncTaskExecutor.lambda$executeCompletableFutureTask$10/TRACE] Executing task: org.jackhuang.hmcl.task.Task$5
[16:42:27] [@.task.AsyncTaskExecutor.lambda$executeCompletableFutureTask$12/TRACE] Task finished: org.jackhuang.hmcl.task.Task$5
[16:42:27] [@.task.AsyncTaskExecutor.lambda$executeNormalTask$29/TRACE] Task finished: org.jackhuang.hmcl.game.LauncherHelper$$Lambda/0x000000002c50e378@4c677ce
[16:42:27] [@.task.AsyncTaskExecutor.lambda$executeNormalTask$29/TRACE] Task finished: org.jackhuang.hmcl.task.Task$StageTask
[16:42:27] [@.task.AsyncTaskExecutor.lambda$executeNormalTask$19/TRACE] Executing task: org.jackhuang.hmcl.game.LauncherHelper.lambda$launch0$4(LauncherHelper.java:169)
[16:42:27] [@.task.AsyncTaskExecutor.lambda$executeNormalTask$19/TRACE] Executing task: org.jackhuang.hmcl.game.LauncherHelper.lambda$launch0$4(LauncherHelper.java:179)
[16:42:27] [@.task.AsyncTaskExecutor.lambda$executeNormalTask$19/TRACE] Executing task: org.jackhuang.hmcl.task.Task$UniCompose$$Lambda/0x000000002c50ea18@190e511c
[16:42:27] [@.task.AsyncTaskExecutor.lambda$executeNormalTask$19/TRACE] Executing task: org.jackhuang.hmcl.download.game.GameAssetDownloadTask
[16:42:27] [@.task.AsyncTaskExecutor.lambda$executeNormalTask$19/TRACE] Executing task: org.jackhuang.hmcl.download.game.GameLibrariesTask
[16:42:27] [@.task.AsyncTaskExecutor.lambda$executeNormalTask$19/TRACE] Executing task: org.jackhuang.hmcl.download.DefaultDependencyManager.checkGameCompletionAsync(DefaultDependencyManager.java:83)
[16:42:27] [@.task.AsyncTaskExecutor.lambda$executeNormalTask$19/TRACE] Executing task: org.jackhuang.hmcl.download.game.GameAssetIndexDownloadTask
[16:42:27] [@.task.AsyncTaskExecutor.lambda$executeNormalTask$29/TRACE] Task finished: org.jackhuang.hmcl.download.DefaultDependencyManager.checkGameCompletionAsync(DefaultDependencyManager.java:83)
[16:42:27] [@.task.AsyncTaskExecutor.lambda$executeNormalTask$19/TRACE] Executing task: org.jackhuang.hmcl.download.DefaultDependencyManager.checkPatchCompletionAsync(DefaultDependencyManager.java:103)
[16:42:27] [@.task.AsyncTaskExecutor.lambda$executeNormalTask$29/TRACE] Task finished: org.jackhuang.hmcl.game.LauncherHelper.lambda$launch0$4(LauncherHelper.java:179)
[16:42:27] [@.task.AsyncTaskExecutor.lambda$executeNormalTask$29/TRACE] Task finished: org.jackhuang.hmcl.game.LauncherHelper.lambda$launch0$4(LauncherHelper.java:169)
[16:42:27] [@.task.AsyncTaskExecutor.lambda$executeNormalTask$29/TRACE] Task finished: org.jackhuang.hmcl.download.DefaultDependencyManager.checkPatchCompletionAsync(DefaultDependencyManager.java:103)
[16:42:27] [@.task.AsyncTaskExecutor.lambda$executeNormalTask$29/TRACE] Task finished: org.jackhuang.hmcl.task.Task$UniCompose$$Lambda/0x000000002c50ea18@190e511c
[16:42:27] [@.task.AsyncTaskExecutor.lambda$executeNormalTask$29/TRACE] Task finished: org.jackhuang.hmcl.download.game.GameAssetIndexDownloadTask
[16:42:28] [@.task.AsyncTaskExecutor.lambda$executeNormalTask$29/TRACE] Task finished: org.jackhuang.hmcl.download.game.GameLibrariesTask
[16:43:49] [@.task.AsyncTaskExecutor.lambda$executeNormalTask$29/TRACE] Task finished: org.jackhuang.hmcl.download.game.GameAssetDownloadTask
[16:43:49] [@.task.AsyncTaskExecutor.lambda$executeNormalTask$29/TRACE] Task finished: org.jackhuang.hmcl.game.LauncherHelper$$Lambda/0x000000002c50e5a8@64b43022
[16:43:49] [@.task.AsyncTaskExecutor.lambda$executeNormalTask$29/TRACE] Task finished: org.jackhuang.hmcl.task.Task$StageTask
[16:43:49] [@.task.AsyncTaskExecutor.lambda$executeNormalTask$19/TRACE] Executing task: org.jackhuang.hmcl.download.game.GameVerificationFixTask
[16:43:49] [@.task.AsyncTaskExecutor.lambda$executeNormalTask$29/TRACE] Task finished: org.jackhuang.hmcl.download.game.GameVerificationFixTask
[16:43:49] [@.task.AsyncTaskExecutor.lambda$executeNormalTask$29/TRACE] Task finished: org.jackhuang.hmcl.task.Task$UniCompose$$Lambda/0x000000002c50ea18@1a4dfe7a
[16:43:49] [@.task.AsyncTaskExecutor.lambda$executeCompletableFutureTask$10/TRACE] Executing task: org.jackhuang.hmcl.task.Task$5
[16:43:49] [@.task.AsyncTaskExecutor.lambda$executeCompletableFutureTask$12/TRACE] Task finished: org.jackhuang.hmcl.task.Task$5
[16:43:49] [@.task.AsyncTaskExecutor.lambda$executeNormalTask$29/TRACE] Task finished: org.jackhuang.hmcl.task.Task$UniCompose$$Lambda/0x000000002c50ea18@1b249cdd
[16:43:49] [@.task.AsyncTaskExecutor.lambda$executeNormalTask$19/TRACE] Executing task: org.jackhuang.hmcl.task.Task$StageTask
[16:43:49] [@.task.AsyncTaskExecutor.lambda$executeNormalTask$19/TRACE] Executing task: org.jackhuang.hmcl.game.LauncherHelper.logIn(LauncherHelper.java:720)
[16:43:49] [@.task.AsyncTaskExecutor.lambda$executeCompletableFutureTask$10/TRACE] Executing task: org.jackhuang.hmcl.task.Task$5
[16:43:49] [@.task.AsyncTaskExecutor.lambda$executeCompletableFutureTask$12/TRACE] Task finished: org.jackhuang.hmcl.task.Task$5
[16:43:49] [@.task.AsyncTaskExecutor.lambda$executeNormalTask$29/TRACE] Task finished: org.jackhuang.hmcl.game.LauncherHelper.logIn(LauncherHelper.java:720)
[16:43:49] [@.task.AsyncTaskExecutor.lambda$executeNormalTask$29/TRACE] Task finished: org.jackhuang.hmcl.task.Task$StageTask
[16:43:49] [@.task.AsyncTaskExecutor.lambda$executeNormalTask$29/TRACE] Task finished: org.jackhuang.hmcl.task.Task$UniCompose$$Lambda/0x000000002c50ea18@2cebe070
[16:43:49] [@.task.AsyncTaskExecutor.lambda$executeNormalTask$19/TRACE] Executing task: org.jackhuang.hmcl.task.Task$StageTask
[16:43:49] [@.task.AsyncTaskExecutor.lambda$executeNormalTask$19/TRACE] Executing task: 请耐心等待
[16:43:49] [@.task.AsyncTaskExecutor.lambda$executeNormalTask$19/TRACE] Executing task: org.jackhuang.hmcl.game.LauncherHelper.lambda$launch0$19(LauncherHelper.java:262)
[16:43:49] [@.task.AsyncTaskExecutor.lambda$executeNormalTask$19/TRACE] Executing task: org.jackhuang.hmcl.game.LauncherHelper$$Lambda/0x000000002c54e790@499780f4
[16:43:49] [@.task.AsyncTaskExecutor.lambda$executeNormalTask$19/TRACE] Executing task: org.jackhuang.hmcl.game.LauncherHelper.lambda$launch0$19(LauncherHelper.java:230)
[16:43:49] [@.game.LauncherHelper.lambda$launch0$12/INFO] Here's the structure of game mod directory:
Filesystem structure of: .minecraft\mods
|-> mods
|  |-> AmbientSounds_FABRIC_v6.3.6_mc26.2.jar
|  |-> appleskin-fabric-mc26.2-3.0.10.jar
|  |-> Axiom-5.5.0-for-MC26.2.jar
|  |-> c2me-fabric-mc26.2-0.4.2-alpha.0.35.jar
|  |-> chat_heads-1.2.6-fabric-26.1.jar.old
|  |-> chat_heads-1.2.7-fabric-26.1.jar
|  |-> Chunky-Fabric-1.5.3.jar
|  |-> cloth-config-26.2.155.jar
|  |-> continuity-3.0.1+26.2.jar
|  |-> CreativeCore_FABRIC_v2.14.16_mc26.2.jar
|  |-> eg_particle_interactions-0.10.1+26.2-fabric.jar
|  |-> emotecraft-for-MC26.2-3.4.0-b.build.162.jar
|  |-> entityculling-fabric-1.10.5-mc26.2.jar
|  |-> entity_model_features-3.2.6-26.2-fabric.jar
|  |-> entity_texture_features-7.1.1-26.2-fabric.jar
|  |-> Essential_1-4-1-1_fabric_26-2.jar
|  |-> fabric-api-0.156.0+26.2.jar
|  |-> fabric-language-kotlin-1.13.13+kotlin.2.4.10.jar
|  |-> ferritecore-9.0.0-fabric.jar
|  |-> fzzy_config-0.7.6+26.2.jar
|  |-> IAS-9.0.7+26.2-fabric.jar
|  |-> ImmediatelyFast-Fabric-1.16.2+26.2.jar
|  |-> iris-fabric-1.11.2+mc26.2.jar
|  |-> Jade-mc26.2-Fabric-26.2.10.jar
|  |-> jei-26.2-fabric-30.16.0.125.jar.old
|  |-> jei-26.2-fabric-30.16.0.134.jar
|  |-> journeymap-fabric-26.2-6.0.3.jar
|  |-> litematica-fabric-26.2-0.28.4.jar
|  |-> lithium-fabric-0.25.3+mc26.2.jar
|  |-> malilib-fabric-26.2-0.29.3.jar
|  |-> MCWWS_AxiomSurvivalClient.jar
|  |-> modmenu-20.0.1.jar
|  |-> moreculling-fabric-26.2-1.8.1.jar
|  |-> notenoughanimations-fabric-1.12.4-mc26.2.jar
|  |-> physics-mod-3.1.46-mc-26.2-fabric.jar
|  |-> PlayerAnimationLibMerged-1.2.5+mc.26.2.jar
|  |-> reeses-sodium-options-fabric-2.2.3+mc26.2.jar
|  |-> Resourcify (26.2-fabric)-1.8.5.jar
|  |-> skinlayers3d-fabric-1.11.2-mc26.2.jar
|  |-> smoothgui-fabric-2.0.0+mc26.2.jar
|  |-> smoothscroll-2.9.0.jar
|  |-> sodium-extra-fabric-0.9.3+mc26.2.jar
|  |-> sodium-fabric-0.9.1+mc26.2.jar
|  |-> sodium-fabric-0.9.2-alpha.4+mc26.2.jar.old
|  |-> sound-physics-remastered-fabric-1.5.1+26.2.jar
|  |-> SubtleEffects-fabric-26.2-1.14.3.jar
|  |-> tweakeroo-fabric-26.2-0.29.2.jar
|  |-> voxy-0.2.18-beta.jar
|  |-> WI-Zoom-1.7-MC26.2.jar
|  |-> worldedit-mod-7.4.4.jar.old
|  |-> worldedit-mod-7.4.5.jar
|  |-> yet_another_config_lib_v3-3.9.6+26.2-fabric.jar
|  |-> 屏蔽
|  |  |-> AmbientSounds_FABRIC_v6.3.5_mc1.21.11.jar
|  |  |-> appleskin-fabric-mc1.21.11-3.0.8.jar
|  |  |-> Axiom-5.4.2-for-MC1.21.11.jar
|  |  |-> c2me-fabric-mc1.21.11-0.3.7+alpha.0.10.jar.old
|  |  |-> c2me-fabric-mc1.21.11-0.4.0-alpha.0.21.jar.old
|  |  |-> c2me-fabric-mc1.21.11-0.4.0-alpha.0.23.jar
|  |  |-> chat_heads-1.2.4-fabric-1.21.11.jar.old
|  |  |-> chat_heads-1.2.5-fabric-1.21.11.jar
|  |  |-> Chunky-Fabric-1.4.55.jar
|  |  |-> cloth-config-21.11.153-fabric.jar
|  |  |-> continuity-3.0.1-beta.1+1.21.11.jar
|  |  |-> CreativeCore_FABRIC_v2.14.11_mc1.21.11.jar
|  |  |-> eg_particle_interactions-v0.9.1-fabric-mc1.21.11.jar
|  |  |-> emotecraft-fabric-for-MC1.21.11-3.2.0-b.build.149.jar.old
|  |  |-> emotecraft-fabric-for-MC1.21.11-3.2.0-b.build.159.jar
|  |  |-> entityculling-fabric-1.10.2-mc1.21.11.jar.old
|  |  |-> entityculling-fabric-1.10.5-mc1.21.11.jar
|  |  |-> entity_model_features-3.2.4-1.21.11-fabric.jar
|  |  |-> entity_texture_features_1.21.11-fabric-7.1.jar
|  |  |-> Essential_1-3-10-9_fabric_1-21-11.jar.old
|  |  |-> Essential_1-4-1-1_fabric_1-21-11.jar
|  |  |-> Essential_1-4-1_fabric_1-21-11.jar.old
|  |  |-> fabric-api-0.141.4+1.21.11.jar.old
|  |  |-> fabric-api-0.141.5+1.21.11.jar.old
|  |  |-> fabric-api-0.141.6+1.21.11.jar
|  |  |-> fabric-language-kotlin-1.13.12+kotlin.2.4.0.jar.old
|  |  |-> fabric-language-kotlin-1.13.13+kotlin.2.4.10.jar
|  |  |-> FancyBlockParticles-1.21.11-fabric-21.11.0.0-alpha.jar
|  |  |-> ferritecore-8.2.0-fabric.jar
|  |  |-> fzzy_config-0.7.6+1.21.11.jar
|  |  |-> IAS-9.0.6+1.21.11-fabric.jar.old
|  |  |-> IAS-9.0.7+1.21.11-fabric.jar
|  |  |-> ImmediatelyFast-Fabric-1.14.2+1.21.11.jar.old
|  |  |-> ImmediatelyFast-Fabric-1.14.3+1.21.11.jar
|  |  |-> iris-fabric-1.10.7+mc1.21.11.jar
|  |  |-> Jade-1.21.11-Fabric-21.1.6.jar
|  |  |-> jei-1.21.11-fabric-27.17.0.50.jar.old
|  |  |-> jei-1.21.11-fabric-27.21.0.60.jar
|  |  |-> jei-1.21.11-fabric-27.4.0.22.jar.old
|  |  |-> journeymap-fabric-1.21.11-6.0.0-beta.87.jar.old
|  |  |-> journeymap-fabric-1.21.11-6.0.0.jar
|  |  |-> litematica-fabric-1.21.11-0.26.12.jar
|  |  |-> litematica-fabric-1.21.11-0.26.8.jar.old
|  |  |-> lithium-fabric-0.21.4+mc1.21.11.jar
|  |  |-> malilib-fabric-1.21.11-0.27.12.jar.old
|  |  |-> malilib-fabric-1.21.11-0.27.16.jar
|  |  |-> modmenu-17.0.0.jar.old
|  |  |-> modmenu-17.0.1-beta.1.jar
|  |  |-> moreculling-fabric-1.21.11-1.6.2.jar
|  |  |-> notenoughanimations-fabric-1.12.3-mc1.21.11.jar.old
|  |  |-> notenoughanimations-fabric-1.12.4-mc1.21.11.jar
|  |  |-> physics-mod-3.1.40-mc-1.21.11-fabric.jar
|  |  |-> PlayerAnimationLibFabric-1.1.7+mc.1.21.11.jar.old
|  |  |-> PlayerAnimationLibFabric-1.1.9+mc.1.21.11.jar
|  |  |-> reeses-sodium-options-fabric-2.0.3+mc1.21.11.jar.old
|  |  |-> reeses-sodium-options-fabric-2.2.3+mc1.21.11.jar
|  |  |-> Resourcify (1.21.11-fabric)-1.8.3.jar.old
|  |  |-> Resourcify (1.21.11-fabric)-1.8.5.jar
|  |  |-> schematicpreview-0.0.16+1.21.11.jar
|  |  |-> skinlayers3d-fabric-1.11.1-mc1.21.11.jar.old
|  |  |-> skinlayers3d-fabric-1.11.2-mc1.21.11.jar
|  |  |-> smoothgui-fabric-1.21.10-1.1.0.jar.old
|  |  |-> smoothgui-fabric-2.0.0+mc1.21.11.jar
|  |  |-> smoothscroll-2.6.7.jar
|  |  |-> sodium-extra-fabric-0.8.3+mc1.21.11.jar
|  |  |-> sodium-extra-fabric-0.9.3+mc1.21.11.jar.old
|  |  |-> sodium-fabric-0.8.12+mc1.21.11.jar
|  |  |-> sodium-fabric-0.8.13+mc1.21.11.jar.old
|  |  |-> sodium-fabric-0.8.14-beta.1+mc1.21.11.jar.old
|  |  |-> sodium-fabric-0.9.2-alpha.3+mc26.2.jar
|  |  |-> sound-physics-remastered-fabric-1.21.11-1.5.1.jar
|  |  |-> SubtleEffects-fabric-1.21.11-1.14.0.jar
|  |  |-> super_resolution-fabric-1.21.11-0.8.3-alpha.4+opengl.jar.disabled
|  |  |-> tweakeroo-fabric-1.21.11-0.27.11.jar
|  |  |-> tweakeroo-fabric-1.21.11-0.27.9.jar.old
|  |  |-> ViaFabricPlus-4.4.13.jar.disabled
|  |  |-> voxy-0.2.16-beta+1.21.11.jar
|  |  |-> WI-Zoom-1.7-MC1.21.11.jar
|  |  |-> worldedit-mod-7.4.2.jar
|  |  |-> yet_another_config_lib_v3-3.8.2+1.21.11-fabric.jar
|  |  |-> zmusic-fabric-1.21.8-3.5.0.jar
|  |-> 待更新
|  |  |-> sodium-fabric-0.9.1+mc26.2.jar
|  |  |-> 报告
|  |  |  |-> sodium-voxy-fix.txt
|  |  |  |-> update-report.json
|  |  |  |-> update-report.txt
|  |  |  |-> 启用数量说明.txt
[16:43:49] [@.task.AsyncTaskExecutor.lambda$executeNormalTask$29/TRACE] Task finished: org.jackhuang.hmcl.game.LauncherHelper.lambda$launch0$19(LauncherHelper.java:230)
[16:43:49] [@.task.AsyncTaskExecutor.lambda$executeNormalTask$19/TRACE] Executing task: org.jackhuang.hmcl.game.LauncherHelper.lambda$launch0$14(LauncherHelper.java:255)
[16:43:49] [@.launch.DefaultLauncher.decompressNatives/INFO] Decompress native libraries to D:\Minecraft\游戏主体\.minecraft\versions\26.2\natives-windows-x86_64\java
[16:43:49] [@.game.LauncherHelper$HMCLProcessListener.setProcess/INFO] Launched process: "C:\\Program Files\\Java\\jdk-25.0.2\\bin\\java.exe" -Xmx10938m -Dfile.encoding=GB18030 -Dstdout.encoding=GB18030 -Dstderr.encoding=GB18030 -Djava.rmi.server.useCodebaseOnly=true -Dcom.sun.jndi.rmi.object.trustURLCodebase=false -Dcom.sun.jndi.cosnaming.object.trustURLCodebase=false -Dlog4j2.formatMsgNoLookups=true -Dlog4j.configurationFile=D:\Minecraft\游戏主体\.minecraft\versions\26.2\log4j2.xml -Dminecraft.client.jar=D:\Minecraft\游戏主体\.minecraft\versions\26.2\26.2.jar -Djava.net.useSystemProxies=true -XX:+UnlockExperimentalVMOptions -XX:+UnlockDiagnosticVMOptions -XX:+UseG1GC -XX:G1MixedGCCountTarget=5 -XX:G1NewSizePercent=20 -XX:G1ReservePercent=20 -XX:MaxGCPauseMillis=50 -XX:G1HeapRegionSize=32m -XX:-OmitStackTraceInFastThrow -XX:-DontCompileHugeMethods -XX:MaxNodeLimit=240000 -XX:NodeLimitFudgeFactor=8000 -XX:TieredCompileTaskTimeout=10000 -XX:ReservedCodeCacheSize=400M -XX:NonNMethodCodeHeapSize=12M -XX:ProfiledCodeHeapSize=194M -XX:NmethodSweepActivity=1 -XX:+UseCompactObjectHeaders --sun-misc-unsafe-memory-access=allow -Dfml.ignoreInvalidMinecraftCertificates=true -Dfml.ignorePatchDiscrepancies=true -XX:HeapDumpPath=MojangTricksIntelDriversForPerformance_javaw.exe_minecraft.exe.heapdump --sun-misc-unsafe-memory-access=allow --enable-native-access=ALL-UNNAMED -Djava.library.path=D:\Minecraft\游戏主体\.minecraft\versions\26.2\natives-windows-x86_64/java -Djna.tmpdir=D:\Minecraft\游戏主体\.minecraft\versions\26.2\natives-windows-x86_64/jna -Dorg.lwjgl.system.SharedLibraryExtractPath=D:\Minecraft\游戏主体\.minecraft\versions\26.2\natives-windows-x86_64/lwjgl -Dio.netty.native.workdir=D:\Minecraft\游戏主体\.minecraft\versions\26.2\natives-windows-x86_64/netty -Dminecraft.launcher.brand=HMCL -Dminecraft.launcher.version=3.17.0.352 -cp D:\Minecraft\游戏主体\.minecraft\libraries\org\ow2\asm\asm\9.10.1\asm-9.10.1.jar;D:\Minecraft\游戏主体\.minecraft\libraries\org\ow2\asm\asm-analysis\9.10.1\asm-analysis-9.10.1.jar;D:\Minecraft\游戏主体\.minecraft\libraries\org\ow2\asm\asm-commons\9.10.1\asm-commons-9.10.1.jar;D:\Minecraft\游戏主体\.minecraft\libraries\org\ow2\asm\asm-tree\9.10.1\asm-tree-9.10.1.jar;D:\Minecraft\游戏主体\.minecraft\libraries\org\ow2\asm\asm-util\9.10.1\asm-util-9.10.1.jar;D:\Minecraft\游戏主体\.minecraft\libraries\net\fabricmc\sponge-mixin\0.17.3+mixin.0.8.7\sponge-mixin-0.17.3+mixin.0.8.7.jar;D:\Minecraft\游戏主体\.minecraft\libraries\net\fabricmc\intermediary\0.0.0\intermediary-0.0.0.jar;D:\Minecraft\游戏主体\.minecraft\libraries\net\fabricmc\fabric-loader\0.19.3\fabric-loader-0.19.3.jar;D:\Minecraft\游戏主体\.minecraft\libraries\at\yawk\lz4\lz4-java\1.10.1\lz4-java-1.10.1.jar;D:\Minecraft\游戏主体\.minecraft\libraries\com\azure\azure-json\1.4.0\azure-json-1.4.0.jar;D:\Minecraft\游戏主体\.minecraft\libraries\com\github\oshi\oshi-core\6.9.0\oshi-core-6.9.0.jar;D:\Minecraft\游戏主体\.minecraft\libraries\com\google\code\gson\gson\2.14.0\gson-2.14.0.jar;D:\Minecraft\游戏主体\.minecraft\libraries\com\google\guava\failureaccess\1.0.3\failureaccess-1.0.3.jar;D:\Minecraft\游戏主体\.minecraft\libraries\com\google\guava\guava\33.6.0-jre\guava-33.6.0-jre.jar;D:\Minecraft\游戏主体\.minecraft\libraries\com\ibm\icu\icu4j\78.3\icu4j-78.3.jar;D:\Minecraft\游戏主体\.minecraft\libraries\com\microsoft\azure\msal4j\1.24.1\msal4j-1.24.1.jar;D:\Minecraft\游戏主体\.minecraft\libraries\com\mojang\authlib\9.0.75\authlib-9.0.75.jar;D:\Minecraft\游戏主体\.minecraft\libraries\com\mojang\blocklist\1.0.10\blocklist-1.0.10.jar;D:\Minecraft\游戏主体\.minecraft\libraries\com\mojang\brigadier\1.3.10\brigadier-1.3.10.jar;D:\Minecraft\游戏主体\.minecraft\libraries\com\mojang\datafixerupper\10.0.21\datafixerupper-10.0.21.jar;D:\Minecraft\游戏主体\.minecraft\libraries\com\mojang\jtracy\1.0.37\jtracy-1.0.37.jar;D:\Minecraft\游戏主体\.minecraft\libraries\com\mojang\jtracy\1.0.37\jtracy-1.0.37-natives-windows.jar;D:\Minecraft\游戏主体\.minecraft\libraries\com\mojang\logging\1.7.12\logging-1.7.12.jar;D:\Minecraft\游戏主体\.minecraft\libraries\com\mojang\patchy\2.2.10\patchy-2.2.10.jar;D:\Minecraft\游戏主体\.minecraft\libraries\com\mojang\text2speech\1.19.12\text2speech-1.19.12.jar;D:\Minecraft\游戏主体\.minecraft\libraries\commons-codec\commons-codec\1.22.0\commons-codec-1.22.0.jar;D:\Minecraft\游戏主体\.minecraft\libraries\commons-io\commons-io\2.20.0\commons-io-2.20.0.jar;D:\Minecraft\游戏主体\.minecraft\libraries\io\netty\netty-buffer\4.2.15.Final\netty-buffer-4.2.15.Final.jar;D:\Minecraft\游戏主体\.minecraft\libraries\io\netty\netty-codec-base\4.2.15.Final\netty-codec-base-4.2.15.Final.jar;D:\Minecraft\游戏主体\.minecraft\libraries\io\netty\netty-codec-compression\4.2.15.Final\netty-codec-compression-4.2.15.Final.jar;D:\Minecraft\游戏主体\.minecraft\libraries\io\netty\netty-codec-http\4.2.15.Final\netty-codec-http-4.2.15.Final.jar;D:\Minecraft\游戏主体\.minecraft\libraries\io\netty\netty-common\4.2.15.Final\netty-common-4.2.15.Final.jar;D:\Minecraft\游戏主体\.minecraft\libraries\io\netty\netty-handler\4.2.15.Final\netty-handler-4.2.15.Final.jar;D:\Minecraft\游戏主体\.minecraft\libraries\io\netty\netty-resolver\4.2.15.Final\netty-resolver-4.2.15.Final.jar;D:\Minecraft\游戏主体\.minecraft\libraries\io\netty\netty-transport-classes-epoll\4.2.15.Final\netty-transport-classes-epoll-4.2.15.Final.jar;D:\Minecraft\游戏主体\.minecraft\libraries\io\netty\netty-transport-classes-kqueue\4.2.15.Final\netty-transport-classes-kqueue-4.2.15.Final.jar;D:\Minecraft\游戏主体\.minecraft\libraries\io\netty\netty-transport-native-unix-common\4.2.15.Final\netty-transport-native-unix-common-4.2.15.Final.jar;D:\Minecraft\游戏主体\.minecraft\libraries\io\netty\netty-transport\4.2.15.Final\netty-transport-4.2.15.Final.jar;D:\Minecraft\游戏主体\.minecraft\libraries\it\unimi\dsi\fastutil\8.5.18\fastutil-8.5.18.jar;D:\Minecraft\游戏主体\.minecraft\libraries\net\java\dev\jna\jna-platform\5.17.0\jna-platform-5.17.0.jar;D:\Minecraft\游戏主体\.minecraft\libraries\net\java\dev\jna\jna\5.17.0\jna-5.17.0.jar;D:\Minecraft\游戏主体\.minecraft\libraries\net\sf\jopt-simple\jopt-simple\5.0.4\jopt-simple-5.0.4.jar;D:\Minecraft\游戏主体\.minecraft\libraries\org\apache\commons\commons-compress\1.28.0\commons-compress-1.28.0.jar;D:\Minecraft\游戏主体\.minecraft\libraries\org\apache\commons\commons-lang3\3.20.0\commons-lang3-3.20.0.jar;D:\Minecraft\游戏主体\.minecraft\libraries\org\apache\logging\log4j\log4j-api\2.26.0\log4j-api-2.26.0.jar;D:\Minecraft\游戏主体\.minecraft\libraries\org\apache\logging\log4j\log4j-core\2.26.0\log4j-core-2.26.0.jar;D:\Minecraft\游戏主体\.minecraft\libraries\org\apache\logging\log4j\log4j-slf4j2-impl\2.26.0\log4j-slf4j2-impl-2.26.0.jar;D:\Minecraft\游戏主体\.minecraft\libraries\org\jcraft\jorbis\0.0.17\jorbis-0.0.17.jar;D:\Minecraft\游戏主体\.minecraft\libraries\org\joml\joml\1.10.8\joml-1.10.8.jar;D:\Minecraft\游戏主体\.minecraft\libraries\org\jspecify\jspecify\1.0.0\jspecify-1.0.0.jar;D:\Minecraft\游戏主体\.minecraft\libraries\org\lwjgl\lwjgl-freetype\3.4.1\lwjgl-freetype-3.4.1.jar;D:\Minecraft\游戏主体\.minecraft\libraries\org\lwjgl\lwjgl-freetype\3.4.1\lwjgl-freetype-3.4.1-natives-windows.jar;D:\Minecraft\游戏主体\.minecraft\libraries\org\lwjgl\lwjgl-freetype\3.4.1\lwjgl-freetype-3.4.1-natives-windows-arm64.jar;D:\Minecraft\游戏主体\.minecraft\libraries\org\lwjgl\lwjgl-freetype\3.4.1\lwjgl-freetype-3.4.1-natives-windows-x86.jar;D:\Minecraft\游戏主体\.minecraft\libraries\org\lwjgl\lwjgl-glfw\3.4.1\lwjgl-glfw-3.4.1.jar;D:\Minecraft\游戏主体\.minecraft\libraries\org\lwjgl\lwjgl-glfw\3.4.1\lwjgl-glfw-3.4.1-natives-windows.jar;D:\Minecraft\游戏主体\.minecraft\libraries\org\lwjgl\lwjgl-glfw\3.4.1\lwjgl-glfw-3.4.1-natives-windows-arm64.jar;D:\Minecraft\游戏主体\.minecraft\libraries\org\lwjgl\lwjgl-glfw\3.4.1\lwjgl-glfw-3.4.1-natives-windows-x86.jar;D:\Minecraft\游戏主体\.minecraft\libraries\org\lwjgl\lwjgl-jemalloc\3.4.1\lwjgl-jemalloc-3.4.1.jar;D:\Minecraft\游戏主体\.minecraft\libraries\org\lwjgl\lwjgl-jemalloc\3.4.1\lwjgl-jemalloc-3.4.1-natives-windows.jar;D:\Minecraft\游戏主体\.minecraft\libraries\org\lwjgl\lwjgl-jemalloc\3.4.1\lwjgl-jemalloc-3.4.1-natives-windows-arm64.jar;D:\Minecraft\游戏主体\.minecraft\libraries\org\lwjgl\lwjgl-jemalloc\3.4.1\lwjgl-jemalloc-3.4.1-natives-windows-x86.jar;D:\Minecraft\游戏主体\.minecraft\libraries\org\lwjgl\lwjgl-openal\3.4.1\lwjgl-openal-3.4.1.jar;D:\Minecraft\游戏主体\.minecraft\libraries\org\lwjgl\lwjgl-openal\3.4.1\lwjgl-openal-3.4.1-natives-windows.jar;D:\Minecraft\游戏主体\.minecraft\libraries\org\lwjgl\lwjgl-openal\3.4.1\lwjgl-openal-3.4.1-natives-windows-arm64.jar;D:\Minecraft\游戏主体\.minecraft\libraries\org\lwjgl\lwjgl-openal\3.4.1\lwjgl-openal-3.4.1-natives-windows-x86.jar;D:\Minecraft\游戏主体\.minecraft\libraries\org\lwjgl\lwjgl-opengl\3.4.1\lwjgl-opengl-3.4.1.jar;D:\Minecraft\游戏主体\.minecraft\libraries\org\lwjgl\lwjgl-opengl\3.4.1\lwjgl-opengl-3.4.1-natives-windows.jar;D:\Minecraft\游戏主体\.minecraft\libraries\org\lwjgl\lwjgl-opengl\3.4.1\lwjgl-opengl-3.4.1-natives-windows-arm64.jar;D:\Minecraft\游戏主体\.minecraft\libraries\org\lwjgl\lwjgl-opengl\3.4.1\lwjgl-opengl-3.4.1-natives-windows-x86.jar;D:\Minecraft\游戏主体\.minecraft\libraries\org\lwjgl\lwjgl-shaderc\3.4.1\lwjgl-shaderc-3.4.1.jar;D:\Minecraft\游戏主体\.minecraft\libraries\org\lwjgl\lwjgl-shaderc\3.4.1\lwjgl-shaderc-3.4.1-natives-windows.jar;D:\Minecraft\游戏主体\.minecraft\libraries\org\lwjgl\lwjgl-shaderc\3.4.1\lwjgl-shaderc-3.4.1-natives-windows-arm64.jar;D:\Minecraft\游戏主体\.minecraft\libraries\org\lwjgl\lwjgl-shaderc\3.4.1\lwjgl-shaderc-3.4.1-natives-windows-x86.jar;D:\Minecraft\游戏主体\.minecraft\libraries\org\lwjgl\lwjgl-spvc\3.4.1\lwjgl-spvc-3.4.1.jar;D:\Minecraft\游戏主体\.minecraft\libraries\org\lwjgl\lwjgl-spvc\3.4.1\lwjgl-spvc-3.4.1-natives-windows.jar;D:\Minecraft\游戏主体\.minecraft\libraries\org\lwjgl\lwjgl-spvc\3.4.1\lwjgl-spvc-3.4.1-natives-windows-arm64.jar;D:\Minecraft\游戏主体\.minecraft\libraries\org\lwjgl\lwjgl-spvc\3.4.1\lwjgl-spvc-3.4.1-natives-windows-x86.jar;D:\Minecraft\游戏主体\.minecraft\libraries\org\lwjgl\lwjgl-stb\3.4.1\lwjgl-stb-3.4.1.jar;D:\Minecraft\游戏主体\.minecraft\libraries\org\lwjgl\lwjgl-stb\3.4.1\lwjgl-stb-3.4.1-natives-windows.jar;D:\Minecraft\游戏主体\.minecraft\libraries\org\lwjgl\lwjgl-stb\3.4.1\lwjgl-stb-3.4.1-natives-windows-arm64.jar;D:\Minecraft\游戏主体\.minecraft\libraries\org\lwjgl\lwjgl-stb\3.4.1\lwjgl-stb-3.4.1-natives-windows-x86.jar;D:\Minecraft\游戏主体\.minecraft\libraries\org\lwjgl\lwjgl-tinyfd\3.4.1\lwjgl-tinyfd-3.4.1.jar;D:\Minecraft\游戏主体\.minecraft\libraries\org\lwjgl\lwjgl-tinyfd\3.4.1\lwjgl-tinyfd-3.4.1-natives-windows.jar;D:\Minecraft\游戏主体\.minecraft\libraries\org\lwjgl\lwjgl-tinyfd\3.4.1\lwjgl-tinyfd-3.4.1-natives-windows-arm64.jar;D:\Minecraft\游戏主体\.minecraft\libraries\org\lwjgl\lwjgl-tinyfd\3.4.1\lwjgl-tinyfd-3.4.1-natives-windows-x86.jar;D:\Minecraft\游戏主体\.minecraft\libraries\org\lwjgl\lwjgl-vma\3.4.1\lwjgl-vma-3.4.1.jar;D:\Minecraft\游戏主体\.minecraft\libraries\org\lwjgl\lwjgl-vma\3.4.1\lwjgl-vma-3.4.1-natives-windows.jar;D:\Minecraft\游戏主体\.minecraft\libraries\org\lwjgl\lwjgl-vma\3.4.1\lwjgl-vma-3.4.1-natives-windows-arm64.jar;D:\Minecraft\游戏主体\.minecraft\libraries\org\lwjgl\lwjgl-vma\3.4.1\lwjgl-vma-3.4.1-natives-windows-x86.jar;D:\Minecraft\游戏主体\.minecraft\libraries\org\lwjgl\lwjgl-vulkan\3.4.1\lwjgl-vulkan-3.4.1.jar;D:\Minecraft\游戏主体\.minecraft\libraries\org\lwjgl\lwjgl\3.4.1\lwjgl-3.4.1-natives-windows.jar;D:\Minecraft\游戏主体\.minecraft\libraries\org\lwjgl\lwjgl\3.4.1\lwjgl-3.4.1-natives-windows-arm64.jar;D:\Minecraft\游戏主体\.minecraft\libraries\org\lwjgl\lwjgl\3.4.1\lwjgl-3.4.1-natives-windows-x86.jar;D:\Minecraft\游戏主体\.minecraft\libraries\org\lwjgl\lwjgl\3.4.1\lwjgl-3.4.1-unsafe.jar;D:\Minecraft\游戏主体\.minecraft\libraries\org\slf4j\slf4j-api\2.0.17\slf4j-api-2.0.17.jar;D:\Minecraft\游戏主体\.minecraft\versions\26.2\26.2.jar net.fabricmc.loader.impl.launch.knot.KnotClient --username Ryan_yu__ --version 26.2 --gameDir D:\Minecraft\游戏主体\.minecraft --assetsDir D:\Minecraft\游戏主体\.minecraft\assets --assetIndex 32 --uuid d006ba704ddc4b37b13c76f190815116 --accessToken <access token> --clientId ${clientid} --xuid ${auth_xuid} --versionType "HMCL 3.17.0.352" --width 1920 --height 1080
[16:43:49] [@.task.AsyncTaskExecutor.lambda$executeNormalTask$29/TRACE] Task finished: org.jackhuang.hmcl.game.LauncherHelper.lambda$launch0$14(LauncherHelper.java:255)
[16:43:49] [@.task.AsyncTaskExecutor.lambda$executeNormalTask$29/TRACE] Task finished: org.jackhuang.hmcl.game.LauncherHelper$$Lambda/0x000000002c54e790@499780f4
[16:43:49] [@.task.AsyncTaskExecutor.lambda$executeNormalTask$29/TRACE] Task finished: org.jackhuang.hmcl.game.LauncherHelper.lambda$launch0$19(LauncherHelper.java:262)
[16:44:15] [@.task.AsyncTaskExecutor.lambda$executeNormalTask$29/TRACE] Task finished: 请耐心等待
[16:44:15] [@.task.AsyncTaskExecutor.lambda$executeNormalTask$29/TRACE] Task finished: org.jackhuang.hmcl.task.Task$StageTask
[16:44:15] [@.task.AsyncTaskExecutor.lambda$executeNormalTask$29/TRACE] Task finished: org.jackhuang.hmcl.game.LauncherHelper$$Lambda/0x000000002c50f0c8@699be0ef
[16:44:15] [@.task.AsyncTaskExecutor.lambda$executeNormalTask$29/TRACE] Task finished: org.jackhuang.hmcl.task.Task$StagesHintTask
[16:44:16] [@.ui.construct.JFXDialogPane.pop/INFO] JFXDialogPane@3e7bcd31 [], removed: true, object: TaskExecutorDialogPane@18e32177[styleClass=task-executor-dialog-layout]
[16:44:21] [@.event.EventBus.fireEvent/INFO] ProcessExitedAbnormallyEvent [source=org.jackhuang.hmcl.launch.ExitWaiter@348b5e97, process=ManagedProcess[commands=[C:\Program Files\Java\jdk-25.0.2\bin\java.exe, -Xmx10938m, -Dfile.encoding=GB18030, -Dstdout.encoding=GB18030, -Dstderr.encoding=GB18030, -Djava.rmi.server.useCodebaseOnly=true, -Dcom.sun.jndi.rmi.object.trustURLCodebase=false, -Dcom.sun.jndi.cosnaming.object.trustURLCodebase=false, -Dlog4j2.formatMsgNoLookups=true, -Dlog4j.configurationFile=D:\Minecraft\游戏主体\.minecraft\versions\26.2\log4j2.xml, -Dminecraft.client.jar=D:\Minecraft\游戏主体\.minecraft\versions\26.2\26.2.jar, -Djava.net.useSystemProxies=true, -XX:+UnlockExperimentalVMOptions, -XX:+UnlockDiagnosticVMOptions, -XX:+UseG1GC, -XX:G1MixedGCCountTarget=5, -XX:G1NewSizePercent=20, -XX:G1ReservePercent=20, -XX:MaxGCPauseMillis=50, -XX:G1HeapRegionSize=32m, -XX:-OmitStackTraceInFastThrow, -XX:-DontCompileHugeMethods, -XX:MaxNodeLimit=240000, -XX:NodeLimitFudgeFactor=8000, -XX:TieredCompileTaskTimeout=10000, -XX:ReservedCodeCacheSize=400M, -XX:NonNMethodCodeHeapSize=12M, -XX:ProfiledCodeHeapSize=194M, -XX:NmethodSweepActivity=1, -XX:+UseCompactObjectHeaders, --sun-misc-unsafe-memory-access=allow, -Dfml.ignoreInvalidMinecraftCertificates=true, -Dfml.ignorePatchDiscrepancies=true, -XX:HeapDumpPath=MojangTricksIntelDriversForPerformance_javaw.exe_minecraft.exe.heapdump, --sun-misc-unsafe-memory-access=allow, --enable-native-access=ALL-UNNAMED, -Djava.library.path=D:\Minecraft\游戏主体\.minecraft\versions\26.2\natives-windows-x86_64/java, -Djna.tmpdir=D:\Minecraft\游戏主体\.minecraft\versions\26.2\natives-windows-x86_64/jna, -Dorg.lwjgl.system.SharedLibraryExtractPath=D:\Minecraft\游戏主体\.minecraft\versions\26.2\natives-windows-x86_64/lwjgl, -Dio.netty.native.workdir=D:\Minecraft\游戏主体\.minecraft\versions\26.2\natives-windows-x86_64/netty, -Dminecraft.launcher.brand=HMCL, -Dminecraft.launcher.version=3.17.0.352, -cp, D:\Minecraft\游戏主体\.minecraft\libraries\org\ow2\asm\asm\9.10.1\asm-9.10.1.jar;D:\Minecraft\游戏主体\.minecraft\libraries\org\ow2\asm\asm-analysis\9.10.1\asm-analysis-9.10.1.jar;D:\Minecraft\游戏主体\.minecraft\libraries\org\ow2\asm\asm-commons\9.10.1\asm-commons-9.10.1.jar;D:\Minecraft\游戏主体\.minecraft\libraries\org\ow2\asm\asm-tree\9.10.1\asm-tree-9.10.1.jar;D:\Minecraft\游戏主体\.minecraft\libraries\org\ow2\asm\asm-util\9.10.1\asm-util-9.10.1.jar;D:\Minecraft\游戏主体\.minecraft\libraries\net\fabricmc\sponge-mixin\0.17.3+mixin.0.8.7\sponge-mixin-0.17.3+mixin.0.8.7.jar;D:\Minecraft\游戏主体\.minecraft\libraries\net\fabricmc\intermediary\0.0.0\intermediary-0.0.0.jar;D:\Minecraft\游戏主体\.minecraft\libraries\net\fabricmc\fabric-loader\0.19.3\fabric-loader-0.19.3.jar;D:\Minecraft\游戏主体\.minecraft\libraries\at\yawk\lz4\lz4-java\1.10.1\lz4-java-1.10.1.jar;D:\Minecraft\游戏主体\.minecraft\libraries\com\azure\azure-json\1.4.0\azure-json-1.4.0.jar;D:\Minecraft\游戏主体\.minecraft\libraries\com\github\oshi\oshi-core\6.9.0\oshi-core-6.9.0.jar;D:\Minecraft\游戏主体\.minecraft\libraries\com\google\code\gson\gson\2.14.0\gson-2.14.0.jar;D:\Minecraft\游戏主体\.minecraft\libraries\com\google\guava\failureaccess\1.0.3\failureaccess-1.0.3.jar;D:\Minecraft\游戏主体\.minecraft\libraries\com\google\guava\guava\33.6.0-jre\guava-33.6.0-jre.jar;D:\Minecraft\游戏主体\.minecraft\libraries\com\ibm\icu\icu4j\78.3\icu4j-78.3.jar;D:\Minecraft\游戏主体\.minecraft\libraries\com\microsoft\azure\msal4j\1.24.1\msal4j-1.24.1.jar;D:\Minecraft\游戏主体\.minecraft\libraries\com\mojang\authlib\9.0.75\authlib-9.0.75.jar;D:\Minecraft\游戏主体\.minecraft\libraries\com\mojang\blocklist\1.0.10\blocklist-1.0.10.jar;D:\Minecraft\游戏主体\.minecraft\libraries\com\mojang\brigadier\1.3.10\brigadier-1.3.10.jar;D:\Minecraft\游戏主体\.minecraft\libraries\com\mojang\datafixerupper\10.0.21\datafixerupper-10.0.21.jar;D:\Minecraft\游戏主体\.minecraft\libraries\com\mojang\jtracy\1.0.37\jtracy-1.0.37.jar;D:\Minecraft\游戏主体\.minecraft\libraries\com\mojang\jtracy\1.0.37\jtracy-1.0.37-natives-windows.jar;D:\Minecraft\游戏主体\.minecraft\libraries\com\mojang\logging\1.7.12\logging-1.7.12.jar;D:\Minecraft\游戏主体\.minecraft\libraries\com\mojang\patchy\2.2.10\patchy-2.2.10.jar;D:\Minecraft\游戏主体\.minecraft\libraries\com\mojang\text2speech\1.19.12\text2speech-1.19.12.jar;D:\Minecraft\游戏主体\.minecraft\libraries\commons-codec\commons-codec\1.22.0\commons-codec-1.22.0.jar;D:\Minecraft\游戏主体\.minecraft\libraries\commons-io\commons-io\2.20.0\commons-io-2.20.0.jar;D:\Minecraft\游戏主体\.minecraft\libraries\io\netty\netty-buffer\4.2.15.Final\netty-buffer-4.2.15.Final.jar;D:\Minecraft\游戏主体\.minecraft\libraries\io\netty\netty-codec-base\4.2.15.Final\netty-codec-base-4.2.15.Final.jar;D:\Minecraft\游戏主体\.minecraft\libraries\io\netty\netty-codec-compression\4.2.15.Final\netty-codec-compression-4.2.15.Final.jar;D:\Minecraft\游戏主体\.minecraft\libraries\io\netty\netty-codec-http\4.2.15.Final\netty-codec-http-4.2.15.Final.jar;D:\Minecraft\游戏主体\.minecraft\libraries\io\netty\netty-common\4.2.15.Final\netty-common-4.2.15.Final.jar;D:\Minecraft\游戏主体\.minecraft\libraries\io\netty\netty-handler\4.2.15.Final\netty-handler-4.2.15.Final.jar;D:\Minecraft\游戏主体\.minecraft\libraries\io\netty\netty-resolver\4.2.15.Final\netty-resolver-4.2.15.Final.jar;D:\Minecraft\游戏主体\.minecraft\libraries\io\netty\netty-transport-classes-epoll\4.2.15.Final\netty-transport-classes-epoll-4.2.15.Final.jar;D:\Minecraft\游戏主体\.minecraft\libraries\io\netty\netty-transport-classes-kqueue\4.2.15.Final\netty-transport-classes-kqueue-4.2.15.Final.jar;D:\Minecraft\游戏主体\.minecraft\libraries\io\netty\netty-transport-native-unix-common\4.2.15.Final\netty-transport-native-unix-common-4.2.15.Final.jar;D:\Minecraft\游戏主体\.minecraft\libraries\io\netty\netty-transport\4.2.15.Final\netty-transport-4.2.15.Final.jar;D:\Minecraft\游戏主体\.minecraft\libraries\it\unimi\dsi\fastutil\8.5.18\fastutil-8.5.18.jar;D:\Minecraft\游戏主体\.minecraft\libraries\net\java\dev\jna\jna-platform\5.17.0\jna-platform-5.17.0.jar;D:\Minecraft\游戏主体\.minecraft\libraries\net\java\dev\jna\jna\5.17.0\jna-5.17.0.jar;D:\Minecraft\游戏主体\.minecraft\libraries\net\sf\jopt-simple\jopt-simple\5.0.4\jopt-simple-5.0.4.jar;D:\Minecraft\游戏主体\.minecraft\libraries\org\apache\commons\commons-compress\1.28.0\commons-compress-1.28.0.jar;D:\Minecraft\游戏主体\.minecraft\libraries\org\apache\commons\commons-lang3\3.20.0\commons-lang3-3.20.0.jar;D:\Minecraft\游戏主体\.minecraft\libraries\org\apache\logging\log4j\log4j-api\2.26.0\log4j-api-2.26.0.jar;D:\Minecraft\游戏主体\.minecraft\libraries\org\apache\logging\log4j\log4j-core\2.26.0\log4j-core-2.26.0.jar;D:\Minecraft\游戏主体\.minecraft\libraries\org\apache\logging\log4j\log4j-slf4j2-impl\2.26.0\log4j-slf4j2-impl-2.26.0.jar;D:\Minecraft\游戏主体\.minecraft\libraries\org\jcraft\jorbis\0.0.17\jorbis-0.0.17.jar;D:\Minecraft\游戏主体\.minecraft\libraries\org\joml\joml\1.10.8\joml-1.10.8.jar;D:\Minecraft\游戏主体\.minecraft\libraries\org\jspecify\jspecify\1.0.0\jspecify-1.0.0.jar;D:\Minecraft\游戏主体\.minecraft\libraries\org\lwjgl\lwjgl-freetype\3.4.1\lwjgl-freetype-3.4.1.jar;D:\Minecraft\游戏主体\.minecraft\libraries\org\lwjgl\lwjgl-freetype\3.4.1\lwjgl-freetype-3.4.1-natives-windows.jar;D:\Minecraft\游戏主体\.minecraft\libraries\org\lwjgl\lwjgl-freetype\3.4.1\lwjgl-freetype-3.4.1-natives-windows-arm64.jar;D:\Minecraft\游戏主体\.minecraft\libraries\org\lwjgl\lwjgl-freetype\3.4.1\lwjgl-freetype-3.4.1-natives-windows-x86.jar;D:\Minecraft\游戏主体\.minecraft\libraries\org\lwjgl\lwjgl-glfw\3.4.1\lwjgl-glfw-3.4.1.jar;D:\Minecraft\游戏主体\.minecraft\libraries\org\lwjgl\lwjgl-glfw\3.4.1\lwjgl-glfw-3.4.1-natives-windows.jar;D:\Minecraft\游戏主体\.minecraft\libraries\org\lwjgl\lwjgl-glfw\3.4.1\lwjgl-glfw-3.4.1-natives-windows-arm64.jar;D:\Minecraft\游戏主体\.minecraft\libraries\org\lwjgl\lwjgl-glfw\3.4.1\lwjgl-glfw-3.4.1-natives-windows-x86.jar;D:\Minecraft\游戏主体\.minecraft\libraries\org\lwjgl\lwjgl-jemalloc\3.4.1\lwjgl-jemalloc-3.4.1.jar;D:\Minecraft\游戏主体\.minecraft\libraries\org\lwjgl\lwjgl-jemalloc\3.4.1\lwjgl-jemalloc-3.4.1-natives-windows.jar;D:\Minecraft\游戏主体\.minecraft\libraries\org\lwjgl\lwjgl-jemalloc\3.4.1\lwjgl-jemalloc-3.4.1-natives-windows-arm64.jar;D:\Minecraft\游戏主体\.minecraft\libraries\org\lwjgl\lwjgl-jemalloc\3.4.1\lwjgl-jemalloc-3.4.1-natives-windows-x86.jar;D:\Minecraft\游戏主体\.minecraft\libraries\org\lwjgl\lwjgl-openal\3.4.1\lwjgl-openal-3.4.1.jar;D:\Minecraft\游戏主体\.minecraft\libraries\org\lwjgl\lwjgl-openal\3.4.1\lwjgl-openal-3.4.1-natives-windows.jar;D:\Minecraft\游戏主体\.minecraft\libraries\org\lwjgl\lwjgl-openal\3.4.1\lwjgl-openal-3.4.1-natives-windows-arm64.jar;D:\Minecraft\游戏主体\.minecraft\libraries\org\lwjgl\lwjgl-openal\3.4.1\lwjgl-openal-3.4.1-natives-windows-x86.jar;D:\Minecraft\游戏主体\.minecraft\libraries\org\lwjgl\lwjgl-opengl\3.4.1\lwjgl-opengl-3.4.1.jar;D:\Minecraft\游戏主体\.minecraft\libraries\org\lwjgl\lwjgl-opengl\3.4.1\lwjgl-opengl-3.4.1-natives-windows.jar;D:\Minecraft\游戏主体\.minecraft\libraries\org\lwjgl\lwjgl-opengl\3.4.1\lwjgl-opengl-3.4.1-natives-windows-arm64.jar;D:\Minecraft\游戏主体\.minecraft\libraries\org\lwjgl\lwjgl-opengl\3.4.1\lwjgl-opengl-3.4.1-natives-windows-x86.jar;D:\Minecraft\游戏主体\.minecraft\libraries\org\lwjgl\lwjgl-shaderc\3.4.1\lwjgl-shaderc-3.4.1.jar;D:\Minecraft\游戏主体\.minecraft\libraries\org\lwjgl\lwjgl-shaderc\3.4.1\lwjgl-shaderc-3.4.1-natives-windows.jar;D:\Minecraft\游戏主体\.minecraft\libraries\org\lwjgl\lwjgl-shaderc\3.4.1\lwjgl-shaderc-3.4.1-natives-windows-arm64.jar;D:\Minecraft\游戏主体\.minecraft\libraries\org\lwjgl\lwjgl-shaderc\3.4.1\lwjgl-shaderc-3.4.1-natives-windows-x86.jar;D:\Minecraft\游戏主体\.minecraft\libraries\org\lwjgl\lwjgl-spvc\3.4.1\lwjgl-spvc-3.4.1.jar;D:\Minecraft\游戏主体\.minecraft\libraries\org\lwjgl\lwjgl-spvc\3.4.1\lwjgl-spvc-3.4.1-natives-windows.jar;D:\Minecraft\游戏主体\.minecraft\libraries\org\lwjgl\lwjgl-spvc\3.4.1\lwjgl-spvc-3.4.1-natives-windows-arm64.jar;D:\Minecraft\游戏主体\.minecraft\libraries\org\lwjgl\lwjgl-spvc\3.4.1\lwjgl-spvc-3.4.1-natives-windows-x86.jar;D:\Minecraft\游戏主体\.minecraft\libraries\org\lwjgl\lwjgl-stb\3.4.1\lwjgl-stb-3.4.1.jar;D:\Minecraft\游戏主体\.minecraft\libraries\org\lwjgl\lwjgl-stb\3.4.1\lwjgl-stb-3.4.1-natives-windows.jar;D:\Minecraft\游戏主体\.minecraft\libraries\org\lwjgl\lwjgl-stb\3.4.1\lwjgl-stb-3.4.1-natives-windows-arm64.jar;D:\Minecraft\游戏主体\.minecraft\libraries\org\lwjgl\lwjgl-stb\3.4.1\lwjgl-stb-3.4.1-natives-windows-x86.jar;D:\Minecraft\游戏主体\.minecraft\libraries\org\lwjgl\lwjgl-tinyfd\3.4.1\lwjgl-tinyfd-3.4.1.jar;D:\Minecraft\游戏主体\.minecraft\libraries\org\lwjgl\lwjgl-tinyfd\3.4.1\lwjgl-tinyfd-3.4.1-natives-windows.jar;D:\Minecraft\游戏主体\.minecraft\libraries\org\lwjgl\lwjgl-tinyfd\3.4.1\lwjgl-tinyfd-3.4.1-natives-windows-arm64.jar;D:\Minecraft\游戏主体\.minecraft\libraries\org\lwjgl\lwjgl-tinyfd\3.4.1\lwjgl-tinyfd-3.4.1-natives-windows-x86.jar;D:\Minecraft\游戏主体\.minecraft\libraries\org\lwjgl\lwjgl-vma\3.4.1\lwjgl-vma-3.4.1.jar;D:\Minecraft\游戏主体\.minecraft\libraries\org\lwjgl\lwjgl-vma\3.4.1\lwjgl-vma-3.4.1-natives-windows.jar;D:\Minecraft\游戏主体\.minecraft\libraries\org\lwjgl\lwjgl-vma\3.4.1\lwjgl-vma-3.4.1-natives-windows-arm64.jar;D:\Minecraft\游戏主体\.minecraft\libraries\org\lwjgl\lwjgl-vma\3.4.1\lwjgl-vma-3.4.1-natives-windows-x86.jar;D:\Minecraft\游戏主体\.minecraft\libraries\org\lwjgl\lwjgl-vulkan\3.4.1\lwjgl-vulkan-3.4.1.jar;D:\Minecraft\游戏主体\.minecraft\libraries\org\lwjgl\lwjgl\3.4.1\lwjgl-3.4.1-natives-windows.jar;D:\Minecraft\游戏主体\.minecraft\libraries\org\lwjgl\lwjgl\3.4.1\lwjgl-3.4.1-natives-windows-arm64.jar;D:\Minecraft\游戏主体\.minecraft\libraries\org\lwjgl\lwjgl\3.4.1\lwjgl-3.4.1-natives-windows-x86.jar;D:\Minecraft\游戏主体\.minecraft\libraries\org\lwjgl\lwjgl\3.4.1\lwjgl-3.4.1-unsafe.jar;D:\Minecraft\游戏主体\.minecraft\libraries\org\slf4j\slf4j-api\2.0.17\slf4j-api-2.0.17.jar;D:\Minecraft\游戏主体\.minecraft\versions\26.2\26.2.jar, net.fabricmc.loader.impl.launch.knot.KnotClient, --username, Ryan_yu__, --version, 26.2, --gameDir, D:\Minecraft\游戏主体\.minecraft, --assetsDir, D:\Minecraft\游戏主体\.minecraft\assets, --assetIndex, 32, --uuid, d006ba704ddc4b37b13c76f190815116, --accessToken, <access token>, --clientId, ${clientid}, --xuid, ${auth_xuid}, --versionType, HMCL 3.17.0.352, --width, 1920, --height, 1080], isRunning=false]] gets fired
[16:44:21] [@.event.EventBus.fireEvent/INFO] ProcessStoppedEvent [source=org.jackhuang.hmcl.launch.ExitWaiter@348b5e97] gets fired
[16:44:21] [@.task.AsyncTaskExecutor.lambda$executeNormalTask$19/TRACE] Executing task: org.jackhuang.hmcl.ui.GameCrashWindow.analyzeCrashReport(GameCrashWindow.java:159)
[16:44:21] [@.task.AsyncTaskExecutor.lambda$executeNormalTask$19/TRACE] Executing task: org.jackhuang.hmcl.ui.GameCrashWindow.analyzeCrashReport(GameCrashWindow.java:129)
[16:44:21] [@.task.AsyncTaskExecutor.lambda$executeNormalTask$19/TRACE] Executing task: org.jackhuang.hmcl.ui.GameCrashWindow.analyzeCrashReport(GameCrashWindow.java:144)
[16:44:21] [@.task.AsyncTaskExecutor.lambda$executeNormalTask$29/TRACE] Task finished: org.jackhuang.hmcl.ui.GameCrashWindow.analyzeCrashReport(GameCrashWindow.java:144)
[16:44:21] [@.task.AsyncTaskExecutor.lambda$executeNormalTask$29/TRACE] Task finished: org.jackhuang.hmcl.ui.GameCrashWindow.analyzeCrashReport(GameCrashWindow.java:129)
[16:44:21] [@.ui.GameCrashWindow.lambda$analyzeCrashReport$4/INFO] Number of reasons: 2
[16:44:21] [@.ui.GameCrashWindow.lambda$analyzeCrashReport$4/INFO] Crash cause: MODMIXIN_FAILURE: 当前游戏由于某些模组注入失败，无法继续运行。
这一般代表着该模组存在问题，或与当前环境不兼容。
你可以查看日志寻找出错模组。
[16:44:21] [@.ui.GameCrashWindow.lambda$analyzeCrashReport$4/INFO] Crash cause: MIXIN_APPLY_MOD_FAILED: 当前游戏由于 Mixin 无法应用于“mcwws_axiom_survival_client”模组，无法继续运行。
你可以尝试删除或更新该模组以解决问题。
[16:44:21] [@.task.AsyncTaskExecutor.lambda$executeNormalTask$29/TRACE] Task finished: org.jackhuang.hmcl.ui.GameCrashWindow.analyzeCrashReport(GameCrashWindow.java:159)
[16:44:33] [@.game.LogExporter.processLogs/WARNING] Failed to find any log on liteconfig
java.nio.file.NoSuchFileException: .minecraft\liteconfig
	at java.base/sun.nio.fs.WindowsException.translateToIOException(WindowsException.java:85)
	at java.base/sun.nio.fs.WindowsException.rethrowAsIOException(WindowsException.java:103)
	at java.base/sun.nio.fs.WindowsException.rethrowAsIOException(WindowsException.java:108)
	at java.base/sun.nio.fs.WindowsDirectoryStream.<init>(WindowsDirectoryStream.java:86)
	at java.base/sun.nio.fs.WindowsFileSystemProvider.newDirectoryStream(WindowsFileSystemProvider.java:516)
	at java.base/java.nio.file.Files.newDirectoryStream(Files.java:509)
	at org.jackhuang.hmcl.game.LogExporter.processLogs(LogExporter.java:90)
	at org.jackhuang.hmcl.game.LogExporter.lambda$exportLogs$0(LogExporter.java:68)
	at java.base/java.util.concurrent.CompletableFuture$AsyncRun.run(CompletableFuture.java:1825)
	at java.base/java.util.concurrent.CompletableFuture$AsyncRun.exec(CompletableFuture.java:1817)
	at java.base/java.util.concurrent.ForkJoinTask.doExec(ForkJoinTask.java:511)
	at java.base/java.util.concurrent.ForkJoinPool$WorkQueue.topLevelExec(ForkJoinPool.java:1450)
	at java.base/java.util.concurrent.ForkJoinPool.runWorker(ForkJoinPool.java:2019)
	at java.base/java.util.concurrent.ForkJoinWorkerThread.run(ForkJoinWorkerThread.java:187)
